time,Router_5_load
0.0,0
0.1,0
0.2,0
0.30000000000000004,0
0.4,0
0.5,0
0.6,0
0.7,0
0.7999999999999999,0
0.8999999999999999,0
0.9999999999999999,0
1.0999999999999999,0
1.2,0
1.3,0
1.4000000000000001,0
1.4001000000000001,1
1.5000000000000002,1
1.5000000000000002,0
1.5000000000000002,0
1.6300300000000003,1
1.6300300000000003,1
1.6300300000000003,0
1.6300300000000003,0
1.6415300000000004,0
1.7415300000000005,0
1.8302750000000005,0
1.8403050000000005,1
1.8403350000000005,2
1.8415300000000006,2
1.8415300000000006,1
1.8415300000000006,1
1.8530300000000006,1
1.8530300000000006,0
1.8530300000000006,0
1.8645300000000007,0
1.9645300000000008,0
2.040350000000001,0
2.050380000000001,1
2.050410000000001,2
2.050425000000001,2
2.060455000000001,3
2.0604850000000012,4
2.064530000000001,4
2.064530000000001,3
2.064530000000001,3
2.0760300000000007,3
2.0760300000000007,2
2.0760300000000007,2
2.0875300000000006,2
2.0875300000000006,1
2.0875300000000006,1
2.0990300000000004,1
2.0990300000000004,0
2.0990300000000004,0
2.1105300000000002,0
2.2105300000000003,0
2.2605000000000013,0
2.2705300000000013,1
2.2705600000000015,2
2.2705750000000013,2
2.2806050000000013,3
2.2806350000000015,4
2.2806500000000014,4
2.2906800000000014,5
2.2907100000000016,6
2.2907250000000015,6
2.3007550000000014,7
2.3007850000000016,8
2.3105300000000004,8
2.3105300000000004,7
2.3105300000000004,7
2.3220300000000003,7
2.3220300000000003,6
2.3220300000000003,6
2.33353,6
2.33353,5
2.33353,5
2.34503,5
2.34503,4
2.34503,4
2.35653,4
2.35653,3
2.35653,3
2.3680299999999996,3
2.3680299999999996,2
2.3680299999999996,2
2.3795299999999995,2
2.3795299999999995,1
2.3795299999999995,1
2.3910299999999993,1
2.3910299999999993,0
2.3910299999999993,0
2.402529999999999,0
2.5008000000000017,0
2.5025299999999993,0
2.5108300000000017,1
2.510860000000002,2
2.6025299999999993,2
2.6025299999999993,1
2.6025299999999993,1
2.610875000000002,1
2.614029999999999,1
2.614029999999999,0
2.614029999999999,0
2.620905000000002,1
2.620935000000002,2
2.620950000000002,2
2.625529999999999,2
2.625529999999999,1
2.625529999999999,1
2.630980000000002,2
2.631010000000002,3
2.631025000000002,3
2.637029999999999,3
2.637029999999999,2
2.637029999999999,2
2.641055000000002,3
2.641085000000002,4
2.641100000000002,4
2.6485299999999987,4
2.6485299999999987,3
2.6485299999999987,3
2.651130000000002,4
2.651160000000002,5
2.651175000000002,5
2.6600299999999986,5
2.6600299999999986,4
2.6600299999999986,4
2.661205000000002,5
2.6612350000000022,6
2.661250000000002,6
2.671280000000002,7
2.6713100000000023,8
2.671325000000002,8
2.6715299999999984,8
2.6715299999999984,7
2.6715299999999984,7
2.681355000000002,8
2.6813850000000023,9
2.6830299999999982,9
2.6830299999999982,8
2.6830299999999982,8
2.694529999999998,8
2.694529999999998,7
2.694529999999998,7
2.706029999999998,7
2.706029999999998,6
2.706029999999998,6
2.717529999999998,6
2.717529999999998,5
2.717529999999998,5
2.7290299999999976,5
2.7290299999999976,4
2.7290299999999976,4
2.7405299999999975,4
2.7405299999999975,3
2.7405299999999975,3
2.7520299999999973,3
2.7520299999999973,2
2.7520299999999973,2
2.763529999999997,2
2.763529999999997,1
2.763529999999997,1
2.775029999999997,1
2.775029999999997,0
2.775029999999997,0
2.7814000000000023,0
2.786529999999997,0
2.7914300000000023,1
2.7914600000000025,2
2.7914750000000024,2
2.8015050000000024,3
2.8015350000000026,4
2.8015500000000024,4
2.8115800000000024,5
2.8116100000000026,6
2.8116250000000025,6
2.8216550000000025,7
2.8216850000000027,8
2.8217000000000025,8
2.8317300000000025,9
2.8317600000000027,10
2.886529999999997,10
2.886529999999997,9
2.886529999999997,9
2.8980299999999968,9
2.8980299999999968,8
2.8980299999999968,8
2.9095299999999966,8
2.9095299999999966,7
2.9095299999999966,7
2.9210299999999965,7
2.9210299999999965,6
2.9210299999999965,6
2.9317750000000027,6
2.9325299999999963,6
2.9325299999999963,5
2.9325299999999963,5
2.9418050000000027,6
2.941835000000003,7
2.9418500000000027,7
2.944029999999996,7
2.944029999999996,6
2.944029999999996,6
2.9518800000000027,7
2.951910000000003,8
2.951925000000003,8
2.955529999999996,8
2.955529999999996,7
2.955529999999996,7
2.961955000000003,8
2.961985000000003,9
2.962000000000003,9
2.967029999999996,9
2.967029999999996,8
2.967029999999996,8
2.972030000000003,9
2.972060000000003,10
2.972075000000003,10
2.9785299999999957,10
2.9785299999999957,9
2.9785299999999957,9
2.982105000000003,10
2.982135000000003,11
2.982150000000003,11
2.9900299999999955,11
2.9900299999999955,10
2.9900299999999955,10
2.992180000000003,11
2.992210000000003,12
2.992225000000003,12
3.0015299999999954,12
3.0015299999999954,11
3.0015299999999954,11
3.002255000000003,12
3.002285000000003,13
3.002300000000003,13
3.012330000000003,14
3.0123600000000033,15
3.012375000000003,15
3.013029999999995,15
3.013029999999995,14
3.013029999999995,14
3.022405000000003,15
3.0224350000000033,16
3.022450000000003,16
3.024529999999995,16
3.024529999999995,15
3.024529999999995,15
3.032480000000003,16
3.0325100000000034,17
3.0325250000000032,17
3.036029999999995,17
3.036029999999995,16
3.036029999999995,16
3.0425550000000032,17
3.0425850000000034,18
3.0426000000000033,18
3.0475299999999947,18
3.0475299999999947,17
3.0475299999999947,17
3.0526300000000033,18
3.0526600000000035,19
3.0590299999999946,19
3.0590299999999946,18
3.0590299999999946,18
3.0705299999999944,18
3.0705299999999944,17
3.0705299999999944,17
3.0820299999999943,17
3.0820299999999943,16
3.0820299999999943,16
3.093529999999994,16
3.093529999999994,15
3.093529999999994,15
3.105029999999994,15
3.105029999999994,14
3.105029999999994,14
3.116529999999994,14
3.116529999999994,13
3.116529999999994,13
3.1280299999999936,13
3.1280299999999936,12
3.1280299999999936,12
3.1395299999999935,12
3.1395299999999935,11
3.1395299999999935,11
3.1510299999999933,11
3.1510299999999933,10
3.1510299999999933,10
3.1526750000000034,10
3.162529999999993,10
3.162529999999993,9
3.162529999999993,9
3.1627050000000034,10
3.1627350000000036,11
3.1627500000000035,11
3.1727800000000035,12
3.1728100000000037,13
3.1728250000000036,13
3.174029999999993,13
3.174029999999993,12
3.174029999999993,12
3.1828550000000035,13
3.1828850000000037,14
3.1829000000000036,14
3.185529999999993,14
3.185529999999993,13
3.185529999999993,13
3.1929300000000036,14
3.192960000000004,15
3.1929750000000037,15
3.1970299999999927,15
3.1970299999999927,14
3.1970299999999927,14
3.2030050000000037,15
3.203035000000004,16
3.2030500000000037,16
3.2085299999999926,16
3.2085299999999926,15
3.2085299999999926,15
3.2130800000000037,16
3.213110000000004,17
3.213125000000004,17
3.2200299999999924,17
3.2200299999999924,16
3.2200299999999924,16
3.2231550000000038,17
3.223185000000004,18
3.223200000000004,18
3.2315299999999922,18
3.2315299999999922,17
3.2315299999999922,17
3.233230000000004,18
3.233260000000004,19
3.233275000000004,19
3.243029999999992,19
3.243029999999992,18
3.243029999999992,18
3.243305000000004,19
3.243335000000004,20
3.243350000000004,20
3.253380000000004,21
3.253410000000004,22
3.253425000000004,22
3.254529999999992,22
3.254529999999992,21
3.254529999999992,21
3.263455000000004,22
3.263485000000004,23
3.263500000000004,23
3.2660299999999918,23
3.2660299999999918,22
3.2660299999999918,22
3.273530000000004,23
3.2735600000000042,24
3.273575000000004,24
3.2775299999999916,24
3.2775299999999916,23
3.2775299999999916,23
3.283605000000004,24
3.2836350000000043,25
3.283650000000004,25
3.2890299999999915,25
3.2890299999999915,24
3.2890299999999915,24
3.293680000000004,25
3.2937100000000044,26
3.2937250000000042,26
3.3005299999999913,26
3.3005299999999913,25
3.3005299999999913,25
3.303755000000004,26
3.3037850000000044,27
3.3038000000000043,27
3.312029999999991,27
3.312029999999991,26
3.312029999999991,26
3.3138300000000043,27
3.3138600000000045,28
3.3138750000000043,28
3.323529999999991,28
3.323529999999991,27
3.323529999999991,27
3.3239050000000043,28
3.3239350000000045,29
3.3239500000000044,29
3.3339800000000044,30
3.3340100000000046,31
3.3340250000000045,31
3.335029999999991,31
3.335029999999991,30
3.335029999999991,30
3.3440550000000044,31
3.3440850000000046,32
3.3441000000000045,32
3.3465299999999907,32
3.3465299999999907,31
3.3465299999999907,31
3.3541300000000045,32
3.3541600000000047,33
3.3541750000000046,33
3.3580299999999905,33
3.3580299999999905,32
3.3580299999999905,32
3.3642050000000046,33
3.3642350000000047,34
3.3642500000000046,34
3.3695299999999904,34
3.3695299999999904,33
3.3695299999999904,33
3.3742800000000046,34
3.374310000000005,35
3.3743250000000047,35
3.38102999999999,35
3.38102999999999,34
3.38102999999999,34
3.3843550000000047,35
3.384385000000005,36
3.3844000000000047,36
3.39252999999999,36
3.39252999999999,35
3.39252999999999,35
3.3944300000000047,36
3.394460000000005,37
3.40402999999999,37
3.40402999999999,36
3.40402999999999,36
3.4155299999999897,36
3.4155299999999897,35
3.4155299999999897,35
3.4270299999999896,35
3.4270299999999896,34
3.4270299999999896,34
3.4385299999999894,34
3.4385299999999894,33
3.4385299999999894,33
3.4500299999999893,33
3.4500299999999893,32
3.4500299999999893,32
3.461529999999989,32
3.461529999999989,31
3.461529999999989,31
3.473029999999989,31
3.473029999999989,30
3.473029999999989,30
3.484529999999989,30
3.484529999999989,29
3.484529999999989,29
3.494475000000005,29
3.4960299999999886,29
3.4960299999999886,28
3.4960299999999886,28
3.504505000000005,29
3.504535000000005,30
3.504550000000005,30
3.5075299999999885,30
3.5075299999999885,29
3.5075299999999885,29
3.514580000000005,30
3.514610000000005,31
3.514625000000005,31
3.5190299999999883,31
3.5190299999999883,30
3.5190299999999883,30
3.524655000000005,31
3.524685000000005,32
3.524700000000005,32
3.530529999999988,32
3.530529999999988,31
3.530529999999988,31
3.534730000000005,32
3.5347600000000052,33
3.534775000000005,33
3.542029999999988,33
3.542029999999988,32
3.542029999999988,32
3.544805000000005,33
3.5448350000000053,34
3.544850000000005,34
3.553529999999988,34
3.553529999999988,33
3.553529999999988,33
3.554880000000005,34
3.5549100000000053,35
3.554925000000005,35
3.564955000000005,36
3.5649850000000054,37
3.5650000000000053,37
3.5650299999999877,37
3.5650299999999877,36
3.5650299999999877,36
3.5750300000000053,37
3.5750600000000055,38
3.5750750000000053,38
3.5765299999999876,38
3.5765299999999876,37
3.5765299999999876,37
3.5851050000000053,38
3.5851500000000054,38
3.5880299999999874,38
3.5880299999999874,37
3.5880299999999874,37
3.5951800000000054,38
3.5952250000000054,38
3.5995299999999872,38
3.5995299999999872,37
3.5995299999999872,37
3.6052550000000054,38
3.6053000000000055,38
3.611029999999987,38
3.611029999999987,37
3.611029999999987,37
3.6153300000000055,38
3.6153750000000056,38
3.622529999999987,38
3.622529999999987,37
3.622529999999987,37
3.6254050000000055,38
3.6254500000000056,38
3.6340299999999868,38
3.6340299999999868,37
3.6340299999999868,37
3.6354800000000056,38
3.6355250000000057,38
3.6455299999999866,38
3.6455299999999866,37
3.6455299999999866,37
3.6455550000000057,38
3.6456000000000057,38
3.6556300000000057,39
3.655675000000006,39
3.6570299999999865,39
3.6570299999999865,38
3.6570299999999865,38
3.6657050000000058,39
3.665750000000006,39
3.6685299999999863,39
3.6685299999999863,38
3.6685299999999863,38
3.675780000000006,39
3.675825000000006,39
3.680029999999986,39
3.680029999999986,38
3.680029999999986,38
3.685855000000006,39
3.685900000000006,39
3.691529999999986,39
3.691529999999986,38
3.691529999999986,38
3.695930000000006,39
3.695975000000006,39
3.703029999999986,39
3.703029999999986,38
3.703029999999986,38
3.706005000000006,39
3.706050000000006,39
3.7145299999999857,39
3.7145299999999857,38
3.7145299999999857,38
3.716080000000006,39
3.716125000000006,39
3.7260299999999855,39
3.7260299999999855,38
3.7260299999999855,38
3.726155000000006,39
3.726200000000006,39
3.736230000000006,40
3.7362750000000062,40
3.7375299999999854,40
3.7375299999999854,39
3.7375299999999854,39
3.746305000000006,40
3.7463500000000063,40
3.749029999999985,40
3.749029999999985,39
3.749029999999985,39
3.7563800000000063,40
3.7564250000000063,40
3.760529999999985,40
3.760529999999985,39
3.760529999999985,39
3.7664550000000063,40
3.7665000000000064,40
3.772029999999985,40
3.772029999999985,39
3.772029999999985,39
3.7765300000000064,40
3.7765600000000066,41
3.7765750000000065,41
3.7835299999999847,41
3.7835299999999847,40
3.7835299999999847,40
3.7866050000000064,41
3.7866500000000065,41
3.7950299999999846,41
3.7950299999999846,40
3.7950299999999846,40
3.7966800000000065,41
3.7967250000000066,41
3.8065299999999844,41
3.8065299999999844,40
3.8065299999999844,40
3.8067550000000066,41
3.8068000000000066,41
3.8168300000000066,42
3.8168750000000067,42
3.8180299999999843,42
3.8180299999999843,41
3.8180299999999843,41
3.8269050000000067,42
3.8269500000000067,42
3.829529999999984,42
3.829529999999984,41
3.829529999999984,41
3.8369800000000067,42
3.837025000000007,42
3.841029999999984,42
3.841029999999984,41
3.841029999999984,41
3.8470550000000068,42
3.847100000000007,42
3.852529999999984,42
3.852529999999984,41
3.852529999999984,41
3.857130000000007,42
3.857175000000007,42
3.8640299999999836,42
3.8640299999999836,41
3.8640299999999836,41
3.867205000000007,42
3.867250000000007,42
3.8755299999999835,42
3.8755299999999835,41
3.8755299999999835,41
3.877280000000007,42
3.877325000000007,42
3.8870299999999833,42
3.8870299999999833,41
3.8870299999999833,41
3.887355000000007,42
3.887400000000007,42
3.897430000000007,43
3.897475000000007,43
3.898529999999983,43
3.898529999999983,42
3.898529999999983,42
3.907505000000007,43
3.907550000000007,43
3.910029999999983,43
3.910029999999983,42
3.910029999999983,42
3.917580000000007,43
3.9176250000000072,43
3.921529999999983,43
3.921529999999983,42
3.921529999999983,42
3.9276550000000072,43
3.9277000000000073,43
3.9330299999999827,43
3.9330299999999827,42
3.9330299999999827,42
3.9377300000000073,43
3.9377750000000074,43
3.9445299999999826,43
3.9445299999999826,42
3.9445299999999826,42
3.9478050000000073,43
3.9478500000000074,43
3.9560299999999824,43
3.9560299999999824,42
3.9560299999999824,42
3.9578800000000074,43
3.9579250000000075,43
3.9675299999999822,43
3.9675299999999822,42
3.9675299999999822,42
3.9679550000000074,43
3.9680000000000075,43
3.9780300000000075,44
3.9780600000000077,45
3.9780750000000076,45
3.979029999999982,45
3.979029999999982,44
3.979029999999982,44
3.9881050000000076,45
3.9881500000000076,45
3.990529999999982,45
3.990529999999982,44
3.990529999999982,44
3.9981800000000076,45
3.9982250000000077,45
4.002029999999982,45
4.002029999999982,44
4.002029999999982,44
4.008255000000007,45
4.008300000000007,45
4.013529999999982,45
4.013529999999982,44
4.013529999999982,44
4.018330000000007,45
4.018375000000007,45
4.0250299999999815,45
4.0250299999999815,44
4.0250299999999815,44
4.0284050000000065,45
4.0284500000000065,45
4.036529999999981,45
4.036529999999981,44
4.036529999999981,44
4.038480000000006,45
4.038525000000006,45
4.048029999999981,45
4.048029999999981,44
4.048029999999981,44
4.048555000000006,45
4.048600000000006,45
4.058630000000005,46
4.058675000000005,46
4.059529999999981,46
4.059529999999981,45
4.059529999999981,45
4.068705000000005,46
4.068750000000005,46
4.071029999999981,46
4.071029999999981,45
4.071029999999981,45
4.0787800000000045,46
4.078825000000005,46
4.082529999999981,46
4.082529999999981,45
4.082529999999981,45
4.088855000000004,46
4.088900000000004,46
4.0940299999999805,46
4.0940299999999805,45
4.0940299999999805,45
4.098930000000004,46
4.098975000000004,46
4.10552999999998,46
4.10552999999998,45
4.10552999999998,45
4.109005000000003,46
4.109050000000003,46
4.11702999999998,46
4.11702999999998,45
4.11702999999998,45
4.119080000000003,46
4.119125000000003,46
4.12852999999998,46
4.12852999999998,45
4.12852999999998,45
4.129155000000003,46
4.129200000000003,46
4.139230000000002,47
4.139275000000002,47
4.14002999999998,47
4.14002999999998,46
4.14002999999998,46
4.149305000000002,47
4.149350000000002,47
4.15152999999998,47
4.15152999999998,46
4.15152999999998,46
4.159380000000001,47
4.1594250000000015,47
4.16302999999998,47
4.16302999999998,46
4.16302999999998,46
4.169455000000001,47
4.169500000000001,47
4.174529999999979,47
4.174529999999979,46
4.174529999999979,46
4.179530000000001,47
4.17956,48
4.179575000000001,48
4.186029999999979,48
4.186029999999979,47
4.186029999999979,47
4.189605,48
4.18965,48
4.197529999999979,48
4.197529999999979,47
4.197529999999979,47
4.19968,48
4.199725,48
4.209029999999979,48
4.209029999999979,47
4.209029999999979,47
4.2097549999999995,48
4.2097999999999995,48
4.219829999999999,49
4.220529999999979,49
4.220529999999979,48
4.220529999999979,48
4.232029999999979,48
4.232029999999979,47
4.232029999999979,47
4.2435299999999785,47
4.2435299999999785,46
4.2435299999999785,46
4.255029999999978,46
4.255029999999978,45
4.255029999999978,45
4.266529999999978,45
4.266529999999978,44
4.266529999999978,44
4.278029999999978,44
4.278029999999978,43
4.278029999999978,43
4.289529999999978,43
4.289529999999978,42
4.289529999999978,42
4.301029999999978,42
4.301029999999978,41
4.301029999999978,41
4.3125299999999775,41
4.3125299999999775,40
4.3125299999999775,40
4.319874999999999,40
4.324029999999977,40
4.324029999999977,39
4.324029999999977,39
4.329904999999998,40
4.329949999999998,40
4.335529999999977,40
4.335529999999977,39
4.335529999999977,39
4.339979999999998,40
4.340024999999998,40
4.347029999999977,40
4.347029999999977,39
4.347029999999977,39
4.350054999999998,40
4.350099999999998,40
4.358529999999977,40
4.358529999999977,39
4.358529999999977,39
4.360129999999997,40
4.360174999999997,40
4.370029999999977,40
4.370029999999977,39
4.370029999999977,39
4.370204999999997,40
4.370249999999997,40
4.380279999999996,41
4.3803249999999965,41
4.381529999999977,41
4.381529999999977,40
4.381529999999977,40
4.390354999999996,41
4.390399999999996,41
4.3930299999999765,41
4.3930299999999765,40
4.3930299999999765,40
4.400429999999996,41
4.400474999999996,41
4.404529999999976,41
4.404529999999976,40
4.404529999999976,40
4.410504999999995,41
4.410549999999995,41
4.416029999999976,41
4.416029999999976,40
4.416029999999976,40
4.420579999999995,41
4.420624999999995,41
4.427529999999976,41
4.427529999999976,40
4.427529999999976,40
4.4306549999999945,41
4.4306999999999945,41
4.439029999999976,41
4.439029999999976,40
4.439029999999976,40
4.440729999999994,41
4.440774999999994,41
4.450529999999976,41
4.450529999999976,40
4.450529999999976,40
4.450804999999994,41
4.450849999999994,41
4.460879999999993,42
4.460924999999993,42
4.4620299999999755,42
4.4620299999999755,41
4.4620299999999755,41
4.470954999999993,42
4.470999999999993,42
4.473529999999975,42
4.473529999999975,41
4.473529999999975,41
4.4810299999999925,42
4.481059999999992,43
4.481074999999993,43
4.485029999999975,43
4.485029999999975,42
4.485029999999975,42
4.491104999999992,43
4.491149999999992,43
4.496529999999975,43
4.496529999999975,42
4.496529999999975,42
4.501179999999992,43
4.501224999999992,43
4.508029999999975,43
4.508029999999975,42
4.508029999999975,42
4.511254999999991,43
4.511299999999991,43
4.519529999999975,43
4.519529999999975,42
4.519529999999975,42
4.521329999999991,43
4.521374999999991,43
4.531029999999975,43
4.531029999999975,42
4.531029999999975,42
4.531404999999991,43
4.531449999999991,43
4.54147999999999,44
4.54152499999999,44
4.542529999999974,44
4.542529999999974,43
4.542529999999974,43
4.55155499999999,44
4.55159999999999,44
4.554029999999974,44
4.554029999999974,43
4.554029999999974,43
4.561629999999989,44
4.5616749999999895,44
4.565529999999974,44
4.565529999999974,43
4.565529999999974,43
4.571704999999989,44
4.571749999999989,44
4.577029999999974,44
4.577029999999974,43
4.577029999999974,43
4.581779999999989,44
4.581824999999989,44
4.588529999999974,44
4.588529999999974,43
4.588529999999974,43
4.591854999999988,44
4.591899999999988,44
4.600029999999974,44
4.600029999999974,43
4.600029999999974,43
4.601929999999988,44
4.601974999999988,44
4.6115299999999735,44
4.6115299999999735,43
4.6115299999999735,43
4.6120049999999875,44
4.6120499999999875,44
4.622079999999987,45
4.622124999999987,45
4.623029999999973,45
4.623029999999973,44
4.623029999999973,44
4.632154999999987,45
4.632199999999987,45
4.634529999999973,45
4.634529999999973,44
4.634529999999973,44
4.642229999999986,45
4.642274999999986,45
4.646029999999973,45
4.646029999999973,44
4.646029999999973,44
4.652304999999986,45
4.652349999999986,45
4.657529999999973,45
4.657529999999973,44
4.657529999999973,44
4.6623799999999855,45
4.662424999999986,45
4.669029999999973,45
4.669029999999973,44
4.669029999999973,44
4.672454999999985,45
4.672499999999985,45
4.6805299999999725,45
4.6805299999999725,44
4.6805299999999725,44
4.682529999999985,45
4.6825599999999845,46
4.682574999999985,46
4.692029999999972,46
4.692029999999972,45
4.692029999999972,45
4.692604999999984,46
4.6926499999999844,46
4.702679999999984,47
4.702724999999984,47
4.703529999999972,47
4.703529999999972,46
4.703529999999972,46
4.712754999999984,47
4.712799999999984,47
4.715029999999972,47
4.715029999999972,46
4.715029999999972,46
4.722829999999983,47
4.722874999999983,47
4.726529999999972,47
4.726529999999972,46
4.726529999999972,46
4.732904999999983,47
4.732949999999983,47
4.738029999999972,47
4.738029999999972,46
4.738029999999972,46
4.742979999999982,47
4.7430249999999825,47
4.749529999999972,47
4.749529999999972,46
4.749529999999972,46
4.753054999999982,47
4.753099999999982,47
4.7610299999999715,47
4.7610299999999715,46
4.7610299999999715,46
4.763129999999982,47
4.763174999999982,47
4.772529999999971,47
4.772529999999971,46
4.772529999999971,46
4.773204999999981,47
4.773249999999981,47
4.783279999999981,48
4.783324999999981,48
4.784029999999971,48
4.784029999999971,47
4.784029999999971,47
4.7933549999999805,48
4.793399999999981,48
4.795529999999971,48
4.795529999999971,47
4.795529999999971,47
4.80342999999998,48
4.80347499999998,48
4.807029999999971,48
4.807029999999971,47
4.807029999999971,47
4.81350499999998,48
4.81354999999998,48
4.818529999999971,48
4.818529999999971,47
4.818529999999971,47
4.823579999999979,48
4.823624999999979,48
4.8300299999999705,48
4.8300299999999705,47
4.8300299999999705,47
4.833654999999979,48
4.833699999999979,48
4.84152999999997,48
4.84152999999997,47
4.84152999999997,47
4.8437299999999786,48
4.843774999999979,48
4.85302999999997,48
4.85302999999997,47
4.85302999999997,47
4.853804999999978,48
4.853849999999978,48
4.863879999999978,49
4.863924999999978,49
4.86452999999997,49
4.86452999999997,48
4.86452999999997,48
4.873954999999977,49
4.8739999999999775,49
4.87602999999997,49
4.87602999999997,48
4.87602999999997,48
4.884029999999977,49
4.884059999999977,50
4.884074999999977,50
4.88752999999997,50
4.88752999999997,49
4.88752999999997,49
4.894104999999977,50
4.894149999999977,50
4.89902999999997,50
4.89902999999997,49
4.89902999999997,49
4.904179999999976,50
4.904224999999976,50
4.910529999999969,50
4.910529999999969,49
4.910529999999969,49
4.914254999999976,50
4.914299999999976,50
4.922029999999969,50
4.922029999999969,49
4.922029999999969,49
4.9243299999999754,50
4.9243749999999755,50
4.933529999999969,50
4.933529999999969,49
4.933529999999969,49
4.934404999999975,50
4.934449999999975,50
4.944479999999975,51
4.944524999999975,51
4.945029999999969,51
4.945029999999969,50
4.945029999999969,50
4.954554999999974,51
4.954599999999974,51
4.956529999999969,51
4.956529999999969,50
4.956529999999969,50
4.964629999999974,51
4.964674999999974,51
4.968029999999969,51
4.968029999999969,50
4.968029999999969,50
4.9747049999999735,51
4.974749999999974,51
4.9795299999999685,51
4.9795299999999685,50
4.9795299999999685,50
4.984779999999973,51
4.984824999999973,51
4.991029999999968,51
4.991029999999968,50
4.991029999999968,50
4.994854999999973,51
4.994899999999973,51
5.002529999999968,51
5.002529999999968,50
5.002529999999968,50
5.004929999999972,51
5.004974999999972,51
5.014029999999968,51
5.014029999999968,50
5.014029999999968,50
5.015004999999972,51
5.015049999999972,51
5.025079999999972,52
5.025124999999972,52
5.025529999999968,52
5.025529999999968,51
5.025529999999968,51
5.035154999999971,52
5.035199999999971,52
5.037029999999968,52
5.037029999999968,51
5.037029999999968,51
5.045229999999971,52
5.0485299999999675,52
5.0485299999999675,51
5.0485299999999675,51
5.060029999999967,51
5.060029999999967,50
5.060029999999967,50
5.071529999999967,50
5.071529999999967,49
5.071529999999967,49
5.083029999999967,49
5.083029999999967,48
5.083029999999967,48
5.094529999999967,48
5.094529999999967,47
5.094529999999967,47
5.106029999999967,47
5.106029999999967,46
5.106029999999967,46
5.117529999999967,46
5.117529999999967,45
5.117529999999967,45
5.1290299999999664,45
5.1290299999999664,44
5.1290299999999664,44
5.140529999999966,44
5.140529999999966,43
5.140529999999966,43
5.1452749999999705,43
5.152029999999966,43
5.152029999999966,42
5.152029999999966,42
5.15530499999997,43
5.15534999999997,43
5.163529999999966,43
5.163529999999966,42
5.163529999999966,42
5.16537999999997,43
5.16542499999997,43
5.175029999999966,43
5.175029999999966,42
5.175029999999966,42
5.175454999999969,43
5.175499999999969,43
5.185529999999969,44
5.185559999999969,45
5.185574999999969,45
5.186529999999966,45
5.186529999999966,44
5.186529999999966,44
5.1956049999999685,45
5.195649999999969,45
5.1980299999999655,45
5.1980299999999655,44
5.1980299999999655,44
5.205679999999968,45
5.205724999999968,45
5.209529999999965,45
5.209529999999965,44
5.209529999999965,44
5.215754999999968,45
5.215799999999968,45
5.221029999999965,45
5.221029999999965,44
5.221029999999965,44
5.225829999999967,45
5.225874999999967,45
5.232529999999965,45
5.232529999999965,44
5.232529999999965,44
5.235904999999967,45
5.235949999999967,45
5.244029999999965,45
5.244029999999965,44
5.244029999999965,44
5.245979999999967,45
5.246024999999967,45
5.255529999999965,45
5.255529999999965,44
5.255529999999965,44
5.256054999999966,45
5.256099999999966,45
5.266129999999966,46
5.266174999999966,46
5.267029999999965,46
5.267029999999965,45
5.267029999999965,45
5.276204999999965,46
5.2762499999999655,46
5.278529999999964,46
5.278529999999964,45
5.278529999999964,45
5.286279999999965,46
5.286324999999965,46
5.290029999999964,46
5.290029999999964,45
5.290029999999964,45
5.296354999999965,46
5.296399999999965,46
5.301529999999964,46
5.301529999999964,45
5.301529999999964,45
5.306429999999964,46
5.306474999999964,46
5.313029999999964,46
5.313029999999964,45
5.313029999999964,45
5.316504999999964,46
5.316549999999964,46
5.324529999999964,46
5.324529999999964,45
5.324529999999964,45
5.3265799999999635,46
5.3266249999999635,46
5.336029999999964,46
5.336029999999964,45
5.336029999999964,45
5.336654999999963,46
5.336699999999963,46
5.346729999999963,47
5.346774999999963,47
5.3475299999999635,47
5.3475299999999635,46
5.3475299999999635,46
5.356804999999962,47
5.356849999999962,47
5.359029999999963,47
5.359029999999963,46
5.359029999999963,46
5.366879999999962,47
5.366924999999962,47
5.370529999999963,47
5.370529999999963,46
5.370529999999963,46
5.3769549999999615,47
5.376999999999962,47
5.382029999999963,47
5.382029999999963,46
5.382029999999963,46
5.387029999999961,47
5.387059999999961,48
5.387074999999961,48
5.393529999999963,48
5.393529999999963,47
5.393529999999963,47
5.397104999999961,48
5.397149999999961,48
5.405029999999963,48
5.405029999999963,47
5.405029999999963,47
5.40717999999996,48
5.40722499999996,48
5.4165299999999625,48
5.4165299999999625,47
5.4165299999999625,47
5.41725499999996,48
5.41729999999996,48
5.42732999999996,49
5.42737499999996,49
5.428029999999962,49
5.428029999999962,48
5.428029999999962,48
5.437404999999959,49
5.437449999999959,49
5.439529999999962,49
5.439529999999962,48
5.439529999999962,48
5.447479999999959,49
5.447524999999959,49
5.451029999999962,49
5.451029999999962,48
5.451029999999962,48
5.457554999999958,49
5.4575999999999585,49
5.462529999999962,49
5.462529999999962,48
5.462529999999962,48
5.467629999999958,49
5.467674999999958,49
5.474029999999962,49
5.474029999999962,48
5.474029999999962,48
5.477704999999958,49
5.477749999999958,49
5.485529999999962,49
5.485529999999962,48
5.485529999999962,48
5.487779999999957,49
5.487824999999957,49
5.4970299999999614,49
5.4970299999999614,48
5.4970299999999614,48
5.497854999999957,49
5.497899999999957,49
5.5079299999999565,50
5.5079749999999565,50
5.508529999999961,50
5.508529999999961,49
5.508529999999961,49
5.518004999999956,50
5.518049999999956,50
5.520029999999961,50
5.520029999999961,49
5.520029999999961,49
5.528079999999956,50
5.528124999999956,50
5.531529999999961,50
5.531529999999961,49
5.531529999999961,49
5.538154999999955,50
5.538199999999955,50
5.543029999999961,50
5.543029999999961,49
5.543029999999961,49
5.548229999999955,50
5.548274999999955,50
5.554529999999961,50
5.554529999999961,49
5.554529999999961,49
5.5583049999999545,50
5.558349999999955,50
5.5660299999999605,50
5.5660299999999605,49
5.5660299999999605,49
5.568379999999954,50
5.568424999999954,50
5.57752999999996,50
5.57752999999996,49
5.57752999999996,49
5.578454999999954,50
5.578499999999954,50
5.588529999999953,51
5.588559999999953,52
5.588574999999953,52
5.58902999999996,52
5.58902999999996,51
5.58902999999996,51
5.598604999999953,52
5.598649999999953,52
5.60052999999996,52
5.60052999999996,51
5.60052999999996,51
5.608679999999953,52
5.608724999999953,52
5.61202999999996,52
5.61202999999996,51
5.61202999999996,51
5.618754999999952,52
5.618799999999952,52
5.62352999999996,52
5.62352999999996,51
5.62352999999996,51
5.628829999999952,52
5.628874999999952,52
5.63502999999996,52
5.63502999999996,51
5.63502999999996,51
5.638904999999951,52
5.6389499999999515,52
5.646529999999959,52
5.646529999999959,51
5.646529999999959,51
5.648979999999951,52
5.649024999999951,52
5.658029999999959,52
5.658029999999959,51
5.658029999999959,51
5.659054999999951,52
5.659099999999951,52
5.66912999999995,53
5.66917499999995,53
5.669529999999959,53
5.669529999999959,52
5.669529999999959,52
5.67920499999995,53
5.67924999999995,53
5.681029999999959,53
5.681029999999959,52
5.681029999999959,52
5.6892799999999495,53
5.68932499999995,53
5.692529999999959,53
5.692529999999959,52
5.692529999999959,52
5.699354999999949,53
5.699399999999949,53
5.704029999999959,53
5.704029999999959,52
5.704029999999959,52
5.709429999999949,53
5.709474999999949,53
5.7155299999999585,53
5.7155299999999585,52
5.7155299999999585,52
5.719504999999948,53
5.719549999999948,53
5.727029999999958,53
5.727029999999958,52
5.727029999999958,52
5.729579999999948,53
5.729624999999948,53
5.738529999999958,53
5.738529999999958,52
5.738529999999958,52
5.7396549999999475,53
5.739699999999948,53
5.749729999999947,54
5.749774999999947,54
5.750029999999958,54
5.750029999999958,53
5.750029999999958,53
5.759804999999947,54
5.759849999999947,54
5.761529999999958,54
5.761529999999958,53
5.761529999999958,53
5.769879999999946,54
5.7699249999999465,54
5.773029999999958,54
5.773029999999958,53
5.773029999999958,53
5.779954999999946,54
5.779999999999946,54
5.7845299999999575,54
5.7845299999999575,53
5.7845299999999575,53
5.790029999999946,54
5.790059999999945,55
5.790074999999946,55
5.796029999999957,55
5.796029999999957,54
5.796029999999957,54
5.800104999999945,55
5.800149999999945,55
5.807529999999957,55
5.807529999999957,54
5.807529999999957,54
5.810179999999945,55
5.810224999999945,55
5.819029999999957,55
5.819029999999957,54
5.819029999999957,54
5.8202549999999444,55
5.8202999999999445,55
5.830329999999944,56
5.830374999999944,56
5.830529999999957,56
5.830529999999957,55
5.830529999999957,55
5.840404999999944,56
5.840449999999944,56
5.842029999999957,56
5.842029999999957,55
5.842029999999957,55
5.850479999999943,56
5.850524999999943,56
5.853529999999957,56
5.853529999999957,55
5.853529999999957,55
5.860554999999943,56
5.860599999999943,56
5.8650299999999564,56
5.8650299999999564,55
5.8650299999999564,55
5.8706299999999425,56
5.870674999999943,56
5.876529999999956,56
5.876529999999956,55
5.876529999999956,55
5.880704999999942,56
5.888029999999956,56
5.888029999999956,55
5.888029999999956,55
5.899529999999956,55
5.899529999999956,54
5.899529999999956,54
5.911029999999956,54
5.911029999999956,53
5.911029999999956,53
5.922529999999956,53
5.922529999999956,52
5.922529999999956,52
5.9340299999999555,52
5.9340299999999555,51
5.9340299999999555,51
5.945529999999955,51
5.945529999999955,50
5.945529999999955,50
5.957029999999955,50
5.957029999999955,49
5.957029999999955,49
5.968529999999955,49
5.968529999999955,48
5.968529999999955,48
5.980029999999955,48
5.980029999999955,47
5.980029999999955,47
5.980749999999942,47
5.990779999999941,48
5.9908249999999414,48
5.991529999999955,48
5.991529999999955,47
5.991529999999955,47
6.000854999999941,48
6.000899999999941,48
6.003029999999955,48
6.003029999999955,47
6.003029999999955,47
6.010929999999941,48
6.010974999999941,48
6.014529999999954,48
6.014529999999954,47
6.014529999999954,47
6.02100499999994,48
6.02104999999994,48
6.026029999999954,48
6.026029999999954,47
6.026029999999954,47
6.03107999999994,48
6.03112499999994,48
6.037529999999954,48
6.037529999999954,47
6.037529999999954,47
6.041154999999939,48
6.0411999999999395,48
6.049029999999954,48
6.049029999999954,47
6.049029999999954,47
6.051229999999939,48
6.051274999999939,48
6.060529999999954,48
6.060529999999954,47
6.060529999999954,47
6.061304999999939,48
6.061349999999939,48
6.071379999999938,49
6.071424999999938,49
6.072029999999954,49
6.072029999999954,48
6.072029999999954,48
6.081454999999938,49
6.081499999999938,49
6.0835299999999535,49
6.0835299999999535,48
6.0835299999999535,48
6.0915299999999375,49
6.091559999999937,50
6.091574999999938,50
6.095029999999953,50
6.095029999999953,49
6.095029999999953,49
6.101604999999937,50
6.101649999999937,50
6.106529999999953,50
6.106529999999953,49
6.106529999999953,49
6.111679999999937,50
6.111724999999937,50
6.118029999999953,50
6.118029999999953,49
6.118029999999953,49
6.121754999999936,50
6.121799999999936,50
6.129529999999953,50
6.129529999999953,49
6.129529999999953,49
6.131829999999936,50
6.131874999999936,50
6.141029999999953,50
6.141029999999953,49
6.141029999999953,49
6.1419049999999356,50
6.141949999999936,50
6.151979999999935,51
6.152024999999935,51
6.1525299999999525,51
6.1525299999999525,50
6.1525299999999525,50
6.162054999999935,51
6.162099999999935,51
6.164029999999952,51
6.164029999999952,50
6.164029999999952,50
6.172129999999934,51
6.1721749999999345,51
6.175529999999952,51
6.175529999999952,50
6.175529999999952,50
6.182204999999934,51
6.182249999999934,51
6.187029999999952,51
6.187029999999952,50
6.187029999999952,50
6.192279999999934,51
6.192324999999934,51
6.198529999999952,51
6.198529999999952,50
6.198529999999952,50
6.202354999999933,51
6.202399999999933,51
6.210029999999952,51
6.210029999999952,50
6.210029999999952,50
6.212429999999933,51
6.212474999999933,51
6.221529999999952,51
6.221529999999952,50
6.221529999999952,50
6.2225049999999325,51
6.2225499999999325,51
6.232579999999932,52
6.232624999999932,52
6.233029999999951,52
6.233029999999951,51
6.233029999999951,51
6.242654999999932,52
6.242699999999932,52
6.244529999999951,52
6.244529999999951,51
6.244529999999951,51
6.252729999999931,52
6.252774999999931,52
6.256029999999951,52
6.256029999999951,51
6.256029999999951,51
6.262804999999931,52
6.262849999999931,52
6.267529999999951,52
6.267529999999951,51
6.267529999999951,51
6.2728799999999305,52
6.272924999999931,52
6.279029999999951,52
6.279029999999951,51
6.279029999999951,51
6.28295499999993,52
6.28299999999993,52
6.290529999999951,52
6.290529999999951,51
6.290529999999951,51
6.29302999999993,52
6.2930599999999295,53
6.29307499999993,53
6.3020299999999505,53
6.3020299999999505,52
6.3020299999999505,52
6.303104999999929,53
6.303149999999929,53
6.313179999999929,54
6.313224999999929,54
6.31352999999995,54
6.31352999999995,53
6.31352999999995,53
6.323254999999929,54
6.323299999999929,54
6.32502999999995,54
6.32502999999995,53
6.32502999999995,53
6.333329999999928,54
6.333374999999928,54
6.33652999999995,54
6.33652999999995,53
6.33652999999995,53
6.343404999999928,54
6.343449999999928,54
6.34802999999995,54
6.34802999999995,53
6.34802999999995,53
6.353479999999927,54
6.3535249999999275,54
6.35952999999995,54
6.35952999999995,53
6.35952999999995,53
6.363554999999927,54
6.363599999999927,54
6.37102999999995,54
6.37102999999995,53
6.37102999999995,53
6.373629999999927,54
6.373674999999927,54
6.382529999999949,54
6.382529999999949,53
6.382529999999949,53
6.383704999999926,54
6.383749999999926,54
6.393779999999926,55
6.393824999999926,55
6.394029999999949,55
6.394029999999949,54
6.394029999999949,54
6.4038549999999255,55
6.4038999999999255,55
6.405529999999949,55
6.405529999999949,54
6.405529999999949,54
6.413929999999925,55
6.413974999999925,55
6.417029999999949,55
6.417029999999949,54
6.417029999999949,54
6.424004999999925,55
6.424049999999925,55
6.428529999999949,55
6.428529999999949,54
6.428529999999949,54
6.434079999999924,55
6.434124999999924,55
6.440029999999949,55
6.440029999999949,54
6.440029999999949,54
6.444154999999924,55
6.444199999999924,55
6.4515299999999485,55
6.4515299999999485,54
6.4515299999999485,54
6.4542299999999235,55
6.454274999999924,55
6.463029999999948,55
6.463029999999948,54
6.463029999999948,54
6.464304999999923,55
6.464349999999923,55
6.474379999999923,56
6.474424999999923,56
6.474529999999948,56
6.474529999999948,55
6.474529999999948,55
6.484454999999922,56
6.484499999999922,56
6.486029999999948,56
6.486029999999948,55
6.486029999999948,55
6.494529999999922,56
6.494559999999922,57
6.494574999999922,57
6.497529999999948,57
6.497529999999948,56
6.497529999999948,56
6.504604999999922,57
6.504649999999922,57
6.509029999999948,57
6.509029999999948,56
6.509029999999948,56
6.514679999999921,57
6.514724999999921,57
6.5205299999999475,57
6.5205299999999475,56
6.5205299999999475,56
6.524754999999921,57
6.524799999999921,57
6.532029999999947,57
6.532029999999947,56
6.532029999999947,56
6.53482999999992,57
6.5348749999999205,57
6.543529999999947,57
6.543529999999947,56
6.543529999999947,56
6.54490499999992,57
6.54494999999992,57
6.55497999999992,58
6.55502499999992,58
6.555029999999947,58
6.555029999999947,57
6.555029999999947,57
6.565054999999919,58
6.565099999999919,58
6.566529999999947,58
6.566529999999947,57
6.566529999999947,57
6.575129999999919,58
6.575174999999919,58
6.578029999999947,58
6.578029999999947,57
6.578029999999947,57
6.5852049999999185,58
6.589529999999947,58
6.589529999999947,57
6.589529999999947,57
6.601029999999946,57
6.601029999999946,56
6.601029999999946,56
6.612529999999946,56
6.612529999999946,55
6.612529999999946,55
6.624029999999946,55
6.624029999999946,54
6.624029999999946,54
6.635529999999946,54
6.635529999999946,53
6.635529999999946,53
6.647029999999946,53
6.647029999999946,52
6.647029999999946,52
6.658529999999946,52
6.658529999999946,51
6.658529999999946,51
6.6700299999999455,51
6.6700299999999455,50
6.6700299999999455,50
6.681529999999945,50
6.681529999999945,49
6.681529999999945,49
6.685249999999918,49
6.693029999999945,49
6.693029999999945,48
6.693029999999945,48
6.695279999999918,49
6.695324999999918,49
6.704529999999945,49
6.704529999999945,48
6.704529999999945,48
6.705354999999917,49
6.705399999999917,49
6.715429999999917,50
6.715474999999917,50
6.716029999999945,50
6.716029999999945,49
6.716029999999945,49
6.725504999999917,50
6.725549999999917,50
6.727529999999945,50
6.727529999999945,49
6.727529999999945,49
6.735579999999916,50
6.735624999999916,50
6.739029999999945,50
6.739029999999945,49
6.739029999999945,49
6.745654999999916,50
6.745699999999916,50
6.750529999999944,50
6.750529999999944,49
6.750529999999944,49
6.755729999999915,50
6.7557749999999155,50
6.762029999999944,50
6.762029999999944,49
6.762029999999944,49
6.765804999999915,50
6.765849999999915,50
6.773529999999944,50
6.773529999999944,49
6.773529999999944,49
6.775879999999915,50
6.775924999999915,50
6.785029999999944,50
6.785029999999944,49
6.785029999999944,49
6.785954999999914,50
6.785999999999914,50
6.796029999999914,51
6.796059999999914,52
6.796074999999914,52
6.796529999999944,52
6.796529999999944,51
6.796529999999944,51
6.8061049999999135,52
6.8061499999999135,52
6.808029999999944,52
6.808029999999944,51
6.808029999999944,51
6.816179999999913,52
6.816224999999913,52
6.8195299999999435,52
6.8195299999999435,51
6.8195299999999435,51
6.826254999999913,52
6.826299999999913,52
6.831029999999943,52
6.831029999999943,51
6.831029999999943,51
6.836329999999912,52
6.836374999999912,52
6.842529999999943,52
6.842529999999943,51
6.842529999999943,51
6.846404999999912,52
6.846449999999912,52
6.854029999999943,52
6.854029999999943,51
6.854029999999943,51
6.8564799999999115,52
6.856524999999912,52
6.865529999999943,52
6.865529999999943,51
6.865529999999943,51
6.866554999999911,52
6.866599999999911,52
6.876629999999911,53
6.876674999999911,53
6.877029999999943,53
6.877029999999943,52
6.877029999999943,52
6.88670499999991,53
6.88674999999991,53
6.8885299999999425,53
6.8885299999999425,52
6.8885299999999425,52
6.89677999999991,53
6.89682499999991,53
6.900029999999942,53
6.900029999999942,52
6.900029999999942,52
6.90685499999991,53
6.90689999999991,53
6.911529999999942,53
6.911529999999942,52
6.911529999999942,52
6.916929999999909,53
6.916974999999909,53
6.923029999999942,53
6.923029999999942,52
6.923029999999942,52
6.927004999999909,53
6.927049999999909,53
6.934529999999942,53
6.934529999999942,52
6.934529999999942,52
6.937079999999908,53
6.9371249999999085,53
6.946029999999942,53
6.946029999999942,52
6.946029999999942,52
6.947154999999908,53
6.947199999999908,53
6.957229999999908,54
6.957274999999908,54
6.957529999999942,54
6.957529999999942,53
6.957529999999942,53
6.967304999999907,54
6.967349999999907,54
6.969029999999941,54
6.969029999999941,53
6.969029999999941,53
6.977379999999907,54
6.977424999999907,54
6.980529999999941,54
6.980529999999941,53
6.980529999999941,53
6.9874549999999065,54
6.987499999999907,54
6.992029999999941,54
6.992029999999941,53
6.992029999999941,53
6.997529999999906,54
6.997559999999906,55
6.997574999999906,55
7.003529999999941,55
7.003529999999941,54
7.003529999999941,54
7.007604999999906,55
7.007649999999906,55
7.015029999999941,55
7.015029999999941,54
7.015029999999941,54
7.017679999999905,55
7.017724999999905,55
7.026529999999941,55
7.026529999999941,54
7.026529999999941,54
7.027754999999905,55
7.027799999999905,55
7.0378299999999046,56
7.037874999999905,56
7.0380299999999405,56
7.0380299999999405,55
7.0380299999999405,55
7.047904999999904,56
7.047949999999904,56
7.04952999999994,56
7.04952999999994,55
7.04952999999994,55
7.057979999999904,56
7.058024999999904,56
7.06102999999994,56
7.06102999999994,55
7.06102999999994,55
7.068054999999903,56
7.0680999999999035,56
7.07252999999994,56
7.07252999999994,55
7.07252999999994,55
7.078129999999903,56
7.078174999999903,56
7.08402999999994,56
7.08402999999994,55
7.08402999999994,55
7.088204999999903,56
7.088249999999903,56
7.09552999999994,56
7.09552999999994,55
7.09552999999994,55
7.098279999999902,56
7.098324999999902,56
7.10702999999994,56
7.10702999999994,55
7.10702999999994,55
7.108354999999902,56
7.108399999999902,56
7.1184299999999014,57
7.1184749999999015,57
7.118529999999939,57
7.118529999999939,56
7.118529999999939,56
7.128504999999901,57
7.128549999999901,57
7.130029999999939,57
7.130029999999939,56
7.130029999999939,56
7.138579999999901,57
7.138624999999901,57
7.141529999999939,57
7.141529999999939,56
7.141529999999939,56
7.1486549999999,57
7.1486999999999,57
7.153029999999939,57
7.153029999999939,56
7.153029999999939,56
7.1587299999999,57
7.1587749999999,57
7.164529999999939,57
7.164529999999939,56
7.164529999999939,56
7.1688049999998995,57
7.1688499999999,57
7.176029999999939,57
7.176029999999939,56
7.176029999999939,56
7.178879999999899,57
7.178924999999899,57
7.1875299999999385,57
7.1875299999999385,56
7.1875299999999385,56
7.188954999999899,57
7.188999999999899,57
7.199029999999898,58
7.199029999999938,58
7.199029999999938,57
7.199029999999938,57
7.199059999999898,58
7.199074999999898,58
7.209104999999898,59
7.209149999999898,59
7.210529999999938,59
7.210529999999938,58
7.210529999999938,58
7.219179999999898,59
7.219224999999898,59
7.222029999999938,59
7.222029999999938,58
7.222029999999938,58
7.229254999999897,59
7.229299999999897,59
7.233529999999938,59
7.233529999999938,58
7.233529999999938,58
7.239329999999897,59
7.239374999999897,59
7.245029999999938,59
7.245029999999938,58
7.245029999999938,58
7.249404999999896,59
7.2494499999998965,59
7.2565299999999375,59
7.2565299999999375,58
7.2565299999999375,58
7.259479999999896,59
7.259524999999896,59
7.268029999999937,59
7.268029999999937,58
7.268029999999937,58
7.269554999999896,59
7.269599999999896,59
7.279529999999937,59
7.279529999999937,58
7.279529999999937,58
7.279629999999895,59
7.279674999999895,59
7.289704999999895,60
7.289749999999895,60
7.291029999999937,60
7.291029999999937,59
7.291029999999937,59
7.2997799999998945,60
7.2998249999998945,60
7.302529999999937,60
7.302529999999937,59
7.302529999999937,59
7.309854999999894,60
7.309899999999894,60
7.314029999999937,60
7.314029999999937,59
7.314029999999937,59
7.319929999999894,60
7.319974999999894,60
7.325529999999937,60
7.325529999999937,59
7.325529999999937,59
7.330004999999893,60
7.330049999999893,60
7.337029999999936,60
7.337029999999936,59
7.337029999999936,59
7.340079999999893,60
7.340124999999893,60
7.348529999999936,60
7.348529999999936,59
7.348529999999936,59
7.3501549999998925,60
7.350199999999893,60
7.360029999999936,60
7.360029999999936,59
7.360029999999936,59
7.360229999999892,60
7.360274999999892,60
7.370304999999892,61
7.370349999999892,61
7.371529999999936,61
7.371529999999936,60
7.371529999999936,60
7.380379999999891,61
7.380424999999891,61
7.383029999999936,61
7.383029999999936,60
7.383029999999936,60
7.390454999999891,61
7.390499999999891,61
7.394529999999936,61
7.394529999999936,60
7.394529999999936,60
7.400529999999891,61
7.40055999999989,62
7.400574999999891,62
7.4060299999999355,62
7.4060299999999355,61
7.4060299999999355,61
7.41060499999989,62
7.417529999999935,62
7.417529999999935,61
7.417529999999935,61
7.429029999999935,61
7.429029999999935,60
7.429029999999935,60
7.440529999999935,60
7.440529999999935,59
7.440529999999935,59
7.452029999999935,59
7.452029999999935,58
7.452029999999935,58
7.463529999999935,58
7.463529999999935,57
7.463529999999935,57
7.475029999999935,57
7.475029999999935,56
7.475029999999935,56
7.486529999999934,56
7.486529999999934,55
7.486529999999934,55
7.498029999999934,55
7.498029999999934,54
7.498029999999934,54
7.509529999999934,54
7.509529999999934,53
7.509529999999934,53
7.51064999999989,53
7.5206799999998895,54
7.5207249999998895,54
7.521029999999934,54
7.521029999999934,53
7.521029999999934,53
7.530754999999889,54
7.530799999999889,54
7.532529999999934,54
7.532529999999934,53
7.532529999999934,53
7.540829999999889,54
7.540874999999889,54
7.544029999999934,54
7.544029999999934,53
7.544029999999934,53
7.550904999999888,54
7.550949999999888,54
7.5555299999999335,54
7.5555299999999335,53
7.5555299999999335,53
7.560979999999888,54
7.561024999999888,54
7.567029999999933,54
7.567029999999933,53
7.567029999999933,53
7.5710549999998875,54
7.571099999999888,54
7.578529999999933,54
7.578529999999933,53
7.578529999999933,53
7.581129999999887,54
7.581174999999887,54
7.590029999999933,54
7.590029999999933,53
7.590029999999933,53
7.591204999999887,54
7.591249999999887,54
7.601279999999886,55
7.601324999999886,55
7.601529999999933,55
7.601529999999933,54
7.601529999999933,54
7.611354999999886,55
7.611399999999886,55
7.613029999999933,55
7.613029999999933,54
7.613029999999933,54
7.621429999999886,55
7.621474999999886,55
7.6245299999999325,55
7.6245299999999325,54
7.6245299999999325,54
7.631504999999885,55
7.631549999999885,55
7.636029999999932,55
7.636029999999932,54
7.636029999999932,54
7.641579999999885,55
7.641624999999885,55
7.647529999999932,55
7.647529999999932,54
7.647529999999932,54
7.651654999999884,55
7.6516999999998845,55
7.659029999999932,55
7.659029999999932,54
7.659029999999932,54
7.661729999999884,55
7.661774999999884,55
7.670529999999932,55
7.670529999999932,54
7.670529999999932,54
7.671804999999884,55
7.671849999999884,55
7.681879999999883,56
7.681924999999883,56
7.682029999999932,56
7.682029999999932,55
7.682029999999932,55
7.691954999999883,56
7.691999999999883,56
7.693529999999932,56
7.693529999999932,55
7.693529999999932,55
7.7020299999998825,56
7.702059999999882,57
7.7020749999998825,57
7.705029999999931,57
7.705029999999931,56
7.705029999999931,56
7.712104999999882,57
7.712149999999882,57
7.716529999999931,57
7.716529999999931,56
7.716529999999931,56
7.722179999999882,57
7.722224999999882,57
7.728029999999931,57
7.728029999999931,56
7.728029999999931,56
7.732254999999881,57
7.732299999999881,57
7.739529999999931,57
7.739529999999931,56
7.739529999999931,56
7.742329999999881,57
7.742374999999881,57
7.751029999999931,57
7.751029999999931,56
7.751029999999931,56
7.7524049999998805,57
7.752449999999881,57
7.76247999999988,58
7.76252499999988,58
7.762529999999931,58
7.762529999999931,57
7.762529999999931,57
7.77255499999988,58
7.77259999999988,58
7.7740299999999305,58
7.7740299999999305,57
7.7740299999999305,57
7.782629999999879,58
7.782674999999879,58
7.78552999999993,58
7.78552999999993,57
7.78552999999993,57
7.792704999999879,58
7.792749999999879,58
7.79702999999993,58
7.79702999999993,57
7.79702999999993,57
7.802779999999879,58
7.802824999999879,58
7.80852999999993,58
7.80852999999993,57
7.80852999999993,57
7.812854999999878,58
7.812899999999878,58
7.82002999999993,58
7.82002999999993,57
7.82002999999993,57
7.822929999999878,58
7.822974999999878,58
7.83152999999993,58
7.83152999999993,57
7.83152999999993,57
7.833004999999877,58
7.8330499999998775,58
7.84302999999993,58
7.84302999999993,57
7.84302999999993,57
7.843079999999877,58
7.843124999999877,58
7.853154999999877,59
7.853199999999877,59
7.854529999999929,59
7.854529999999929,58
7.854529999999929,58
7.863229999999876,59
7.863274999999876,59
7.866029999999929,59
7.866029999999929,58
7.866029999999929,58
7.873304999999876,59
7.873349999999876,59
7.877529999999929,59
7.877529999999929,58
7.877529999999929,58
7.8833799999998755,59
7.883424999999876,59
7.889029999999929,59
7.889029999999929,58
7.889029999999929,58
7.893454999999875,59
7.893499999999875,59
7.900529999999929,59
7.900529999999929,58
7.900529999999929,58
7.903529999999875,59
7.9035599999998745,60
7.903574999999875,60
7.912029999999929,60
7.912029999999929,59
7.912029999999929,59
7.913604999999874,60
7.913649999999874,60
7.9235299999999285,60
7.9235299999999285,59
7.9235299999999285,59
7.923679999999874,60
7.923724999999874,60
7.9337549999998735,61
7.933799999999874,61
7.935029999999928,61
7.935029999999928,60
7.935029999999928,60
7.943829999999873,61
7.943874999999873,61
7.946529999999928,61
7.946529999999928,60
7.946529999999928,60
7.953904999999873,61
7.953949999999873,61
7.958029999999928,61
7.958029999999928,60
7.958029999999928,60
7.963979999999872,61
7.9640249999998725,61
7.969529999999928,61
7.969529999999928,60
7.969529999999928,60
7.974054999999872,61
7.974099999999872,61
7.981029999999928,61
7.981029999999928,60
7.981029999999928,60
7.984129999999872,61
7.984174999999872,61
7.9925299999999275,61
7.9925299999999275,60
7.9925299999999275,60
7.994204999999871,61
7.994249999999871,61
8.004029999999927,61
8.004029999999927,60
8.004029999999927,60
8.004279999999872,61
8.004324999999872,61
8.014354999999872,62
8.01439999999987,62
8.015529999999927,62
8.015529999999927,61
8.015529999999927,61
8.024429999999871,62
8.024474999999871,62
8.027029999999927,62
8.027029999999927,61
8.027029999999927,61
8.034504999999871,62
8.034549999999872,62
8.038529999999927,62
8.038529999999927,61
8.038529999999927,61
8.044579999999872,62
8.044624999999872,62
8.050029999999927,62
8.050029999999927,61
8.050029999999927,61
8.054654999999872,62
8.054699999999873,62
8.061529999999927,62
8.061529999999927,61
8.061529999999927,61
8.064729999999873,62
8.064774999999873,62
8.073029999999926,62
8.073029999999926,61
8.073029999999926,61
8.074804999999873,62
8.074849999999874,62
8.084529999999926,62
8.084529999999926,61
8.084529999999926,61
8.084879999999874,62
8.084924999999874,62
8.094954999999874,63
8.094999999999875,63
8.096029999999926,63
8.096029999999926,62
8.096029999999926,62
8.105029999999875,63
8.105059999999876,64
8.105074999999875,64
8.107529999999926,64
8.107529999999926,63
8.107529999999926,63
8.115104999999875,64
8.115149999999876,64
8.119029999999926,64
8.119029999999926,63
8.119029999999926,63
8.125179999999876,64
8.125224999999876,64
8.130529999999926,64
8.130529999999926,63
8.130529999999926,63
8.135254999999876,64
8.135299999999877,64
8.142029999999925,64
8.142029999999925,63
8.142029999999925,63
8.145329999999877,64
8.145374999999877,64
8.153529999999925,64
8.153529999999925,63
8.153529999999925,63
8.155404999999877,64
8.155449999999878,64
8.165029999999925,64
8.165029999999925,63
8.165029999999925,63
8.165479999999878,64
8.165524999999878,64
8.175554999999878,65
8.175599999999879,65
8.176529999999925,65
8.176529999999925,64
8.176529999999925,64
8.185629999999879,65
8.185674999999879,65
8.188029999999925,65
8.188029999999925,64
8.188029999999925,64
8.19570499999988,65
8.19574999999988,65
8.199529999999925,65
8.199529999999925,64
8.199529999999925,64
8.20577999999988,65
8.20582499999988,65
8.211029999999925,65
8.211029999999925,64
8.211029999999925,64
8.21585499999988,65
8.21589999999988,65
8.222529999999924,65
8.222529999999924,64
8.222529999999924,64
8.225929999999881,65
8.225974999999881,65
8.234029999999924,65
8.234029999999924,64
8.234029999999924,64
8.236004999999881,65
8.245529999999924,65
8.245529999999924,64
8.245529999999924,64
8.257029999999924,64
8.257029999999924,63
8.257029999999924,63
8.268529999999924,63
8.268529999999924,62
8.268529999999924,62
8.280029999999924,62
8.280029999999924,61
8.280029999999924,61
8.291529999999923,61
8.291529999999923,60
8.291529999999923,60
8.303029999999923,60
8.303029999999923,59
8.303029999999923,59
8.314529999999923,59
8.314529999999923,58
8.314529999999923,58
8.326029999999923,58
8.326029999999923,57
8.326029999999923,57
8.336049999999881,57
8.337529999999923,57
8.337529999999923,56
8.337529999999923,56
8.346079999999882,57
8.346124999999882,57
8.349029999999923,57
8.349029999999923,56
8.349029999999923,56
8.356154999999882,57
8.356199999999882,57
8.360529999999923,57
8.360529999999923,56
8.360529999999923,56
8.366229999999883,57
8.366274999999883,57
8.372029999999922,57
8.372029999999922,56
8.372029999999922,56
8.376304999999883,57
8.376349999999883,57
8.383529999999922,57
8.383529999999922,56
8.383529999999922,56
8.386379999999884,57
8.386424999999884,57
8.395029999999922,57
8.395029999999922,56
8.395029999999922,56
8.396454999999884,57
8.396499999999884,57
8.406529999999885,58
8.406529999999922,58
8.406529999999922,57
8.406529999999922,57
8.406559999999885,58
8.406574999999885,58
8.416604999999885,59
8.416649999999885,59
8.418029999999922,59
8.418029999999922,58
8.418029999999922,58
8.426679999999886,59
8.426724999999886,59
8.429529999999922,59
8.429529999999922,58
8.429529999999922,58
8.436754999999886,59
8.436799999999886,59
8.441029999999921,59
8.441029999999921,58
8.441029999999921,58
8.446829999999887,59
8.446874999999887,59
8.452529999999921,59
8.452529999999921,58
8.452529999999921,58
8.456904999999887,59
8.456949999999887,59
8.464029999999921,59
8.464029999999921,58
8.464029999999921,58
8.466979999999888,59
8.467024999999888,59
8.475529999999921,59
8.475529999999921,58
8.475529999999921,58
8.477054999999888,59
8.477099999999888,59
8.48702999999992,59
8.48702999999992,58
8.48702999999992,58
8.487129999999889,59
8.487174999999889,59
8.497204999999889,60
8.49724999999989,60
8.49852999999992,60
8.49852999999992,59
8.49852999999992,59
8.50727999999989,60
8.50732499999989,60
8.51002999999992,60
8.51002999999992,59
8.51002999999992,59
8.51735499999989,60
8.51739999999989,60
8.52152999999992,60
8.52152999999992,59
8.52152999999992,59
8.52742999999989,60
8.52747499999989,60
8.53302999999992,60
8.53302999999992,59
8.53302999999992,59
8.537504999999891,60
8.537549999999891,60
8.54452999999992,60
8.54452999999992,59
8.54452999999992,59
8.547579999999892,60
8.547624999999892,60
8.55602999999992,60
8.55602999999992,59
8.55602999999992,59
8.557654999999892,60
8.557699999999892,60
8.56752999999992,60
8.56752999999992,59
8.56752999999992,59
8.567729999999893,60
8.567774999999893,60
8.577804999999893,61
8.577849999999893,61
8.57902999999992,61
8.57902999999992,60
8.57902999999992,60
8.587879999999894,61
8.587924999999894,61
8.59052999999992,61
8.59052999999992,60
8.59052999999992,60
8.597954999999894,61
8.597999999999894,61
8.60202999999992,61
8.60202999999992,60
8.60202999999992,60
8.608029999999895,61
8.608059999999895,62
8.608074999999895,62
8.613529999999919,62
8.613529999999919,61
8.613529999999919,61
8.618104999999895,62
8.618149999999895,62
8.625029999999919,62
8.625029999999919,61
8.625029999999919,61
8.628179999999896,62
8.628224999999896,62
8.636529999999919,62
8.636529999999919,61
8.636529999999919,61
8.638254999999896,62
8.638299999999896,62
8.648029999999919,62
8.648029999999919,61
8.648029999999919,61
8.648329999999897,62
8.648374999999897,62
8.658404999999897,63
8.658449999999897,63
8.659529999999918,63
8.659529999999918,62
8.659529999999918,62
8.668479999999898,63
8.668524999999898,63
8.671029999999918,63
8.671029999999918,62
8.671029999999918,62
8.678554999999898,63
8.678599999999898,63
8.682529999999918,63
8.682529999999918,62
8.682529999999918,62
8.688629999999899,63
8.688674999999899,63
8.694029999999918,63
8.694029999999918,62
8.694029999999918,62
8.698704999999899,63
8.6987499999999,63
8.705529999999918,63
8.705529999999918,62
8.705529999999918,62
8.7087799999999,63
8.7088249999999,63
8.717029999999918,63
8.717029999999918,62
8.717029999999918,62
8.7188549999999,63
8.7188999999999,63
8.728529999999918,63
8.728529999999918,62
8.728529999999918,62
8.7289299999999,63
8.7289749999999,63
8.739004999999901,64
8.739049999999901,64
8.740029999999917,64
8.740029999999917,63
8.740029999999917,63
8.749079999999902,64
8.749124999999902,64
8.751529999999917,64
8.751529999999917,63
8.751529999999917,63
8.759154999999902,64
8.759199999999902,64
8.763029999999917,64
8.763029999999917,63
8.763029999999917,63
8.769229999999903,64
8.769274999999903,64
8.774529999999917,64
8.774529999999917,63
8.774529999999917,63
8.779304999999903,64
8.779349999999903,64
8.786029999999917,64
8.786029999999917,63
8.786029999999917,63
8.789379999999904,64
8.789424999999904,64
8.797529999999917,64
8.797529999999917,63
8.797529999999917,63
8.799454999999904,64
8.799499999999904,64
8.809029999999916,64
8.809029999999916,63
8.809029999999916,63
8.809529999999905,64
8.809559999999905,65
8.809574999999905,65
8.819604999999905,66
8.819649999999905,66
8.820529999999916,66
8.820529999999916,65
8.820529999999916,65
8.829679999999906,66
8.829724999999906,66
8.832029999999916,66
8.832029999999916,65
8.832029999999916,65
8.839754999999906,66
8.839799999999906,66
8.843529999999916,66
8.843529999999916,65
8.843529999999916,65
8.849829999999907,66
8.849874999999907,66
8.855029999999916,66
8.855029999999916,65
8.855029999999916,65
8.859904999999907,66
8.859949999999907,66
8.866529999999916,66
8.866529999999916,65
8.866529999999916,65
8.869979999999908,66
8.870024999999908,66
8.878029999999915,66
8.878029999999915,65
8.878029999999915,65
8.880054999999908,66
8.880099999999908,66
8.889529999999915,66
8.889529999999915,65
8.889529999999915,65
8.890129999999909,66
8.890174999999909,66
8.900204999999909,67
8.90024999999991,67
8.901029999999915,67
8.901029999999915,66
8.901029999999915,66
8.91027999999991,67
8.91032499999991,67
8.912529999999915,67
8.912529999999915,66
8.912529999999915,66
8.92035499999991,67
8.92039999999991,67
8.924029999999915,67
8.924029999999915,66
8.924029999999915,66
8.93042999999991,67
8.93047499999991,67
8.935529999999915,67
8.935529999999915,66
8.935529999999915,66
8.940504999999911,67
8.940549999999911,67
8.947029999999915,67
8.947029999999915,66
8.947029999999915,66
8.950579999999912,67
8.950624999999912,67
8.958529999999914,67
8.958529999999914,66
8.958529999999914,66
8.960654999999912,67
8.960699999999912,67
8.970029999999914,67
8.970029999999914,66
8.970029999999914,66
8.970729999999913,67
8.970774999999913,67
8.980804999999913,68
8.980849999999913,68
8.981529999999914,68
8.981529999999914,67
8.981529999999914,67
8.990879999999914,68
8.990924999999914,68
8.993029999999914,68
8.993029999999914,67
8.993029999999914,67
9.000954999999914,68
9.000999999999914,68
9.004529999999914,68
9.004529999999914,67
9.004529999999914,67
9.011029999999915,68
9.011059999999915,69
9.011074999999915,69
9.016029999999914,69
9.016029999999914,68
9.016029999999914,68
9.021104999999915,69
9.021149999999915,69
9.027529999999913,69
9.027529999999913,68
9.027529999999913,68
9.031179999999916,69
9.031224999999916,69
9.039029999999913,69
9.039029999999913,68
9.039029999999913,68
9.041254999999916,69
9.041299999999916,69
9.050529999999913,69
9.050529999999913,68
9.050529999999913,68
9.051329999999917,69
9.051374999999917,69
9.061404999999917,70
9.061449999999917,70
9.062029999999913,70
9.062029999999913,69
9.062029999999913,69
9.071479999999918,70
9.073529999999913,70
9.073529999999913,69
9.073529999999913,69
9.085029999999913,69
9.085029999999913,68
9.085029999999913,68
9.096529999999913,68
9.096529999999913,67
9.096529999999913,67
9.108029999999912,67
9.108029999999912,66
9.108029999999912,66
9.119529999999912,66
9.119529999999912,65
9.119529999999912,65
9.131029999999912,65
9.131029999999912,64
9.131029999999912,64
9.142529999999912,64
9.142529999999912,63
9.142529999999912,63
9.154029999999912,63
9.154029999999912,62
9.154029999999912,62
9.165529999999912,62
9.165529999999912,61
9.165529999999912,61
9.171524999999917,61
9.177029999999911,61
9.177029999999911,60
9.177029999999911,60
9.181554999999918,61
9.181599999999918,61
9.188529999999911,61
9.188529999999911,60
9.188529999999911,60
9.191629999999918,61
9.191674999999918,61
9.200029999999911,61
9.200029999999911,60
9.200029999999911,60
9.201704999999919,61
9.201749999999919,61
9.211529999999911,61
9.211529999999911,60
9.211529999999911,60
9.21177999999992,61
9.21182499999992,61
9.22185499999992,62
9.22189999999992,62
9.22302999999991,62
9.22302999999991,61
9.22302999999991,61
9.23192999999992,62
9.23197499999992,62
9.23452999999991,62
9.23452999999991,61
9.23452999999991,61
9.24200499999992,62
9.24204999999992,62
9.24602999999991,62
9.24602999999991,61
9.24602999999991,61
9.252079999999921,62
9.252124999999921,62
9.25752999999991,62
9.25752999999991,61
9.25752999999991,61
9.262154999999922,62
9.262199999999922,62
9.26902999999991,62
9.26902999999991,61
9.26902999999991,61
9.272229999999922,62
9.272274999999922,62
9.28052999999991,62
9.28052999999991,61
9.28052999999991,61
9.282304999999923,62
9.282349999999923,62
9.29202999999991,62
9.29202999999991,61
9.29202999999991,61
9.292379999999923,62
9.292424999999923,62
9.302454999999924,63
9.302499999999924,63
9.30352999999991,63
9.30352999999991,62
9.30352999999991,62
9.312529999999924,63
9.312559999999925,64
9.312574999999924,64
9.31502999999991,64
9.31502999999991,63
9.31502999999991,63
9.322604999999925,64
9.322649999999925,64
9.32652999999991,64
9.32652999999991,63
9.32652999999991,63
9.332679999999925,64
9.332724999999925,64
9.33802999999991,64
9.33802999999991,63
9.33802999999991,63
9.342754999999926,64
9.342799999999926,64
9.349529999999909,64
9.349529999999909,63
9.349529999999909,63
9.352829999999926,64
9.352874999999926,64
9.361029999999909,64
9.361029999999909,63
9.361029999999909,63
9.362904999999927,64
9.362949999999927,64
9.372529999999909,64
9.372529999999909,63
9.372529999999909,63
9.372979999999927,64
9.373024999999927,64
9.383054999999928,65
9.383099999999928,65
9.384029999999909,65
9.384029999999909,64
9.384029999999909,64
9.393129999999928,65
9.393174999999928,65
9.395529999999908,65
9.395529999999908,64
9.395529999999908,64
9.403204999999929,65
9.403249999999929,65
9.407029999999908,65
9.407029999999908,64
9.407029999999908,64
9.41327999999993,65
9.41332499999993,65
9.418529999999908,65
9.418529999999908,64
9.418529999999908,64
9.42335499999993,65
9.42339999999993,65
9.430029999999908,65
9.430029999999908,64
9.430029999999908,64
9.43342999999993,65
9.43347499999993,65
9.441529999999908,65
9.441529999999908,64
9.441529999999908,64
9.44350499999993,65
9.44354999999993,65
9.453029999999908,65
9.453029999999908,64
9.453029999999908,64
9.453579999999931,65
9.453624999999931,65
9.463654999999932,66
9.463699999999932,66
9.464529999999908,66
9.464529999999908,65
9.464529999999908,65
9.473729999999932,66
9.473774999999932,66
9.476029999999907,66
9.476029999999907,65
9.476029999999907,65
9.483804999999933,66
9.483849999999933,66
9.487529999999907,66
9.487529999999907,65
9.487529999999907,65
9.493879999999933,66
9.493924999999933,66
9.499029999999907,66
9.499029999999907,65
9.499029999999907,65
9.503954999999934,66
9.503999999999934,66
9.510529999999907,66
9.510529999999907,65
9.510529999999907,65
9.514029999999934,66
9.514059999999935,67
9.514074999999934,67
9.522029999999907,67
9.522029999999907,66
9.522029999999907,66
9.524104999999935,67
9.524149999999935,67
9.533529999999907,67
9.533529999999907,66
9.533529999999907,66
9.534179999999935,67
9.534224999999935,67
9.544254999999936,68
9.544299999999936,68
9.545029999999906,68
9.545029999999906,67
9.545029999999906,67
9.554329999999936,68
9.554374999999936,68
9.556529999999906,68
9.556529999999906,67
9.556529999999906,67
9.564404999999937,68
9.564449999999937,68
9.568029999999906,68
9.568029999999906,67
9.568029999999906,67
9.574479999999937,68
9.574524999999937,68
9.579529999999906,68
9.579529999999906,67
9.579529999999906,67
9.584554999999938,68
9.584599999999938,68
9.591029999999906,68
9.591029999999906,67
9.591029999999906,67
9.594629999999938,68
9.594674999999938,68
9.602529999999906,68
9.602529999999906,67
9.602529999999906,67
9.604704999999939,68
9.604749999999939,68
9.614029999999905,68
9.614029999999905,67
9.614029999999905,67
9.61477999999994,68
9.61482499999994,68
9.62485499999994,69
9.62489999999994,69
9.625529999999905,69
9.625529999999905,68
9.625529999999905,68
9.63492999999994,69
9.63497499999994,69
9.637029999999905,69
9.637029999999905,68
9.637029999999905,68
9.64500499999994,69
9.64504999999994,69
9.648529999999905,69
9.648529999999905,68
9.648529999999905,68
9.655079999999941,69
9.655124999999941,69
9.660029999999905,69
9.660029999999905,68
9.660029999999905,68
9.665154999999942,69
9.665199999999942,69
9.671529999999905,69
9.671529999999905,68
9.671529999999905,68
9.675229999999942,69
9.675274999999942,69
9.683029999999905,69
9.683029999999905,68
9.683029999999905,68
9.685304999999943,69
9.685349999999943,69
9.694529999999904,69
9.694529999999904,68
9.694529999999904,68
9.695379999999943,69
9.695424999999943,69
9.705454999999944,70
9.705499999999944,70
9.706029999999904,70
9.706029999999904,69
9.706029999999904,69
9.715529999999944,70
9.715559999999945,71
9.715574999999944,71
9.717529999999904,71
9.717529999999904,70
9.717529999999904,70
9.725604999999945,71
9.725649999999945,71
9.729029999999904,71
9.729029999999904,70
9.729029999999904,70
9.735679999999945,71
9.735724999999945,71
9.740529999999904,71
9.740529999999904,70
9.740529999999904,70
9.745754999999946,71
9.745799999999946,71
9.752029999999904,71
9.752029999999904,70
9.752029999999904,70
9.755829999999946,71
9.755874999999946,71
9.763529999999903,71
9.763529999999903,70
9.763529999999903,70
9.765904999999947,71
9.765949999999947,71
9.775029999999903,71
9.775029999999903,70
9.775029999999903,70
9.775979999999947,71
9.776024999999947,71
9.786054999999948,72
9.786099999999948,72
9.786529999999903,72
9.786529999999903,71
9.786529999999903,71
9.796129999999948,72
9.796174999999948,72
9.798029999999903,72
9.798029999999903,71
9.798029999999903,71
9.806204999999949,72
9.806249999999949,72
9.809529999999903,72
9.809529999999903,71
9.809529999999903,71
9.81627999999995,72
9.81632499999995,72
9.821029999999903,72
9.821029999999903,71
9.821029999999903,71
9.82635499999995,72
9.82639999999995,72
9.832529999999903,72
9.832529999999903,71
9.832529999999903,71
9.83642999999995,72
9.83647499999995,72
9.844029999999902,72
9.844029999999902,71
9.844029999999902,71
9.84650499999995,72
9.84654999999995,72
9.855529999999902,72
9.855529999999902,71
9.855529999999902,71
9.856579999999951,72
9.856624999999951,72
9.866654999999952,73
9.866699999999952,73
9.867029999999902,73
9.867029999999902,72
9.867029999999902,72
9.876729999999952,73
9.878529999999902,73
9.878529999999902,72
9.878529999999902,72
9.890029999999902,72
9.890029999999902,71
9.890029999999902,71
9.901529999999902,71
9.901529999999902,70
9.901529999999902,70
9.913029999999901,70
9.913029999999901,69
9.913029999999901,69
9.924529999999901,69
9.924529999999901,68
9.924529999999901,68
9.936029999999901,68
9.936029999999901,67
9.936029999999901,67
9.947529999999901,67
9.947529999999901,66
9.947529999999901,66
9.9590299999999,66
9.9590299999999,65
9.9590299999999,65
9.9705299999999,65
9.9705299999999,64
9.9705299999999,64
9.976774999999952,64
9.9820299999999,64
9.9820299999999,63
9.9820299999999,63
9.986804999999952,64
9.986849999999952,64
9.9935299999999,64
9.9935299999999,63
9.9935299999999,63
9.996879999999953,64
9.996924999999953,64
