time,Queue_1_load,Queue_2_load,Queue_3_load
0.0,0.0,0.0,0.0
0.0,0.0,0.0,0.0
0.1,0.0,0.0,0.0
0.1,0.0,0.0,0.0
0.2,0.0,0.0,0.0
0.2,0.0,0.0,0.0
0.30000000000000004,0.0,0.0,0.0
0.30000000000000004,0.0,0.0,0.0
0.4,0.0,0.0,0.0
0.4,0.0,0.0,0.0
0.5,0.0,0.0,0.0
0.5,0.0,0.0,0.0
0.6,0.0,0.0,0.0
0.6,0.0,0.0,0.0
0.7,0.0,0.0,0.0
0.7,0.0,0.0,0.0
0.7999999999999999,0.0,0.0,0.0
0.7999999999999999,0.0,0.0,0.0
0.8999999999999999,0.0,0.0,0.0
0.8999999999999999,0.0,0.0,0.0
0.9999999999999999,0.0,0.0,0.0
0.9999999999999999,0.0,0.0,0.0
1.0999999999999999,0.0,0.0,0.0
1.0999999999999999,0.0,0.0,0.0
1.2,0.0,0.0,0.0
1.2,0.0,0.0,0.0
1.3,0.0,0.0,0.0
1.3,0.0,0.0,0.0
1.4000000000000001,0.0,0.0,0.0
1.4000000000000001,0.0,0.0,0.0
1.5000000000000002,0.0,0.0,0.0
1.5000000000000002,0.0,0.0,0.0
1.6000000000000003,0.0,0.0,0.0
1.6000000000000003,0.0,0.0,0.0
1.7000000000000004,0.0,0.0,0.0
1.7000000000000004,0.0,0.0,0.0
1.8000000000000005,0.0,0.0,0.0
1.8000000000000005,0.0,0.0,0.0
1.9000000000000006,0.0,0.0,0.0
1.9000000000000006,0.0,0.0,0.0
2.0000000000000004,0.0,0.0,0.0
2.0000000000000004,0.0,0.0,0.0
2.1000000000000005,0.0,0.0,0.0
2.1000000000000005,0.0,0.0,0.0
2.2000000000000006,0.0,0.0,0.0
2.2000000000000006,0.0,0.0,0.0
2.3000000000000007,0.0,0.0,0.0
2.3000000000000007,0.0,0.0,0.0
2.400000000000001,0.0,0.0,0.0
2.400000000000001,0.0,0.0,0.0
2.500000000000001,0.0,0.0,0.0
2.500000000000001,0.0,0.0,0.0
2.600000000000001,0.0,0.0,0.0
2.600000000000001,0.0,0.0,0.0
2.700000000000001,0.0,0.0,0.0
2.700000000000001,0.0,0.0,0.0
2.800000000000001,0.0,0.0,0.0
2.800000000000001,0.0,0.0,0.0
2.9000000000000012,0.0,0.0,0.0
2.9000000000000012,0.0,0.0,0.0
3.0000000000000013,0.0,0.0,0.0
3.0000000000000013,0.0,0.0,0.0
3.1000000000000014,0.0,0.0,0.0
3.1000000000000014,0.0,0.0,0.0
3.2000000000000015,0.0,0.0,0.0
3.2000000000000015,0.0,0.0,0.0
3.3000000000000016,0.0,0.0,0.0
3.3000000000000016,0.0,0.0,0.0
3.4000000000000017,0.0,0.0,0.0
3.4000000000000017,0.0,0.0,0.0
3.5000000000000018,0.0,0.0,0.0
3.5000000000000018,0.0,0.0,0.0
3.600000000000002,0.0,0.0,0.0
3.600000000000002,0.0,0.0,0.0
3.700000000000002,0.0,0.0,0.0
3.700000000000002,0.0,0.0,0.0
3.800000000000002,0.0,0.0,0.0
3.800000000000002,0.0,0.0,0.0
3.900000000000002,0.0,0.0,0.0
3.900000000000002,0.0,0.0,0.0
4.000000000000002,0.0,0.0,0.0
4.000000000000002,0.0,0.0,0.0
4.100000000000001,0.0,0.0,0.0
4.100000000000001,0.0,0.0,0.0
4.200000000000001,0.0,0.0,0.0
4.200000000000001,0.0,0.0,0.0
4.300000000000001,0.0,0.0,0.0
4.300000000000001,0.0,0.0,0.0
4.4,0.0,0.0,0.0
4.4,0.0,0.0,0.0
4.5,0.0,0.0,0.0
4.5,0.0,0.0,0.0
4.6,0.0,0.0,0.0
4.6,0.0,0.0,0.0
4.699999999999999,0.0,0.0,0.0
4.699999999999999,0.0,0.0,0.0
4.799999999999999,0.0,0.0,0.0
4.799999999999999,0.0,0.0,0.0
4.899999999999999,0.0,0.0,0.0
4.899999999999999,0.0,0.0,0.0
4.999999999999998,0.0,0.0,0.0
4.999999999999998,0.0,0.0,0.0
5.099999999999998,0.0,0.0,0.0
5.099999999999998,0.0,0.0,0.0
5.1999999999999975,0.0,0.0,0.0
5.1999999999999975,0.0,0.0,0.0
5.299999999999997,0.0,0.0,0.0
5.299999999999997,0.0,0.0,0.0
5.399999999999997,0.0,0.0,0.0
5.399999999999997,0.0,0.0,0.0
5.4999999999999964,0.0,0.0,0.0
5.4999999999999964,0.0,0.0,0.0
5.599999999999996,0.0,0.0,0.0
5.599999999999996,0.0,0.0,0.0
5.699999999999996,0.0,0.0,0.0
5.699999999999996,0.0,0.0,0.0
5.799999999999995,0.0,0.0,0.0
5.799999999999995,0.0,0.0,0.0
5.899999999999995,0.0,0.0,0.0
5.899999999999995,0.0,0.0,0.0
5.999999999999995,0.0,0.0,0.0
5.999999999999995,0.0,0.0,0.0
6.099999999999994,0.0,0.0,0.0
6.099999999999994,0.0,0.0,0.0
6.199999999999994,0.0,0.0,0.0
6.199999999999994,0.0,0.0,0.0
6.299999999999994,0.0,0.0,0.0
6.299999999999994,0.0,0.0,0.0
6.399999999999993,0.0,0.0,0.0
6.399999999999993,0.0,0.0,0.0
6.499999999999993,0.0,0.0,0.0
6.499999999999993,0.0,0.0,0.0
6.5999999999999925,0.0,0.0,0.0
6.5999999999999925,0.0,0.0,0.0
6.699999999999992,0.0,0.0,0.0
6.699999999999992,0.0,0.0,0.0
6.799999999999992,0.0,0.0,0.0
6.799999999999992,0.0,0.0,0.0
6.8999999999999915,0.0,0.0,0.0
6.8999999999999915,0.0,0.0,0.0
6.999999999999991,0.0,0.0,0.0
6.999999999999991,0.0,0.0,0.0
7.045239999999989,,1.0,
7.099999999999991,0.0,1.0,0.0
7.099999999999991,0.0,0.0,0.0
7.099999999999991,0.0,0.0,0.0
7.11007499999999,,0.0,
7.140179999999989,,1.0,
7.140209999999989,,2.0,
7.19999999999999,0.0,2.0,0.0
7.19999999999999,0.0,1.0,0.0
7.21007499999999,,1.0,
7.21007499999999,,0.0,
7.21007499999999,,0.0,
7.22014999999999,,0.0,
7.240179999999989,,1.0,
7.240209999999989,,2.0,
7.250254999999989,,3.0,
7.250284999999988,,4.0,
7.29999999999999,0.0,,0.0
7.31007499999999,,4.0,
7.31007499999999,,3.0,
7.320149999999989,,3.0,
7.320149999999989,,2.0,
7.320149999999989,,2.0,
7.320149999999989,,1.0,
7.330224999999989,,1.0,
7.330224999999989,,0.0,
7.330224999999989,,0.0,
7.3402999999999885,,0.0,
7.350254999999988,,1.0,
7.350284999999988,,2.0,
7.360329999999988,,3.0,
7.360329999999988,,4.0,
7.360359999999988,,5.0,
7.360359999999988,,6.0,
7.370404999999987,,7.0,
7.370434999999987,,8.0,
7.39999999999999,0.0,,0.0
7.4302249999999885,,8.0,
7.4302249999999885,,7.0,
7.440299999999988,,7.0,
7.440299999999988,,6.0,
7.440299999999988,,6.0,
7.440299999999988,,5.0,
7.450374999999988,,5.0,
7.450374999999988,,4.0,
7.450374999999988,,3.0,
7.450374999999988,,3.0,
7.460449999999987,,3.0,
7.460449999999987,,2.0,
7.460449999999987,,1.0,
7.460449999999987,,1.0,
7.470404999999987,,2.0,
7.470434999999987,,3.0,
7.470524999999987,,3.0,
7.470524999999987,,2.0,
7.470524999999987,,1.0,
7.470524999999987,,1.0,
7.480479999999987,,2.0,
7.480479999999987,,3.0,
7.4805099999999864,,4.0,
7.4805099999999864,,5.0,
7.480599999999987,,5.0,
7.480599999999987,,4.0,
7.480599999999987,,3.0,
7.480599999999987,,3.0,
7.490554999999986,,4.0,
7.490584999999986,,5.0,
7.490674999999986,,5.0,
7.490674999999986,,4.0,
7.490674999999986,,3.0,
7.490674999999986,,3.0,
7.499999999999989,0.0,,0.0
7.500629999999986,,4.0,
7.500629999999986,,5.0,
7.500659999999986,,6.0,
7.500659999999986,,7.0,
7.500749999999986,,7.0,
7.500749999999986,,6.0,
7.500749999999986,,5.0,
7.500749999999986,,5.0,
7.510824999999985,,5.0,
7.510824999999985,,4.0,
7.510824999999985,,3.0,
7.510824999999985,,3.0,
7.520899999999985,,3.0,
7.520899999999985,,2.0,
7.520899999999985,,1.0,
7.520899999999985,,1.0,
7.530974999999985,,1.0,
7.530974999999985,,0.0,
7.530974999999985,,0.0,
7.541049999999984,,0.0,
7.599999999999989,0.0,,0.0
7.630974999999984,,0.0,
7.641049999999984,,0.0,
7.699999999999989,0.0,,0.0
7.730974999999984,,0.0,
7.7410499999999836,,0.0,
7.799999999999988,0.0,,0.0
7.830974999999984,,0.0,
7.841049999999983,,0.0,
7.899999999999988,0.0,,0.0
7.930974999999983,,0.0,
7.941049999999983,,0.0,
7.999999999999988,0.0,,0.0
8.030974999999984,,0.0,
8.041049999999982,,0.0,
8.099999999999987,0.0,,0.0
8.130974999999983,,0.0,
8.141049999999982,,0.0,
8.199999999999987,0.0,,0.0
8.230974999999983,,0.0,
8.241049999999982,,0.0,
8.299999999999986,0.0,,0.0
8.330974999999983,,0.0,
8.341049999999981,,0.0,
8.399999999999986,0.0,,0.0
8.430974999999982,,0.0,
8.441049999999981,,0.0,
8.473165060424792,,1.0,
8.473195060424793,,2.0,
8.499999999999986,0.0,,0.0
8.530974999999982,,2.0,
8.530974999999982,,1.0,
8.54104999999998,,1.0,
8.54104999999998,,0.0,
8.541049999999982,,0.0,
8.551124999999981,,0.0,
8.575346302871692,,1.0,
8.57537630287169,,2.0,
8.587333640012728,,3.0,
8.587333640012728,,4.0,
8.587363640012729,,5.0,
8.587363640012729,,6.0,
8.599999999999985,0.0,,0.0
8.60164474000974,,7.0,
8.601674740009742,,8.0,
8.614119147508521,,9.0,
8.614119147508521,,10.0,
8.614149147508522,,11.0,
8.614149147508522,,12.0,
8.641049999999982,,12.0,
8.641049999999982,,11.0,
8.65112499999998,,11.0,
8.65112499999998,,10.0,
8.651124999999983,,10.0,
8.651124999999983,,9.0,
8.661199999999981,,9.0,
8.661199999999981,,8.0,
8.661199999999983,,8.0,
8.661199999999983,,7.0,
8.671274999999982,,7.0,
8.671274999999982,,6.0,
8.671274999999984,,6.0,
8.671274999999984,,5.0,
8.681349999999982,,5.0,
8.681349999999982,,4.0,
8.681349999999984,,4.0,
8.681349999999984,,3.0,
8.691424999999983,,3.0,
8.691424999999983,,2.0,
8.691424999999985,,2.0,
8.691424999999985,,1.0,
8.699999999999985,0.0,,0.0
8.701499999999983,,1.0,
8.701499999999983,,0.0,
8.701499999999985,,0.0,
8.711574999999984,,0.0,
8.799999999999985,0.0,,0.0
8.801499999999985,,0.0,
8.811574999999984,,0.0,
8.899999999999984,0.0,,0.0
8.901499999999984,,0.0,
8.911574999999983,,0.0,
8.999999999999984,0.0,,0.0
9.001499999999984,,0.0,
9.011574999999983,,0.0,
9.099999999999984,0.0,,0.0
9.101499999999984,,0.0,
9.111574999999982,,0.0,
9.199999999999983,0.0,,0.0
9.201499999999983,,0.0,
9.211574999999982,,0.0,
9.299999999999983,0.0,,0.0
9.301499999999983,,0.0,
9.311574999999982,,0.0,
9.399999999999983,0.0,,0.0
9.401499999999983,,0.0,
9.411574999999981,,0.0,
9.499999999999982,0.0,,0.0
9.501499999999982,,0.0,
9.510359999999983,,1.0,
9.511574999999981,,1.0,
9.511574999999981,,0.0,
9.525204999999982,,0.0,
9.599999999999982,0.0,,0.0
9.601499999999982,,0.0,
9.625204999999982,,0.0,
9.699999999999982,0.0,,0.0
9.701499999999982,,0.0,
9.725204999999981,,0.0,
9.799999999999981,0.0,,0.0
9.801499999999981,,0.0,
9.82520499999998,,0.0,
9.89999999999998,0.0,,0.0
9.90149999999998,,0.0,
9.92520499999998,,0.0,
9.99999999999998,0.0,,0.0
10.00149999999998,,0.0,
10.01022999999998,,1.0,
10.02520499999998,,1.0,
10.02520499999998,,0.0,
10.044514999999981,,0.0,
10.09999999999998,0.0,,0.0
10.10149999999998,,0.0,
10.14451499999998,,0.0,
10.19999999999998,0.0,,0.0
10.20149999999998,,0.0,
10.24451499999998,,0.0,
10.29999999999998,0.0,,0.0
10.30149999999998,,0.0,
10.34451499999998,,0.0,
10.399999999999979,0.0,,0.0
10.401499999999979,,0.0,
10.44451499999998,,0.0,
10.499999999999979,0.0,,0.0
10.501499999999979,,0.0,
10.54451499999998,,0.0,
10.599999999999978,0.0,,0.0
10.601499999999978,,0.0,
10.644514999999979,,0.0,
10.699999999999978,0.0,,0.0
10.701499999999978,,0.0,
10.744514999999978,,0.0,
10.799999999999978,0.0,,0.0
10.801499999999978,,0.0,
10.844514999999978,,0.0,
10.899999999999977,0.0,,0.0
10.901499999999977,,0.0,
10.944514999999978,,0.0,
10.999999999999977,0.0,,0.0
11.001499999999977,,0.0,
11.044514999999977,,0.0,
11.099999999999977,0.0,,0.0
11.101499999999977,,0.0,
11.144514999999977,,0.0,
11.199999999999976,0.0,,0.0
11.201499999999976,,0.0,
11.244514999999977,,0.0,
11.299999999999976,0.0,,0.0
11.301499999999976,,0.0,
11.344514999999976,,0.0,
11.399999999999975,0.0,,0.0
11.401499999999976,,0.0,
11.444514999999976,,0.0,
11.499999999999975,0.0,,0.0
11.501499999999975,,0.0,
11.544514999999976,,0.0,
11.599999999999975,0.0,,0.0
11.601499999999975,,0.0,
11.635540000000015,,1.0,
11.644514999999975,,1.0,
11.644514999999975,,0.0,
11.654589999999976,,0.0,
11.684694999999977,,1.0,
11.684724999999977,,2.0,
11.699999999999974,0.0,,0.0
11.701499999999974,,2.0,
11.701499999999974,,1.0,
11.711574999999975,,1.0,
11.711574999999975,,0.0,
11.721649999999975,,0.0,
11.741679999999976,,1.0,
11.741709999999976,,2.0,
11.751754999999976,,3.0,
11.751784999999977,,4.0,
11.754589999999975,,4.0,
11.754589999999975,,3.0,
11.764664999999976,,3.0,
11.764664999999976,,2.0,
11.774739999999976,,2.0,
11.774739999999976,,1.0,
11.784814999999977,,1.0,
11.784814999999977,,0.0,
11.794769999999977,,1.0,
11.794799999999977,,2.0,
11.794889999999977,,2.0,
11.794889999999977,,1.0,
11.799999999999974,0.0,,0.0
11.804844999999977,,2.0,
11.804874999999978,,3.0,
11.804964999999978,,3.0,
11.804964999999978,,2.0,
11.814919999999978,,3.0,
11.814949999999978,,4.0,
11.815039999999978,,4.0,
11.815039999999978,,3.0,
11.821649999999975,,3.0,
11.821649999999975,,2.0,
11.824994999999978,,3.0,
11.825024999999979,,4.0,
11.825114999999979,,4.0,
11.825114999999979,,3.0,
11.831724999999976,,3.0,
11.831724999999976,,2.0,
11.835069999999979,,3.0,
11.83509999999998,,4.0,
11.83518999999998,,4.0,
11.83518999999998,,3.0,
11.841799999999976,,3.0,
11.841799999999976,,2.0,
11.84514499999998,,3.0,
11.84517499999998,,4.0,
11.84526499999998,,4.0,
11.84526499999998,,3.0,
11.851874999999977,,3.0,
11.851874999999977,,2.0,
11.85521999999998,,3.0,
11.85524999999998,,4.0,
11.85533999999998,,4.0,
11.85533999999998,,3.0,
11.861829999999976,,4.0,
11.861859999999977,,5.0,
11.861949999999977,,5.0,
11.861949999999977,,4.0,
11.86529499999998,,5.0,
11.86532499999998,,6.0,
11.865414999999981,,6.0,
11.865414999999981,,5.0,
11.871904999999977,,6.0,
11.871934999999977,,7.0,
11.872024999999978,,7.0,
11.872024999999978,,6.0,
11.87536999999998,,7.0,
11.875399999999981,,8.0,
11.875489999999981,,8.0,
11.875489999999981,,7.0,
11.881979999999977,,8.0,
11.882009999999978,,9.0,
11.882099999999978,,9.0,
11.882099999999978,,8.0,
11.885444999999981,,9.0,
11.885474999999982,,10.0,
11.885564999999982,,10.0,
11.885564999999982,,9.0,
11.892054999999978,,10.0,
11.892084999999978,,11.0,
11.892174999999979,,11.0,
11.892174999999979,,10.0,
11.895519999999982,,11.0,
11.895549999999982,,12.0,
11.895639999999982,,12.0,
11.895639999999982,,11.0,
11.899999999999974,0.0,,0.0
11.902129999999978,,12.0,
11.902159999999979,,13.0,
11.90224999999998,,13.0,
11.90224999999998,,12.0,
11.905594999999982,,13.0,
11.905624999999983,,14.0,
11.905714999999983,,14.0,
11.905714999999983,,13.0,
11.912204999999979,,14.0,
11.91223499999998,,15.0,
11.91232499999998,,15.0,
11.91232499999998,,14.0,
11.915669999999983,,15.0,
11.915699999999983,,16.0,
11.915789999999983,,16.0,
11.915789999999983,,15.0,
11.92227999999998,,16.0,
11.92230999999998,,17.0,
11.92239999999998,,17.0,
11.92239999999998,,16.0,
11.925744999999983,,17.0,
11.925774999999984,,18.0,
11.925864999999984,,18.0,
11.925864999999984,,17.0,
11.93235499999998,,18.0,
11.93238499999998,,19.0,
11.93247499999998,,19.0,
11.93247499999998,,18.0,
11.935819999999984,,19.0,
11.935849999999984,,20.0,
11.935939999999984,,20.0,
11.935939999999984,,19.0,
11.94242999999998,,20.0,
11.942459999999981,,21.0,
11.942549999999981,,21.0,
11.942549999999981,,20.0,
11.945894999999984,,21.0,
11.945924999999985,,22.0,
11.946014999999985,,22.0,
11.946014999999985,,21.0,
11.95250499999998,,22.0,
11.952534999999981,,23.0,
11.952624999999982,,23.0,
11.952624999999982,,22.0,
11.955969999999985,,23.0,
11.955999999999985,,24.0,
11.956089999999985,,24.0,
11.956089999999985,,23.0,
11.962579999999981,,24.0,
11.962609999999982,,25.0,
11.962699999999982,,25.0,
11.962699999999982,,24.0,
11.966044999999985,,25.0,
11.966074999999986,,26.0,
11.966164999999986,,26.0,
11.966164999999986,,25.0,
11.972654999999982,,26.0,
11.972684999999982,,27.0,
11.972774999999983,,27.0,
11.972774999999983,,26.0,
11.976119999999986,,27.0,
11.976149999999986,,28.0,
11.976239999999986,,28.0,
11.976239999999986,,27.0,
11.982729999999982,,28.0,
11.982759999999983,,29.0,
11.982849999999983,,29.0,
11.982849999999983,,28.0,
11.986194999999986,,29.0,
11.986224999999987,,30.0,
11.986314999999987,,30.0,
11.986314999999987,,29.0,
11.992804999999983,,30.0,
11.992834999999983,,31.0,
11.992924999999984,,31.0,
11.992924999999984,,30.0,
11.996199999999986,,31.0,
11.996389999999987,,31.0,
11.996389999999987,,30.0,
11.999999999999973,0.0,,0.0
12.002999999999984,,30.0,
12.002999999999984,,29.0,
12.006464999999988,,29.0,
12.006464999999988,,28.0,
12.013074999999985,,28.0,
12.013074999999985,,27.0,
12.016539999999988,,27.0,
12.016539999999988,,26.0,
12.023149999999985,,26.0,
12.023149999999985,,25.0,
12.026614999999989,,25.0,
12.026614999999989,,24.0,
12.033224999999986,,24.0,
12.033224999999986,,23.0,
12.03668999999999,,23.0,
12.03668999999999,,22.0,
12.043299999999986,,22.0,
12.043299999999986,,21.0,
12.04676499999999,,21.0,
12.04676499999999,,20.0,
12.053374999999987,,20.0,
12.053374999999987,,19.0,
12.05683999999999,,19.0,
12.05683999999999,,18.0,
12.063449999999987,,18.0,
12.063449999999987,,17.0,
12.066914999999991,,17.0,
12.066914999999991,,16.0,
12.073524999999988,,16.0,
12.073524999999988,,15.0,
12.076989999999991,,15.0,
12.076989999999991,,14.0,
12.083599999999988,,14.0,
12.083599999999988,,13.0,
12.087064999999992,,13.0,
12.087064999999992,,12.0,
12.093674999999989,,12.0,
12.093674999999989,,11.0,
12.097139999999992,,11.0,
12.097139999999992,,10.0,
12.099999999999973,0.0,,0.0
12.10374999999999,,10.0,
12.10374999999999,,9.0,
12.107214999999993,,9.0,
12.107214999999993,,8.0,
12.11382499999999,,8.0,
12.11382499999999,,7.0,
12.117289999999993,,7.0,
12.117289999999993,,6.0,
12.12389999999999,,6.0,
12.12389999999999,,5.0,
12.127364999999994,,5.0,
12.127364999999994,,4.0,
12.13397499999999,,4.0,
12.13397499999999,,3.0,
12.137439999999994,,3.0,
12.137439999999994,,2.0,
12.144049999999991,,2.0,
12.144049999999991,,1.0,
12.147514999999995,,1.0,
12.147514999999995,,0.0,
12.154124999999992,,0.0,
12.157539999999996,,0.0,
12.187539999999995,,1.0,
12.199999999999973,0.0,,0.0
12.254124999999991,,1.0,
12.254124999999991,,0.0,
12.257539999999995,,0.0,
12.264124999999991,,0.0,
12.299999999999972,0.0,,0.0
12.357539999999995,,0.0,
12.36412499999999,,0.0,
12.399999999999972,0.0,,0.0
12.457539999999995,,0.0,
12.46412499999999,,0.0,
12.499999999999972,0.0,,0.0
12.557539999999994,,0.0,
12.56412499999999,,0.0,
12.599999999999971,0.0,,0.0
12.657539999999994,,0.0,
12.66412499999999,,0.0,
12.69999999999997,0.0,,0.0
12.757539999999993,,0.0,
12.76412499999999,,0.0,
12.79999999999997,0.0,,0.0
12.857539999999993,,0.0,
12.864124999999989,,0.0,
12.89999999999997,0.0,,0.0
12.957539999999993,,0.0,
12.964124999999989,,0.0,
12.99999999999997,0.0,,0.0
13.057539999999992,,0.0,
13.064124999999988,,0.0,
13.09999999999997,0.0,,0.0
13.157539999999992,,0.0,
13.164124999999988,,0.0,
13.199999999999969,0.0,,0.0
13.257539999999992,,0.0,
13.264124999999988,,0.0,
13.299999999999969,0.0,,0.0
13.357539999999991,,0.0,
13.364124999999987,,0.0,
13.399999999999968,0.0,,0.0
13.457539999999991,,0.0,
13.464124999999987,,0.0,
13.499999999999968,0.0,,0.0
13.55753999999999,,0.0,
13.564124999999986,,0.0,
13.599999999999968,0.0,,0.0
13.65753999999999,,0.0,
13.664124999999986,,0.0,
13.699999999999967,0.0,,0.0
13.75753999999999,,0.0,
13.764124999999986,,0.0,
13.799999999999967,0.0,,0.0
13.85753999999999,,0.0,
13.864124999999985,,0.0,
13.899999999999967,0.0,,0.0
13.95753999999999,,0.0,
13.964124999999985,,0.0,
13.999999999999966,0.0,,0.0
14.057539999999989,,0.0,
14.064124999999985,,0.0,
14.099999999999966,0.0,,0.0
14.157539999999988,,0.0,
14.164124999999984,,0.0,
14.199999999999966,0.0,,0.0
14.257539999999988,,0.0,
14.264124999999984,,0.0,
14.299999999999965,0.0,,0.0
14.357539999999988,,0.0,
14.364124999999984,,0.0,
14.399999999999965,0.0,,0.0
14.457539999999987,,0.0,
14.464124999999983,,0.0,
14.499999999999964,0.0,,0.0
14.557539999999987,,0.0,
14.564124999999983,,0.0,
14.599999999999964,0.0,,0.0
14.657539999999987,,0.0,
14.664124999999983,,0.0,
14.699999999999964,0.0,,0.0
14.757539999999986,,0.0,
14.764124999999982,,0.0,
14.799999999999963,0.0,,0.0
14.857539999999986,,0.0,
14.864124999999982,,0.0,
14.899999999999963,0.0,,0.0
14.957539999999986,,0.0,
14.964124999999981,,0.0,
14.999999999999963,0.0,,0.0
15.057539999999985,,0.0,
15.064124999999981,,0.0,
15.099999999999962,0.0,,0.0
15.157539999999985,,0.0,
15.16412499999998,,0.0,
15.199999999999962,0.0,,0.0
15.257539999999985,,0.0,
15.26412499999998,,0.0,
15.299999999999962,0.0,,0.0
15.357539999999984,,0.0,
15.36412499999998,,0.0,
15.399999999999961,0.0,,0.0
15.457539999999984,,0.0,
15.46412499999998,,0.0,
15.499999999999961,0.0,,0.0
15.557539999999983,,0.0,
15.56412499999998,,0.0,
15.59999999999996,0.0,,0.0
15.657539999999983,,0.0,
15.664124999999979,,0.0,
15.69999999999996,0.0,,0.0
15.757539999999983,,0.0,
15.764124999999979,,0.0,
15.79999999999996,0.0,,0.0
15.857539999999982,,0.0,
15.864124999999978,,0.0,
15.89999999999996,0.0,,0.0
15.957539999999982,,0.0,
15.964124999999978,,0.0,
15.99999999999996,0.0,,0.0
16.05753999999998,,0.0,
16.06412499999998,,0.0,
16.09999999999996,0.0,,0.0
16.157539999999983,,0.0,
16.16412499999998,,0.0,
16.19999999999996,0.0,,0.0
16.257539999999985,,0.0,
16.264124999999982,,0.0,
16.29999999999996,0.0,,0.0
16.357539999999986,,0.0,
16.364124999999984,,0.0,
16.399999999999963,0.0,,0.0
16.457539999999987,,0.0,
16.464124999999985,,0.0,
16.499999999999964,0.0,,0.0
16.51035999999997,,1.0,
16.55753999999999,,1.0,
16.55753999999999,,0.0,
16.564124999999986,,0.0,
16.57384999999999,,0.0,
16.599999999999966,0.0,,0.0
16.664124999999988,,0.0,
16.67384999999999,,0.0,
16.699999999999967,0.0,,0.0
16.76412499999999,,0.0,
16.773849999999992,,0.0,
16.79999999999997,0.0,,0.0
16.86412499999999,,0.0,
16.873849999999994,,0.0,
16.89999999999997,0.0,,0.0
16.964124999999992,,0.0,
16.973849999999995,,0.0,
16.99999999999997,0.0,,0.0
17.064124999999994,,0.0,
17.073849999999997,,0.0,
17.099999999999973,0.0,,0.0
17.164124999999995,,0.0,
17.173849999999998,,0.0,
17.199999999999974,0.0,,0.0
17.264124999999996,,0.0,
17.27385,,0.0,
17.299999999999976,0.0,,0.0
17.364124999999998,,0.0,
17.37385,,0.0,
17.399999999999977,0.0,,0.0
17.464125,,0.0,
17.473850000000002,,0.0,
17.49999999999998,0.0,,0.0
17.564125,,0.0,
17.573850000000004,,0.0,
17.59999999999998,0.0,,0.0
17.664125000000002,,0.0,
17.673850000000005,,0.0,
17.69999999999998,0.0,,0.0
17.764125000000003,,0.0,
17.773850000000007,,0.0,
17.799999999999983,0.0,,0.0
17.864125000000005,,0.0,
17.873850000000008,,0.0,
17.899999999999984,0.0,,0.0
17.964125000000006,,0.0,
17.97385000000001,,0.0,
17.999999999999986,0.0,,0.0
18.064125000000008,,0.0,
18.07385000000001,,0.0,
18.099999999999987,0.0,,0.0
18.16412500000001,,0.0,
18.173850000000012,,0.0,
18.19999999999999,0.0,,0.0
18.26412500000001,,0.0,
18.273850000000014,,0.0,
18.29999999999999,0.0,,0.0
18.364125000000012,,0.0,
18.373850000000015,,0.0,
18.39999999999999,0.0,,0.0
18.464125000000013,,0.0,
18.473850000000017,,0.0,
18.499999999999993,0.0,,0.0
18.564125000000015,,0.0,
18.573850000000018,,0.0,
18.599999999999994,0.0,,0.0
18.664125000000016,,0.0,
18.67385000000002,,0.0,
18.699999999999996,0.0,,0.0
18.764125000000018,,0.0,
18.77385000000002,,0.0,
18.799999999999997,0.0,,0.0
18.86412500000002,,0.0,
18.873850000000022,,0.0,
18.9,0.0,,0.0
18.96412500000002,,0.0,
18.973850000000024,,0.0,
19.0,0.0,,0.0
19.064125000000022,,0.0,
19.073850000000025,,0.0,
19.1,0.0,,0.0
19.164125000000023,,0.0,
19.173850000000026,,0.0,
19.200000000000003,0.0,,0.0
19.264125000000025,,0.0,
19.273850000000028,,0.0,
19.300000000000004,0.0,,0.0
19.364125000000026,,0.0,
19.37385000000003,,0.0,
19.400000000000006,0.0,,0.0
19.464125000000028,,0.0,
19.47385000000003,,0.0,
19.500000000000007,0.0,,0.0
19.56412500000003,,0.0,
19.573850000000032,,0.0,
19.60000000000001,0.0,,0.0
19.66412500000003,,0.0,
19.673850000000034,,0.0,
19.70000000000001,0.0,,0.0
19.764125000000032,,0.0,
19.773850000000035,,0.0,
19.80000000000001,0.0,,0.0
19.864125000000033,,0.0,
19.873850000000036,,0.0,
19.900000000000013,0.0,,0.0
19.964125000000035,,0.0,
19.973850000000038,,0.0,
20.000000000000014,0.0,,0.0
20.064125000000036,,0.0,
20.07385000000004,,0.0,
20.100000000000016,0.0,,0.0
20.164125000000038,,0.0,
20.17385000000004,,0.0,
20.200000000000017,0.0,,0.0
20.26412500000004,,0.0,
20.273850000000042,,0.0,
20.30000000000002,0.0,,0.0
20.36412500000004,,0.0,
20.373850000000044,,0.0,
20.40000000000002,0.0,,0.0
20.464125000000042,,0.0,
20.473850000000045,,0.0,
20.50000000000002,0.0,,0.0
20.564125000000043,,0.0,
20.573850000000046,,0.0,
20.600000000000023,0.0,,0.0
20.664125000000045,,0.0,
20.673850000000048,,0.0,
20.700000000000024,0.0,,0.0
20.764125000000046,,0.0,
20.77385000000005,,0.0,
20.800000000000026,0.0,,0.0
20.864125000000048,,0.0,
20.87385000000005,,0.0,
20.900000000000027,0.0,,0.0
20.96412500000005,,0.0,
20.973850000000052,,0.0,
21.00000000000003,0.0,,0.0
21.06412500000005,,0.0,
21.073850000000053,,0.0,
21.10000000000003,0.0,,0.0
21.164125000000052,,0.0,
21.173850000000055,,0.0,
21.20000000000003,0.0,,0.0
21.264125000000053,,0.0,
21.273850000000056,,0.0,
21.300000000000033,0.0,,0.0
21.364125000000055,,0.0,
21.373850000000058,,0.0,
21.400000000000034,0.0,,0.0
21.464125000000056,,0.0,
21.47385000000006,,0.0,
21.500000000000036,0.0,,0.0
21.564125000000057,,0.0,
21.57385000000006,,0.0,
21.600000000000037,0.0,,0.0
21.66412500000006,,0.0,
21.673850000000062,,0.0,
21.70000000000004,0.0,,0.0
21.76412500000006,,0.0,
21.773850000000063,,0.0,
21.80000000000004,0.0,,0.0
21.86412500000006,,0.0,
21.873850000000065,,0.0,
21.90000000000004,0.0,,0.0
21.964125000000063,,0.0,
21.973850000000066,,0.0,
22.000000000000043,0.0,,0.0
22.064125000000065,,0.0,
22.073850000000068,,0.0,
22.100000000000044,0.0,,0.0
22.164125000000066,,0.0,
22.17385000000007,,0.0,
22.200000000000045,0.0,,0.0
22.264125000000067,,0.0,
22.27385000000007,,0.0,
22.300000000000047,0.0,,0.0
22.36412500000007,,0.0,
22.373850000000072,,0.0,
22.40000000000005,0.0,,0.0
22.46412500000007,,0.0,
22.473850000000073,,0.0,
22.50000000000005,0.0,,0.0
22.56412500000007,,0.0,
22.573850000000075,,0.0,
22.60000000000005,0.0,,0.0
22.664125000000073,,0.0,
22.673850000000076,,0.0,
22.700000000000053,0.0,,0.0
22.764125000000075,,0.0,
22.773850000000078,,0.0,
22.800000000000054,0.0,,0.0
22.864125000000076,,0.0,
22.87385000000008,,0.0,
22.900000000000055,0.0,,0.0
22.964125000000077,,0.0,
22.97385000000008,,0.0,
23.000000000000057,0.0,,0.0
23.06412500000008,,0.0,
23.073850000000082,,0.0,
23.10000000000006,0.0,,0.0
23.16412500000008,,0.0,
23.173850000000083,,0.0,
23.20000000000006,0.0,,0.0
23.26412500000008,,0.0,
23.273850000000085,,0.0,
23.30000000000006,0.0,,0.0
23.364125000000083,,0.0,
23.373850000000086,,0.0,
23.400000000000063,0.0,,0.0
23.464125000000084,,0.0,
23.473850000000088,,0.0,
23.500000000000064,0.0,,0.0
23.564125000000086,,0.0,
23.57385000000009,,0.0,
23.600000000000065,0.0,,0.0
23.664125000000087,,0.0,
23.67385000000009,,0.0,
23.700000000000067,0.0,,0.0
23.76412500000009,,0.0,
23.773850000000092,,0.0,
23.800000000000068,0.0,,0.0
23.86412500000009,,0.0,
23.873850000000093,,0.0,
23.90000000000007,0.0,,0.0
23.96412500000009,,0.0,
23.973850000000095,,0.0,
24.00000000000007,0.0,,0.0
24.064125000000093,,0.0,
24.073850000000096,,0.0,
24.100000000000072,0.0,,0.0
24.164125000000094,,0.0,
24.173850000000098,,0.0,
24.200000000000074,0.0,,0.0
24.264125000000096,,0.0,
24.2738500000001,,0.0,
24.300000000000075,0.0,,0.0
24.364125000000097,,0.0,
24.3738500000001,,0.0,
24.400000000000077,0.0,,0.0
24.4641250000001,,0.0,
24.473850000000102,,0.0,
24.500000000000078,0.0,,0.0
24.5641250000001,,0.0,
24.573850000000103,,0.0,
24.60000000000008,0.0,,0.0
24.6641250000001,,0.0,
24.673850000000105,,0.0,
24.70000000000008,0.0,,0.0
24.764125000000103,,0.0,
24.773850000000106,,0.0,
24.800000000000082,0.0,,0.0
24.864125000000104,,0.0,
24.873850000000107,,0.0,
24.900000000000084,0.0,,0.0
24.964125000000106,,0.0,
24.97385000000011,,0.0,
25.000000000000085,0.0,,0.0
25.064125000000107,,0.0,
25.07385000000011,,0.0,
25.100000000000087,0.0,,0.0
25.16412500000011,,0.0,
25.17385000000011,,0.0,
25.200000000000088,0.0,,0.0
25.26412500000011,,0.0,
25.273850000000113,,0.0,
25.30000000000009,0.0,,0.0
25.36412500000011,,0.0,
25.373850000000115,,0.0,
25.40000000000009,0.0,,0.0
25.464125000000113,,0.0,
25.473850000000116,,0.0,
25.500000000000092,0.0,,0.0
25.564125000000114,,0.0,
25.573850000000117,,0.0,
25.600000000000094,0.0,,0.0
25.664125000000116,,0.0,
25.67385000000012,,0.0,
25.700000000000095,0.0,,0.0
25.764125000000117,,0.0,
25.77385000000012,,0.0,
25.800000000000097,0.0,,0.0
25.86412500000012,,0.0,
25.87385000000012,,0.0,
25.900000000000098,0.0,,0.0
25.96412500000012,,0.0,
25.973850000000123,,0.0,
26.0000000000001,0.0,,0.0
26.06412500000012,,0.0,
26.073850000000125,,0.0,
26.1000000000001,0.0,,0.0
26.164125000000123,,0.0,
26.173850000000126,,0.0,
26.200000000000102,0.0,,0.0
26.264125000000124,,0.0,
26.273850000000127,,0.0,
26.300000000000104,0.0,,0.0
26.364125000000126,,0.0,
26.37385000000013,,0.0,
26.400000000000105,0.0,,0.0
26.464125000000127,,0.0,
26.47385000000013,,0.0,
26.500000000000107,0.0,,0.0
26.56412500000013,,0.0,
26.57385000000013,,0.0,
26.600000000000108,0.0,,0.0
26.66412500000013,,0.0,
26.673850000000133,,0.0,
26.70000000000011,0.0,,0.0
26.76412500000013,,0.0,
26.773850000000134,,0.0,
26.80000000000011,0.0,,0.0
26.864125000000133,,0.0,
26.873850000000136,,0.0,
26.900000000000112,0.0,,0.0
26.964125000000134,,0.0,
26.973850000000137,,0.0,
27.000000000000114,0.0,,0.0
27.064125000000136,,0.0,
27.07385000000014,,0.0,
27.100000000000115,0.0,,0.0
27.164125000000137,,0.0,
27.17385000000014,,0.0,
27.200000000000117,0.0,,0.0
27.26412500000014,,0.0,
27.27385000000014,,0.0,
27.300000000000118,0.0,,0.0
27.36412500000014,,0.0,
27.373850000000143,,0.0,
27.40000000000012,0.0,,0.0
27.46412500000014,,0.0,
27.473850000000144,,0.0,
27.50000000000012,0.0,,0.0
27.564125000000143,,0.0,
27.573850000000146,,0.0,
27.600000000000122,0.0,,0.0
27.664125000000144,,0.0,
27.673850000000147,,0.0,
27.700000000000124,0.0,,0.0
27.764125000000146,,0.0,
27.77385000000015,,0.0,
27.800000000000125,0.0,,0.0
27.864125000000147,,0.0,
27.87385000000015,,0.0,
27.900000000000126,0.0,,0.0
27.96412500000015,,0.0,
27.97385000000015,,0.0,
28.000000000000128,0.0,,0.0
28.06412500000015,,0.0,
28.073850000000153,,0.0,
28.10000000000013,0.0,,0.0
28.16412500000015,,0.0,
28.173850000000154,,0.0,
28.20000000000013,0.0,,0.0
28.264125000000153,,0.0,
28.273850000000156,,0.0,
28.300000000000132,0.0,,0.0
28.364125000000154,,0.0,
28.373850000000157,,0.0,
28.400000000000134,0.0,,0.0
28.464125000000156,,0.0,
28.47385000000016,,0.0,
28.500000000000135,0.0,,0.0
28.564125000000157,,0.0,
28.57385000000016,,0.0,
28.600000000000136,0.0,,0.0
28.66412500000016,,0.0,
28.67385000000016,,0.0,
28.700000000000138,0.0,,0.0
28.76412500000016,,0.0,
28.773850000000163,,0.0,
28.80000000000014,0.0,,0.0
28.86412500000016,,0.0,
28.873850000000164,,0.0,
28.90000000000014,0.0,,0.0
28.964125000000163,,0.0,
28.973850000000166,,0.0,
29.000000000000142,0.0,,0.0
29.064125000000164,,0.0,
29.073850000000167,,0.0,
29.100000000000144,0.0,,0.0
29.164125000000165,,0.0,
29.17385000000017,,0.0,
29.200000000000145,0.0,,0.0
29.264125000000167,,0.0,
29.27385000000017,,0.0,
29.300000000000146,0.0,,0.0
29.36412500000017,,0.0,
29.37385000000017,,0.0,
29.400000000000148,0.0,,0.0
29.46412500000017,,0.0,
29.473850000000173,,0.0,
29.50000000000015,0.0,,0.0
29.56412500000017,,0.0,
29.573850000000174,,0.0,
29.60000000000015,0.0,,0.0
29.664125000000173,,0.0,
29.673850000000176,,0.0,
29.700000000000152,0.0,,0.0
29.764125000000174,,0.0,
29.773850000000177,,0.0,
29.800000000000153,0.0,,0.0
29.864125000000175,,0.0,
29.87385000000018,,0.0,
29.900000000000155,0.0,,0.0
29.964125000000177,,0.0,
29.97385000000018,,0.0,
30.000000000000156,0.0,,0.0
30.06412500000018,,0.0,
30.07385000000018,,0.0,
30.100000000000158,0.0,,0.0
30.16412500000018,,0.0,
30.173850000000183,,0.0,
30.20000000000016,0.0,,0.0
30.26412500000018,,0.0,
30.273850000000184,,0.0,
30.30000000000016,0.0,,0.0
30.364125000000183,,0.0,
30.373850000000186,,0.0,
30.400000000000162,0.0,,0.0
30.464125000000184,,0.0,
30.473850000000187,,0.0,
30.500000000000163,0.0,,0.0
30.564125000000185,,0.0,
30.57385000000019,,0.0,
30.600000000000165,0.0,,0.0
30.664125000000187,,0.0,
30.67385000000019,,0.0,
30.700000000000166,0.0,,0.0
30.76412500000019,,0.0,
30.77385000000019,,0.0,
30.800000000000168,0.0,,0.0
30.86412500000019,,0.0,
30.873850000000193,,0.0,
30.90000000000017,0.0,,0.0
30.96412500000019,,0.0,
30.973850000000194,,0.0,
31.00000000000017,0.0,,0.0
31.064125000000193,,0.0,
31.073850000000196,,0.0,
31.100000000000172,0.0,,0.0
31.164125000000194,,0.0,
31.173850000000197,,0.0,
31.200000000000173,0.0,,0.0
31.264125000000195,,0.0,
31.2738500000002,,0.0,
31.300000000000175,0.0,,0.0
31.364125000000197,,0.0,
31.3738500000002,,0.0,
31.400000000000176,0.0,,0.0
31.464125000000198,,0.0,
31.4738500000002,,0.0,
31.500000000000178,0.0,,0.0
31.5641250000002,,0.0,
31.573850000000203,,0.0,
31.60000000000018,0.0,,0.0
31.6641250000002,,0.0,
31.673850000000204,,0.0,
31.70000000000018,0.0,,0.0
31.764125000000202,,0.0,
31.773850000000206,,0.0,
31.800000000000182,0.0,,0.0
31.864125000000204,,0.0,
31.873850000000207,,0.0,
31.900000000000183,0.0,,0.0
31.964125000000205,,0.0,
31.97385000000021,,0.0,
32.000000000000185,0.0,,0.0
32.0641250000002,,0.0,
32.073850000000206,,0.0,
32.100000000000186,0.0,,0.0
32.164125000000205,,0.0,
32.17385000000021,,0.0,
32.20000000000019,0.0,,0.0
32.264125000000206,,0.0,
32.27385000000021,,0.0,
32.30000000000019,0.0,,0.0
32.36412500000021,,0.0,
32.37385000000021,,0.0,
32.40000000000019,0.0,,0.0
32.46412500000021,,0.0,
32.47385000000021,,0.0,
32.50000000000019,0.0,,0.0
32.56412500000021,,0.0,
32.57385000000021,,0.0,
32.60000000000019,0.0,,0.0
32.66412500000021,,0.0,
32.673850000000215,,0.0,
32.700000000000195,0.0,,0.0
32.76412500000021,,0.0,
32.773850000000216,,0.0,
32.800000000000196,0.0,,0.0
32.864125000000215,,0.0,
32.87385000000022,,0.0,
32.9000000000002,0.0,,0.0
32.964125000000216,,0.0,
32.97385000000022,,0.0,
33.0000000000002,0.0,,0.0
33.06412500000022,,0.0,
33.07385000000022,,0.0,
33.1000000000002,0.0,,0.0
33.16412500000022,,0.0,
33.17385000000022,,0.0,
33.2000000000002,0.0,,0.0
33.26412500000022,,0.0,
33.27385000000022,,0.0,
33.3000000000002,0.0,,0.0
33.36412500000022,,0.0,
33.373850000000225,,0.0,
33.400000000000205,0.0,,0.0
33.46412500000022,,0.0,
33.473850000000226,,0.0,
33.500000000000206,0.0,,0.0
33.564125000000224,,0.0,
33.57385000000023,,0.0,
33.60000000000021,0.0,,0.0
33.664125000000226,,0.0,
33.67385000000023,,0.0,
33.70000000000021,0.0,,0.0
33.76412500000023,,0.0,
33.77385000000023,,0.0,
33.80000000000021,0.0,,0.0
33.86412500000023,,0.0,
33.87385000000023,,0.0,
33.90000000000021,0.0,,0.0
33.96412500000023,,0.0,
33.97385000000023,,0.0,
34.00000000000021,0.0,,0.0
34.06412500000023,,0.0,
34.073850000000235,,0.0,
34.100000000000215,0.0,,0.0
34.16412500000023,,0.0,
34.173850000000236,,0.0,
34.200000000000216,0.0,,0.0
34.264125000000234,,0.0,
34.27385000000024,,0.0,
34.30000000000022,0.0,,0.0
34.364125000000236,,0.0,
34.37385000000024,,0.0,
34.40000000000022,0.0,,0.0
34.46412500000024,,0.0,
34.47385000000024,,0.0,
34.50000000000022,0.0,,0.0
34.56412500000024,,0.0,
34.57385000000024,,0.0,
34.60000000000022,0.0,,0.0
34.66412500000024,,0.0,
34.67385000000024,,0.0,
34.70000000000022,0.0,,0.0
34.76412500000024,,0.0,
34.773850000000245,,0.0,
34.800000000000225,0.0,,0.0
34.86412500000024,,0.0,
34.873850000000246,,0.0,
34.900000000000226,0.0,,0.0
34.964125000000244,,0.0,
34.97385000000025,,0.0,
35.00000000000023,0.0,,0.0
35.064125000000246,,0.0,
35.07385000000025,,0.0,
35.10000000000023,0.0,,0.0
35.16412500000025,,0.0,
35.17385000000025,,0.0,
35.20000000000023,0.0,,0.0
35.26412500000025,,0.0,
35.27385000000025,,0.0,
35.30000000000023,0.0,,0.0
35.36412500000025,,0.0,
35.37385000000025,,0.0,
35.40000000000023,0.0,,0.0
35.46412500000025,,0.0,
35.473850000000255,,0.0,
35.500000000000234,0.0,,0.0
35.56412500000025,,0.0,
35.573850000000256,,0.0,
35.600000000000236,0.0,,0.0
35.664125000000254,,0.0,
35.67385000000026,,0.0,
35.70000000000024,0.0,,0.0
35.764125000000256,,0.0,
35.77385000000026,,0.0,
35.80000000000024,0.0,,0.0
35.86412500000026,,0.0,
35.87385000000026,,0.0,
35.90000000000024,0.0,,0.0
35.96412500000026,,0.0,
35.97385000000026,,0.0,
36.00000000000024,0.0,,0.0
36.06412500000026,,0.0,
36.07385000000026,,0.0,
36.10000000000024,0.0,,0.0
36.16412500000026,,0.0,
36.173850000000265,,0.0,
36.200000000000244,0.0,,0.0
36.26412500000026,,0.0,
36.273850000000266,,0.0,
36.300000000000246,0.0,,0.0
36.364125000000264,,0.0,
36.37385000000027,,0.0,
36.40000000000025,0.0,,0.0
36.464125000000266,,0.0,
36.47385000000027,,0.0,
36.50000000000025,0.0,,0.0
36.56412500000027,,0.0,
36.57385000000027,,0.0,
36.60000000000025,0.0,,0.0
36.66412500000027,,0.0,
36.67385000000027,,0.0,
36.70000000000025,0.0,,0.0
36.76412500000027,,0.0,
36.77385000000027,,0.0,
36.80000000000025,0.0,,0.0
36.86412500000027,,0.0,
36.873850000000274,,0.0,
36.900000000000254,0.0,,0.0
36.96412500000027,,0.0,
36.973850000000276,,0.0,
37.000000000000256,0.0,,0.0
37.064125000000274,,0.0,
37.07385000000028,,0.0,
37.10000000000026,0.0,,0.0
37.164125000000276,,0.0,
37.17385000000028,,0.0,
37.20000000000026,0.0,,0.0
37.26412500000028,,0.0,
37.27385000000028,,0.0,
37.30000000000026,0.0,,0.0
37.36412500000028,,0.0,
37.37385000000028,,0.0,
37.40000000000026,0.0,,0.0
37.46412500000028,,0.0,
37.47385000000028,,0.0,
37.50000000000026,0.0,,0.0
37.56412500000028,,0.0,
37.573850000000284,,0.0,
37.600000000000264,0.0,,0.0
37.66412500000028,,0.0,
37.673850000000286,,0.0,
37.700000000000266,0.0,,0.0
37.764125000000284,,0.0,
37.77385000000029,,0.0,
37.80000000000027,0.0,,0.0
37.864125000000286,,0.0,
37.87385000000029,,0.0,
37.90000000000027,0.0,,0.0
37.96412500000029,,0.0,
37.97385000000029,,0.0,
38.00000000000027,0.0,,0.0
38.06412500000029,,0.0,
38.07385000000029,,0.0,
38.10000000000027,0.0,,0.0
38.16412500000029,,0.0,
38.17385000000029,,0.0,
38.20000000000027,0.0,,0.0
38.26412500000029,,0.0,
38.273850000000294,,0.0,
38.300000000000274,0.0,,0.0
38.36412500000029,,0.0,
38.373850000000296,,0.0,
38.400000000000276,0.0,,0.0
38.464125000000294,,0.0,
38.4738500000003,,0.0,
38.50000000000028,0.0,,0.0
38.564125000000296,,0.0,
38.5738500000003,,0.0,
38.60000000000028,0.0,,0.0
38.6641250000003,,0.0,
38.6738500000003,,0.0,
38.70000000000028,0.0,,0.0
38.7641250000003,,0.0,
38.7738500000003,,0.0,
38.80000000000028,0.0,,0.0
38.8641250000003,,0.0,
38.8738500000003,,0.0,
38.90000000000028,0.0,,0.0
38.9641250000003,,0.0,
38.973850000000304,,0.0,
39.000000000000284,0.0,,0.0
39.0641250000003,,0.0,
39.073850000000306,,0.0,
39.100000000000286,0.0,,0.0
39.164125000000304,,0.0,
39.17385000000031,,0.0,
39.20000000000029,0.0,,0.0
39.264125000000305,,0.0,
39.27385000000031,,0.0,
39.30000000000029,0.0,,0.0
39.36412500000031,,0.0,
39.37385000000031,,0.0,
39.40000000000029,0.0,,0.0
39.46412500000031,,0.0,
39.47385000000031,,0.0,
39.50000000000029,0.0,,0.0
39.56412500000031,,0.0,
39.57385000000031,,0.0,
39.60000000000029,0.0,,0.0
39.66412500000031,,0.0,
39.673850000000314,,0.0,
39.700000000000294,0.0,,0.0
39.76412500000031,,0.0,
39.773850000000316,,0.0,
39.800000000000296,0.0,,0.0
39.864125000000314,,0.0,
39.87385000000032,,0.0,
39.9000000000003,0.0,,0.0
39.964125000000315,,0.0,
39.97385000000032,,0.0,
40.0000000000003,0.0,,0.0
40.06412500000032,,0.0,
40.07385000000032,,0.0,
40.1000000000003,0.0,,0.0
40.16412500000032,,0.0,
40.17385000000032,,0.0,
40.2000000000003,0.0,,0.0
40.26412500000032,,0.0,
40.27385000000032,,0.0,
40.3000000000003,0.0,,0.0
40.36412500000032,,0.0,
40.373850000000324,,0.0,
40.400000000000304,0.0,,0.0
40.46412500000032,,0.0,
40.473850000000326,,0.0,
40.500000000000306,0.0,,0.0
40.564125000000324,,0.0,
40.57385000000033,,0.0,
40.60000000000031,0.0,,0.0
40.664125000000325,,0.0,
40.67385000000033,,0.0,
40.70000000000031,0.0,,0.0
40.76412500000033,,0.0,
40.77385000000033,,0.0,
40.80000000000031,0.0,,0.0
40.86412500000033,,0.0,
40.87385000000033,,0.0,
40.90000000000031,0.0,,0.0
40.96412500000033,,0.0,
40.97385000000033,,0.0,
41.00000000000031,0.0,,0.0
41.06412500000033,,0.0,
41.073850000000334,,0.0,
41.100000000000314,0.0,,0.0
41.16412500000033,,0.0,
41.173850000000336,,0.0,
41.200000000000315,0.0,,0.0
41.264125000000334,,0.0,
41.27385000000034,,0.0,
41.30000000000032,0.0,,0.0
41.364125000000335,,0.0,
41.37385000000034,,0.0,
41.40000000000032,0.0,,0.0
41.46412500000034,,0.0,
41.47385000000034,,0.0,
41.50000000000032,0.0,,0.0
41.56412500000034,,0.0,
41.57385000000034,,0.0,
41.60000000000032,0.0,,0.0
41.66412500000034,,0.0,
41.67385000000034,,0.0,
41.70000000000032,0.0,,0.0
41.76412500000034,,0.0,
41.773850000000344,,0.0,
41.800000000000324,0.0,,0.0
41.86412500000034,,0.0,
41.873850000000346,,0.0,
41.900000000000325,0.0,,0.0
41.964125000000344,,0.0,
41.97385000000035,,0.0,
42.00000000000033,0.0,,0.0
42.064125000000345,,0.0,
42.07385000000035,,0.0,
42.10000000000033,0.0,,0.0
42.16412500000035,,0.0,
42.17385000000035,,0.0,
42.20000000000033,0.0,,0.0
42.26412500000035,,0.0,
42.27385000000035,,0.0,
42.30000000000033,0.0,,0.0
42.36412500000035,,0.0,
42.37385000000035,,0.0,
42.40000000000033,0.0,,0.0
42.46412500000035,,0.0,
42.473850000000354,,0.0,
42.500000000000334,0.0,,0.0
42.56412500000035,,0.0,
42.573850000000355,,0.0,
42.600000000000335,0.0,,0.0
42.664125000000354,,0.0,
42.67385000000036,,0.0,
42.70000000000034,0.0,,0.0
42.764125000000355,,0.0,
42.77385000000036,,0.0,
42.80000000000034,0.0,,0.0
42.86412500000036,,0.0,
42.87385000000036,,0.0,
42.90000000000034,0.0,,0.0
42.96412500000036,,0.0,
42.97385000000036,,0.0,
43.00000000000034,0.0,,0.0
43.06412500000036,,0.0,
43.07385000000036,,0.0,
43.10000000000034,0.0,,0.0
43.16412500000036,,0.0,
43.173850000000364,,0.0,
43.200000000000344,0.0,,0.0
43.26412500000036,,0.0,
43.273850000000365,,0.0,
43.300000000000345,0.0,,0.0
43.364125000000364,,0.0,
43.37385000000037,,0.0,
43.40000000000035,0.0,,0.0
43.464125000000365,,0.0,
43.47385000000037,,0.0,
43.50000000000035,0.0,,0.0
43.56412500000037,,0.0,
43.57385000000037,,0.0,
43.60000000000035,0.0,,0.0
43.66412500000037,,0.0,
43.67385000000037,,0.0,
43.70000000000035,0.0,,0.0
43.76412500000037,,0.0,
43.77385000000037,,0.0,
43.80000000000035,0.0,,0.0
43.86412500000037,,0.0,
43.873850000000374,,0.0,
43.900000000000354,0.0,,0.0
43.96412500000037,,0.0,
43.973850000000375,,0.0,
44.000000000000355,0.0,,0.0
44.064125000000374,,0.0,
44.07385000000038,,0.0,
44.10000000000036,0.0,,0.0
44.164125000000375,,0.0,
44.17385000000038,,0.0,
44.20000000000036,0.0,,0.0
44.26412500000038,,0.0,
44.27385000000038,,0.0,
44.30000000000036,0.0,,0.0
44.36412500000038,,0.0,
44.37385000000038,,0.0,
44.40000000000036,0.0,,0.0
44.46412500000038,,0.0,
44.47385000000038,,0.0,
44.50000000000036,0.0,,0.0
44.56412500000038,,0.0,
44.573850000000384,,0.0,
44.600000000000364,0.0,,0.0
44.66412500000038,,0.0,
44.673850000000385,,0.0,
44.700000000000365,0.0,,0.0
44.764125000000384,,0.0,
44.77385000000039,,0.0,
44.80000000000037,0.0,,0.0
44.864125000000385,,0.0,
44.87385000000039,,0.0,
44.90000000000037,0.0,,0.0
44.96412500000039,,0.0,
44.97385000000039,,0.0,
45.00000000000037,0.0,,0.0
45.06412500000039,,0.0,
45.07385000000039,,0.0,
45.10000000000037,0.0,,0.0
45.16412500000039,,0.0,
45.17385000000039,,0.0,
45.20000000000037,0.0,,0.0
45.26412500000039,,0.0,
45.273850000000394,,0.0,
45.300000000000374,0.0,,0.0
45.36412500000039,,0.0,
45.373850000000395,,0.0,
45.400000000000375,0.0,,0.0
45.464125000000394,,0.0,
45.4738500000004,,0.0,
45.50000000000038,0.0,,0.0
45.564125000000395,,0.0,
45.5738500000004,,0.0,
45.60000000000038,0.0,,0.0
45.664125000000396,,0.0,
45.6738500000004,,0.0,
45.70000000000038,0.0,,0.0
45.7641250000004,,0.0,
45.7738500000004,,0.0,
45.80000000000038,0.0,,0.0
45.8641250000004,,0.0,
45.8738500000004,,0.0,
45.90000000000038,0.0,,0.0
45.9641250000004,,0.0,
45.973850000000404,,0.0,
46.000000000000384,0.0,,0.0
46.0641250000004,,0.0,
46.073850000000405,,0.0,
46.100000000000385,0.0,,0.0
46.1641250000004,,0.0,
46.17385000000041,,0.0,
46.20000000000039,0.0,,0.0
46.264125000000405,,0.0,
46.27385000000041,,0.0,
46.30000000000039,0.0,,0.0
46.364125000000406,,0.0,
46.37385000000041,,0.0,
46.40000000000039,0.0,,0.0
46.46412500000041,,0.0,
46.47385000000041,,0.0,
46.50000000000039,0.0,,0.0
46.56412500000041,,0.0,
46.57385000000041,,0.0,
46.60000000000039,0.0,,0.0
46.66412500000041,,0.0,
46.673850000000414,,0.0,
46.700000000000394,0.0,,0.0
46.76412500000041,,0.0,
46.773850000000415,,0.0,
46.800000000000395,0.0,,0.0
46.86412500000041,,0.0,
46.87385000000042,,0.0,
46.9000000000004,0.0,,0.0
46.964125000000415,,0.0,
46.97385000000042,,0.0,
47.0000000000004,0.0,,0.0
47.064125000000416,,0.0,
47.07385000000042,,0.0,
47.1000000000004,0.0,,0.0
47.16412500000042,,0.0,
47.17385000000042,,0.0,
47.2000000000004,0.0,,0.0
47.26412500000042,,0.0,
47.27385000000042,,0.0,
47.3000000000004,0.0,,0.0
47.36412500000042,,0.0,
47.373850000000424,,0.0,
47.400000000000404,0.0,,0.0
47.46412500000042,,0.0,
47.473850000000425,,0.0,
47.500000000000405,0.0,,0.0
47.56412500000042,,0.0,
47.57385000000043,,0.0,
47.600000000000406,0.0,,0.0
47.664125000000425,,0.0,
47.67385000000043,,0.0,
47.70000000000041,0.0,,0.0
47.764125000000426,,0.0,
47.77385000000043,,0.0,
47.80000000000041,0.0,,0.0
47.86412500000043,,0.0,
47.87385000000043,,0.0,
47.90000000000041,0.0,,0.0
47.96412500000043,,0.0,
47.97385000000043,,0.0,
48.00000000000041,0.0,,0.0
48.06412500000043,,0.0,
48.073850000000434,,0.0,
48.10000000000041,0.0,,0.0
48.16412500000043,,0.0,
48.173850000000435,,0.0,
48.200000000000415,0.0,,0.0
48.26412500000043,,0.0,
48.27385000000044,,0.0,
48.300000000000416,0.0,,0.0
48.364125000000435,,0.0,
48.37385000000044,,0.0,
48.40000000000042,0.0,,0.0
48.464125000000436,,0.0,
48.47385000000044,,0.0,
48.50000000000042,0.0,,0.0
48.56412500000044,,0.0,
48.57385000000044,,0.0,
48.60000000000042,0.0,,0.0
48.66412500000044,,0.0,
48.67385000000044,,0.0,
48.70000000000042,0.0,,0.0
48.76412500000044,,0.0,
48.773850000000444,,0.0,
48.80000000000042,0.0,,0.0
48.86412500000044,,0.0,
48.873850000000445,,0.0,
48.900000000000425,0.0,,0.0
48.96412500000044,,0.0,
48.973850000000446,,0.0,
49.000000000000426,0.0,,0.0
49.064125000000445,,0.0,
49.07385000000045,,0.0,
49.10000000000043,0.0,,0.0
49.164125000000446,,0.0,
49.17385000000045,,0.0,
49.20000000000043,0.0,,0.0
49.26412500000045,,0.0,
49.27385000000045,,0.0,
49.30000000000043,0.0,,0.0
49.36412500000045,,0.0,
49.37385000000045,,0.0,
49.40000000000043,0.0,,0.0
49.46412500000045,,0.0,
49.47385000000045,,0.0,
49.50000000000043,0.0,,0.0
49.56412500000045,,0.0,
49.573850000000455,,0.0,
49.600000000000435,0.0,,0.0
49.66412500000045,,0.0,
49.673850000000456,,0.0,
49.700000000000436,0.0,,0.0
49.764125000000455,,0.0,
49.77385000000046,,0.0,
49.80000000000044,0.0,,0.0
49.864125000000456,,0.0,
49.87385000000046,,0.0,
49.90000000000044,0.0,,0.0
49.96412500000046,,0.0,
49.97385000000046,,0.0,
50.00000000000044,0.0,,0.0
50.06412500000046,,0.0,
50.07385000000046,,0.0,
50.10000000000044,0.0,,0.0
50.16412500000046,,0.0,
50.17385000000046,,0.0,
50.20000000000044,0.0,,0.0
50.26412500000046,,0.0,
50.273850000000465,,0.0,
50.300000000000445,0.0,,0.0
50.36412500000046,,0.0,
50.373850000000466,,0.0,
50.400000000000446,0.0,,0.0
50.464125000000465,,0.0,
50.47385000000047,,0.0,
50.50000000000045,0.0,,0.0
50.564125000000466,,0.0,
50.57385000000047,,0.0,
50.60000000000045,0.0,,0.0
50.66412500000047,,0.0,
50.67385000000047,,0.0,
50.70000000000045,0.0,,0.0
50.76412500000047,,0.0,
50.77385000000047,,0.0,
50.80000000000045,0.0,,0.0
50.86412500000047,,0.0,
50.87385000000047,,0.0,
50.90000000000045,0.0,,0.0
50.96412500000047,,0.0,
50.973850000000475,,0.0,
51.000000000000455,0.0,,0.0
51.06412500000047,,0.0,
51.073850000000476,,0.0,
51.100000000000456,0.0,,0.0
51.164125000000475,,0.0,
51.17385000000048,,0.0,
51.20000000000046,0.0,,0.0
51.264125000000476,,0.0,
51.27385000000048,,0.0,
51.30000000000046,0.0,,0.0
51.36412500000048,,0.0,
51.37385000000048,,0.0,
51.40000000000046,0.0,,0.0
51.46412500000048,,0.0,
51.47385000000048,,0.0,
51.50000000000046,0.0,,0.0
51.56412500000048,,0.0,
51.57385000000048,,0.0,
51.60000000000046,0.0,,0.0
51.66412500000048,,0.0,
51.673850000000485,,0.0,
51.700000000000465,0.0,,0.0
51.76412500000048,,0.0,
51.773850000000486,,0.0,
51.800000000000466,0.0,,0.0
51.864125000000485,,0.0,
51.87385000000049,,0.0,
51.90000000000047,0.0,,0.0
51.964125000000486,,0.0,
51.97385000000049,,0.0,
52.00000000000047,0.0,,0.0
52.06412500000049,,0.0,
52.07385000000049,,0.0,
52.10000000000047,0.0,,0.0
52.16412500000049,,0.0,
52.17385000000049,,0.0,
52.20000000000047,0.0,,0.0
52.26412500000049,,0.0,
52.27385000000049,,0.0,
52.30000000000047,0.0,,0.0
52.36412500000049,,0.0,
52.373850000000495,,0.0,
52.400000000000475,0.0,,0.0
52.46412500000049,,0.0,
52.473850000000496,,0.0,
52.500000000000476,0.0,,0.0
52.564125000000494,,0.0,
52.5738500000005,,0.0,
52.60000000000048,0.0,,0.0
52.664125000000496,,0.0,
52.6738500000005,,0.0,
52.70000000000048,0.0,,0.0
52.7641250000005,,0.0,
52.7738500000005,,0.0,
52.80000000000048,0.0,,0.0
52.8641250000005,,0.0,
52.8738500000005,,0.0,
52.90000000000048,0.0,,0.0
52.9641250000005,,0.0,
52.9738500000005,,0.0,
53.00000000000048,0.0,,0.0
53.0641250000005,,0.0,
53.073850000000505,,0.0,
53.100000000000485,0.0,,0.0
53.1641250000005,,0.0,
53.173850000000506,,0.0,
53.200000000000486,0.0,,0.0
53.264125000000504,,0.0,
53.27385000000051,,0.0,
53.30000000000049,0.0,,0.0
53.364125000000506,,0.0,
53.37385000000051,,0.0,
53.40000000000049,0.0,,0.0
53.46412500000051,,0.0,
53.47385000000051,,0.0,
53.50000000000049,0.0,,0.0
53.56412500000051,,0.0,
53.57385000000051,,0.0,
53.60000000000049,0.0,,0.0
53.66412500000051,,0.0,
53.67385000000051,,0.0,
53.70000000000049,0.0,,0.0
53.76412500000051,,0.0,
53.773850000000515,,0.0,
53.800000000000495,0.0,,0.0
53.86412500000051,,0.0,
53.873850000000516,,0.0,
53.900000000000496,0.0,,0.0
53.964125000000514,,0.0,
53.97385000000052,,0.0,
54.0000000000005,0.0,,0.0
54.064125000000516,,0.0,
54.07385000000052,,0.0,
54.1000000000005,0.0,,0.0
54.16412500000052,,0.0,
54.17385000000052,,0.0,
54.2000000000005,0.0,,0.0
54.26412500000052,,0.0,
54.27385000000052,,0.0,
54.3000000000005,0.0,,0.0
54.36412500000052,,0.0,
54.37385000000052,,0.0,
54.4000000000005,0.0,,0.0
54.46412500000052,,0.0,
54.473850000000525,,0.0,
54.500000000000504,0.0,,0.0
54.56412500000052,,0.0,
54.573850000000526,,0.0,
54.600000000000506,0.0,,0.0
54.664125000000524,,0.0,
54.67385000000053,,0.0,
54.70000000000051,0.0,,0.0
54.764125000000526,,0.0,
54.77385000000053,,0.0,
54.80000000000051,0.0,,0.0
54.86412500000053,,0.0,
54.87385000000053,,0.0,
54.90000000000051,0.0,,0.0
54.96412500000053,,0.0,
54.97385000000053,,0.0,
55.00000000000051,0.0,,0.0
55.06412500000053,,0.0,
55.07385000000053,,0.0,
55.10000000000051,0.0,,0.0
55.16412500000053,,0.0,
55.173850000000535,,0.0,
55.200000000000514,0.0,,0.0
55.26412500000053,,0.0,
55.273850000000536,,0.0,
55.300000000000516,0.0,,0.0
55.364125000000534,,0.0,
55.37385000000054,,0.0,
55.40000000000052,0.0,,0.0
55.464125000000536,,0.0,
55.47385000000054,,0.0,
55.50000000000052,0.0,,0.0
55.56412500000054,,0.0,
55.57385000000054,,0.0,
55.60000000000052,0.0,,0.0
55.66412500000054,,0.0,
55.67385000000054,,0.0,
55.70000000000052,0.0,,0.0
55.76412500000054,,0.0,
55.77385000000054,,0.0,
55.80000000000052,0.0,,0.0
55.86412500000054,,0.0,
55.873850000000544,,0.0,
55.900000000000524,0.0,,0.0
55.96412500000054,,0.0,
55.973850000000546,,0.0,
56.000000000000526,0.0,,0.0
56.064125000000544,,0.0,
56.07385000000055,,0.0,
56.10000000000053,0.0,,0.0
56.164125000000546,,0.0,
56.17385000000055,,0.0,
56.20000000000053,0.0,,0.0
56.26412500000055,,0.0,
56.27385000000055,,0.0,
56.30000000000053,0.0,,0.0
56.36412500000055,,0.0,
56.37385000000055,,0.0,
56.40000000000053,0.0,,0.0
56.46412500000055,,0.0,
56.47385000000055,,0.0,
56.50000000000053,0.0,,0.0
56.56412500000055,,0.0,
56.573850000000554,,0.0,
56.600000000000534,0.0,,0.0
56.66412500000055,,0.0,
56.673850000000556,,0.0,
56.700000000000536,0.0,,0.0
56.764125000000554,,0.0,
56.77385000000056,,0.0,
56.80000000000054,0.0,,0.0
56.864125000000556,,0.0,
56.87385000000056,,0.0,
56.90000000000054,0.0,,0.0
56.96412500000056,,0.0,
56.97385000000056,,0.0,
57.00000000000054,0.0,,0.0
57.06412500000056,,0.0,
57.07385000000056,,0.0,
57.10000000000054,0.0,,0.0
57.16412500000056,,0.0,
57.17385000000056,,0.0,
57.20000000000054,0.0,,0.0
57.26412500000056,,0.0,
57.273850000000564,,0.0,
57.300000000000544,0.0,,0.0
57.36412500000056,,0.0,
57.373850000000566,,0.0,
57.400000000000546,0.0,,0.0
57.464125000000564,,0.0,
57.47385000000057,,0.0,
57.50000000000055,0.0,,0.0
57.564125000000566,,0.0,
57.57385000000057,,0.0,
57.60000000000055,0.0,,0.0
57.66412500000057,,0.0,
57.67385000000057,,0.0,
57.70000000000055,0.0,,0.0
57.76412500000057,,0.0,
57.77385000000057,,0.0,
57.80000000000055,0.0,,0.0
57.86412500000057,,0.0,
57.87385000000057,,0.0,
57.90000000000055,0.0,,0.0
57.96412500000057,,0.0,
57.973850000000574,,0.0,
58.000000000000554,0.0,,0.0
58.06412500000057,,0.0,
58.073850000000576,,0.0,
58.100000000000556,0.0,,0.0
58.164125000000574,,0.0,
58.17385000000058,,0.0,
58.20000000000056,0.0,,0.0
58.264125000000575,,0.0,
58.27385000000058,,0.0,
58.30000000000056,0.0,,0.0
58.36412500000058,,0.0,
58.37385000000058,,0.0,
58.40000000000056,0.0,,0.0
58.46412500000058,,0.0,
58.47385000000058,,0.0,
58.50000000000056,0.0,,0.0
58.56412500000058,,0.0,
58.57385000000058,,0.0,
58.60000000000056,0.0,,0.0
58.66412500000058,,0.0,
58.673850000000584,,0.0,
58.700000000000564,0.0,,0.0
58.76412500000058,,0.0,
58.773850000000586,,0.0,
58.800000000000566,0.0,,0.0
58.864125000000584,,0.0,
58.87385000000059,,0.0,
58.90000000000057,0.0,,0.0
58.964125000000585,,0.0,
58.97385000000059,,0.0,
59.00000000000057,0.0,,0.0
59.06412500000059,,0.0,
59.07385000000059,,0.0,
59.10000000000057,0.0,,0.0
59.16412500000059,,0.0,
59.17385000000059,,0.0,
59.20000000000057,0.0,,0.0
59.26412500000059,,0.0,
59.27385000000059,,0.0,
59.30000000000057,0.0,,0.0
59.36412500000059,,0.0,
59.373850000000594,,0.0,
59.400000000000574,0.0,,0.0
59.46412500000059,,0.0,
59.473850000000596,,0.0,
59.500000000000576,0.0,,0.0
59.564125000000594,,0.0,
59.5738500000006,,0.0,
59.60000000000058,0.0,,0.0
59.664125000000595,,0.0,
59.6738500000006,,0.0,
59.70000000000058,0.0,,0.0
59.7641250000006,,0.0,
59.7738500000006,,0.0,
59.80000000000058,0.0,,0.0
59.8641250000006,,0.0,
59.8738500000006,,0.0,
59.90000000000058,0.0,,0.0
59.9641250000006,,0.0,
59.9738500000006,,0.0,
60.00000000000058,0.0,,0.0
60.0641250000006,,0.0,
60.073850000000604,,0.0,
60.100000000000584,0.0,,0.0
60.1641250000006,,0.0,
60.173850000000606,,0.0,
60.200000000000585,0.0,,0.0
60.264125000000604,,0.0,
60.27385000000061,,0.0,
60.30000000000059,0.0,,0.0
60.364125000000605,,0.0,
60.37385000000061,,0.0,
60.40000000000059,0.0,,0.0
60.46412500000061,,0.0,
60.47385000000061,,0.0,
60.50000000000059,0.0,,0.0
60.56412500000061,,0.0,
60.57385000000061,,0.0,
60.60000000000059,0.0,,0.0
60.66412500000061,,0.0,
60.67385000000061,,0.0,
60.70000000000059,0.0,,0.0
60.76412500000061,,0.0,
60.773850000000614,,0.0,
60.800000000000594,0.0,,0.0
60.86412500000061,,0.0,
60.873850000000616,,0.0,
60.900000000000595,0.0,,0.0
60.964125000000614,,0.0,
60.97385000000062,,0.0,
61.0000000000006,0.0,,0.0
61.064125000000615,,0.0,
61.07385000000062,,0.0,
61.1000000000006,0.0,,0.0
61.16412500000062,,0.0,
61.17385000000062,,0.0,
61.2000000000006,0.0,,0.0
61.26412500000062,,0.0,
61.27385000000062,,0.0,
61.3000000000006,0.0,,0.0
61.36412500000062,,0.0,
61.37385000000062,,0.0,
61.4000000000006,0.0,,0.0
61.46412500000062,,0.0,
61.473850000000624,,0.0,
61.500000000000604,0.0,,0.0
61.56412500000062,,0.0,
61.573850000000625,,0.0,
61.600000000000605,0.0,,0.0
61.664125000000624,,0.0,
61.67385000000063,,0.0,
61.70000000000061,0.0,,0.0
61.764125000000625,,0.0,
61.77385000000063,,0.0,
61.80000000000061,0.0,,0.0
61.86412500000063,,0.0,
61.87385000000063,,0.0,
61.90000000000061,0.0,,0.0
61.96412500000063,,0.0,
61.97385000000063,,0.0,
62.00000000000061,0.0,,0.0
62.06412500000063,,0.0,
62.07385000000063,,0.0,
62.10000000000061,0.0,,0.0
62.16412500000063,,0.0,
62.173850000000634,,0.0,
62.200000000000614,0.0,,0.0
62.26412500000063,,0.0,
62.273850000000635,,0.0,
62.300000000000615,0.0,,0.0
62.364125000000634,,0.0,
62.37385000000064,,0.0,
62.40000000000062,0.0,,0.0
62.464125000000635,,0.0,
62.47385000000064,,0.0,
62.50000000000062,0.0,,0.0
62.56412500000064,,0.0,
62.57385000000064,,0.0,
62.60000000000062,0.0,,0.0
62.66412500000064,,0.0,
62.67385000000064,,0.0,
62.70000000000062,0.0,,0.0
62.76412500000064,,0.0,
62.77385000000064,,0.0,
62.80000000000062,0.0,,0.0
62.86412500000064,,0.0,
62.873850000000644,,0.0,
62.900000000000624,0.0,,0.0
62.96412500000064,,0.0,
62.973850000000645,,0.0,
63.000000000000625,0.0,,0.0
63.064125000000644,,0.0,
63.07385000000065,,0.0,
63.10000000000063,0.0,,0.0
63.164125000000645,,0.0,
63.17385000000065,,0.0,
63.20000000000063,0.0,,0.0
63.26412500000065,,0.0,
63.27385000000065,,0.0,
63.30000000000063,0.0,,0.0
63.36412500000065,,0.0,
63.37385000000065,,0.0,
63.40000000000063,0.0,,0.0
63.46412500000065,,0.0,
63.47385000000065,,0.0,
63.50000000000063,0.0,,0.0
63.56412500000065,,0.0,
63.573850000000654,,0.0,
63.600000000000634,0.0,,0.0
63.66412500000065,,0.0,
63.673850000000655,,0.0,
63.700000000000635,0.0,,0.0
63.764125000000654,,0.0,
63.77385000000066,,0.0,
63.80000000000064,0.0,,0.0
63.864125000000655,,0.0,
63.87385000000066,,0.0,
63.90000000000064,0.0,,0.0
63.96412500000066,,0.0,
63.97385000000066,,0.0,
64.00000000000064,0.0,,0.0
64.06412500000066,,0.0,
64.07385000000066,,0.0,
64.10000000000063,0.0,,0.0
64.16412500000065,,0.0,
64.17385000000066,,0.0,
64.20000000000063,0.0,,0.0
64.26412500000065,,0.0,
64.27385000000065,,0.0,
64.30000000000062,0.0,,0.0
64.36412500000064,,0.0,
64.37385000000064,,0.0,
64.40000000000062,0.0,,0.0
64.46412500000064,,0.0,
64.47385000000064,,0.0,
64.50000000000061,0.0,,0.0
64.56412500000063,,0.0,
64.57385000000063,,0.0,
64.6000000000006,0.0,,0.0
64.66412500000062,,0.0,
64.67385000000063,,0.0,
64.7000000000006,0.0,,0.0
64.76412500000062,,0.0,
64.77385000000062,,0.0,
64.8000000000006,0.0,,0.0
64.86412500000061,,0.0,
64.87385000000062,,0.0,
64.90000000000059,0.0,,0.0
64.9641250000006,,0.0,
64.97385000000061,,0.0,
65.00000000000058,0.0,,0.0
65.0641250000006,,0.0,
65.0738500000006,,0.0,
65.10000000000058,0.0,,0.0
65.1641250000006,,0.0,
65.1738500000006,,0.0,
65.20000000000057,0.0,,0.0
65.26412500000059,,0.0,
65.27385000000059,,0.0,
65.30000000000057,0.0,,0.0
65.36412500000058,,0.0,
65.37385000000059,,0.0,
65.40000000000056,0.0,,0.0
65.46412500000058,,0.0,
65.47385000000058,,0.0,
65.50000000000055,0.0,,0.0
65.56412500000057,,0.0,
65.57385000000058,,0.0,
65.60000000000055,0.0,,0.0
65.66412500000057,,0.0,
65.67385000000057,,0.0,
65.70000000000054,0.0,,0.0
65.76412500000056,,0.0,
65.77385000000056,,0.0,
65.80000000000054,0.0,,0.0
65.86412500000056,,0.0,
65.87385000000056,,0.0,
65.90000000000053,0.0,,0.0
65.96412500000055,,0.0,
65.97385000000055,,0.0,
66.00000000000053,0.0,,0.0
66.06412500000054,,0.0,
66.07385000000055,,0.0,
66.10000000000052,0.0,,0.0
66.16412500000054,,0.0,
66.17385000000054,,0.0,
66.20000000000051,0.0,,0.0
66.26412500000053,,0.0,
66.27385000000054,,0.0,
66.30000000000051,0.0,,0.0
66.36412500000053,,0.0,
66.37385000000053,,0.0,
66.4000000000005,0.0,,0.0
66.46412500000052,,0.0,
66.47385000000052,,0.0,
66.5000000000005,0.0,,0.0
66.56412500000052,,0.0,
66.57385000000052,,0.0,
66.60000000000049,0.0,,0.0
66.66412500000051,,0.0,
66.67385000000051,,0.0,
66.70000000000049,0.0,,0.0
66.7641250000005,,0.0,
66.77385000000051,,0.0,
66.80000000000048,0.0,,0.0
66.8641250000005,,0.0,
66.8738500000005,,0.0,
66.90000000000047,0.0,,0.0
66.9641250000005,,0.0,
66.9738500000005,,0.0,
67.00000000000047,0.0,,0.0
67.06412500000049,,0.0,
67.07385000000049,,0.0,
67.10000000000046,0.0,,0.0
67.16412500000048,,0.0,
67.17385000000048,,0.0,
67.20000000000046,0.0,,0.0
67.26412500000048,,0.0,
67.27385000000048,,0.0,
67.30000000000045,0.0,,0.0
67.36412500000047,,0.0,
67.37385000000047,,0.0,
67.40000000000045,0.0,,0.0
67.46412500000046,,0.0,
67.47385000000047,,0.0,
67.50000000000044,0.0,,0.0
67.56412500000046,,0.0,
67.57385000000046,,0.0,
67.60000000000043,0.0,,0.0
67.66412500000045,,0.0,
67.67385000000046,,0.0,
67.70000000000043,0.0,,0.0
67.76412500000045,,0.0,
67.77385000000045,,0.0,
67.80000000000042,0.0,,0.0
67.86412500000044,,0.0,
67.87385000000044,,0.0,
67.90000000000042,0.0,,0.0
67.96412500000044,,0.0,
67.97385000000044,,0.0,
68.00000000000041,0.0,,0.0
68.06412500000043,,0.0,
68.07385000000043,,0.0,
68.1000000000004,0.0,,0.0
68.16412500000042,,0.0,
68.17385000000043,,0.0,
68.2000000000004,0.0,,0.0
68.26412500000042,,0.0,
68.27385000000042,,0.0,
68.3000000000004,0.0,,0.0
68.36412500000041,,0.0,
68.37385000000042,,0.0,
68.40000000000039,0.0,,0.0
68.46412500000041,,0.0,
68.47385000000041,,0.0,
68.50000000000038,0.0,,0.0
68.5641250000004,,0.0,
68.5738500000004,,0.0,
68.60000000000038,0.0,,0.0
68.6641250000004,,0.0,
68.6738500000004,,0.0,
68.70000000000037,0.0,,0.0
68.76412500000039,,0.0,
68.7738500000004,,0.0,
68.80000000000037,0.0,,0.0
68.86412500000039,,0.0,
68.87385000000039,,0.0,
68.90000000000036,0.0,,0.0
68.96412500000038,,0.0,
68.97385000000038,,0.0,
69.00000000000036,0.0,,0.0
69.06412500000037,,0.0,
69.07385000000038,,0.0,
69.10000000000035,0.0,,0.0
69.16412500000037,,0.0,
69.17385000000037,,0.0,
69.20000000000034,0.0,,0.0
69.26412500000036,,0.0,
69.27385000000037,,0.0,
69.30000000000034,0.0,,0.0
69.36412500000036,,0.0,
69.37385000000036,,0.0,
69.40000000000033,0.0,,0.0
69.46412500000035,,0.0,
69.47385000000035,,0.0,
69.50000000000033,0.0,,0.0
69.56412500000035,,0.0,
69.57385000000035,,0.0,
69.60000000000032,0.0,,0.0
69.66412500000034,,0.0,
69.67385000000034,,0.0,
69.70000000000032,0.0,,0.0
69.76412500000033,,0.0,
69.77385000000034,,0.0,
69.80000000000031,0.0,,0.0
69.86412500000033,,0.0,
69.87385000000033,,0.0,
69.9000000000003,0.0,,0.0
69.96412500000032,,0.0,
69.97385000000033,,0.0,
70.0000000000003,0.0,,0.0
70.06412500000032,,0.0,
70.07385000000032,,0.0,
70.10000000000029,0.0,,0.0
70.16412500000031,,0.0,
70.17385000000031,,0.0,
70.20000000000029,0.0,,0.0
70.2641250000003,,0.0,
70.27385000000031,,0.0,
70.30000000000028,0.0,,0.0
70.3641250000003,,0.0,
70.3738500000003,,0.0,
70.40000000000028,0.0,,0.0
70.4641250000003,,0.0,
70.4738500000003,,0.0,
70.50000000000027,0.0,,0.0
70.56412500000029,,0.0,
70.57385000000029,,0.0,
70.60000000000026,0.0,,0.0
70.66412500000028,,0.0,
70.67385000000029,,0.0,
70.70000000000026,0.0,,0.0
70.76412500000028,,0.0,
70.77385000000028,,0.0,
70.80000000000025,0.0,,0.0
70.86412500000027,,0.0,
70.87385000000027,,0.0,
70.90000000000025,0.0,,0.0
70.96412500000027,,0.0,
70.97385000000027,,0.0,
71.00000000000024,0.0,,0.0
71.06412500000026,,0.0,
71.07385000000026,,0.0,
71.10000000000024,0.0,,0.0
71.16412500000025,,0.0,
71.17385000000026,,0.0,
71.20000000000023,0.0,,0.0
71.26412500000025,,0.0,
71.27385000000025,,0.0,
71.30000000000022,0.0,,0.0
71.36412500000024,,0.0,
71.37385000000025,,0.0,
71.40000000000022,0.0,,0.0
71.46412500000024,,0.0,
71.47385000000024,,0.0,
71.50000000000021,0.0,,0.0
71.56412500000023,,0.0,
71.57385000000023,,0.0,
71.60000000000021,0.0,,0.0
71.66412500000023,,0.0,
71.67385000000023,,0.0,
71.7000000000002,0.0,,0.0
71.76412500000022,,0.0,
71.77385000000022,,0.0,
71.8000000000002,0.0,,0.0
71.86412500000021,,0.0,
71.87385000000022,,0.0,
71.90000000000019,0.0,,0.0
71.96412500000021,,0.0,
71.97385000000021,,0.0,
72.00000000000018,0.0,,0.0
72.0641250000002,,0.0,
72.0738500000002,,0.0,
72.10000000000018,0.0,,0.0
72.1641250000002,,0.0,
72.1738500000002,,0.0,
72.20000000000017,0.0,,0.0
72.26412500000019,,0.0,
72.2738500000002,,0.0,
72.30000000000017,0.0,,0.0
72.36412500000019,,0.0,
72.37385000000019,,0.0,
72.40000000000016,0.0,,0.0
72.46412500000018,,0.0,
72.47385000000018,,0.0,
72.50000000000016,0.0,,0.0
72.56412500000017,,0.0,
72.57385000000018,,0.0,
72.60000000000015,0.0,,0.0
72.66412500000017,,0.0,
72.67385000000017,,0.0,
72.70000000000014,0.0,,0.0
72.76412500000016,,0.0,
72.77385000000017,,0.0,
72.80000000000014,0.0,,0.0
72.86412500000016,,0.0,
72.87385000000016,,0.0,
72.90000000000013,0.0,,0.0
72.96412500000015,,0.0,
72.97385000000016,,0.0,
73.00000000000013,0.0,,0.0
73.06412500000015,,0.0,
73.07385000000015,,0.0,
73.10000000000012,0.0,,0.0
73.16412500000014,,0.0,
73.17385000000014,,0.0,
73.20000000000012,0.0,,0.0
73.26412500000013,,0.0,
73.27385000000014,,0.0,
73.30000000000011,0.0,,0.0
73.36412500000013,,0.0,
73.37385000000013,,0.0,
73.4000000000001,0.0,,0.0
73.46412500000012,,0.0,
73.47385000000013,,0.0,
73.5000000000001,0.0,,0.0
73.56412500000012,,0.0,
73.57385000000012,,0.0,
73.6000000000001,0.0,,0.0
73.66412500000011,,0.0,
73.67385000000012,,0.0,
73.70000000000009,0.0,,0.0
73.7641250000001,,0.0,
73.77385000000011,,0.0,
73.80000000000008,0.0,,0.0
73.8641250000001,,0.0,
73.8738500000001,,0.0,
73.90000000000008,0.0,,0.0
73.9641250000001,,0.0,
73.9738500000001,,0.0,
74.00000000000007,0.0,,0.0
74.06412500000009,,0.0,
74.07385000000009,,0.0,
74.10000000000007,0.0,,0.0
74.16412500000008,,0.0,
74.17385000000009,,0.0,
74.20000000000006,0.0,,0.0
74.26412500000008,,0.0,
74.27385000000008,,0.0,
74.30000000000005,0.0,,0.0
74.36412500000007,,0.0,
74.37385000000008,,0.0,
74.40000000000005,0.0,,0.0
74.46412500000007,,0.0,
74.47385000000007,,0.0,
74.50000000000004,0.0,,0.0
74.56412500000006,,0.0,
74.57385000000006,,0.0,
74.60000000000004,0.0,,0.0
74.66412500000006,,0.0,
74.67385000000006,,0.0,
74.70000000000003,0.0,,0.0
74.76412500000005,,0.0,
74.77385000000005,,0.0,
74.80000000000003,0.0,,0.0
74.86412500000004,,0.0,
74.87385000000005,,0.0,
74.90000000000002,0.0,,0.0
74.96412500000004,,0.0,
74.97385000000004,,0.0,
75.00000000000001,0.0,,0.0
75.06412500000003,,0.0,
75.07385000000004,,0.0,
75.10000000000001,0.0,,0.0
75.16412500000003,,0.0,
75.17385000000003,,0.0,
75.2,0.0,,0.0
75.26412500000002,,0.0,
75.27385000000002,,0.0,
75.3,0.0,,0.0
75.36412500000002,,0.0,
75.37385000000002,,0.0,
75.39999999999999,0.0,,0.0
75.46412500000001,,0.0,
75.47385000000001,,0.0,
75.49999999999999,0.0,,0.0
75.564125,,0.0,
75.57385000000001,,0.0,
75.59999999999998,0.0,,0.0
75.664125,,0.0,
75.67385,,0.0,
75.69999999999997,0.0,,0.0
75.76412499999999,,0.0,
75.77385,,0.0,
75.79999999999997,0.0,,0.0
75.86412499999999,,0.0,
75.87384999999999,,0.0,
75.89999999999996,0.0,,0.0
75.96412499999998,,0.0,
75.97384999999998,,0.0,
75.99999999999996,0.0,,0.0
76.06412499999998,,0.0,
76.07384999999998,,0.0,
76.09999999999995,0.0,,0.0
76.16412499999997,,0.0,
76.17384999999997,,0.0,
76.19999999999995,0.0,,0.0
76.26412499999996,,0.0,
76.27384999999997,,0.0,
76.29999999999994,0.0,,0.0
76.36412499999996,,0.0,
76.37384999999996,,0.0,
76.39999999999993,0.0,,0.0
76.46412499999995,,0.0,
76.47384999999996,,0.0,
76.49999999999993,0.0,,0.0
76.56412499999995,,0.0,
76.57384999999995,,0.0,
76.59999999999992,0.0,,0.0
76.66412499999994,,0.0,
76.67384999999994,,0.0,
76.69999999999992,0.0,,0.0
76.76412499999994,,0.0,
76.77384999999994,,0.0,
76.79999999999991,0.0,,0.0
76.86412499999993,,0.0,
76.87384999999993,,0.0,
76.8999999999999,0.0,,0.0
76.96412499999992,,0.0,
76.97384999999993,,0.0,
76.9999999999999,0.0,,0.0
77.06412499999992,,0.0,
77.07384999999992,,0.0,
77.0999999999999,0.0,,0.0
77.16412499999991,,0.0,
77.17384999999992,,0.0,
77.19999999999989,0.0,,0.0
77.26412499999991,,0.0,
77.27384999999991,,0.0,
77.29999999999988,0.0,,0.0
77.3641249999999,,0.0,
77.3738499999999,,0.0,
77.39999999999988,0.0,,0.0
77.4641249999999,,0.0,
77.4738499999999,,0.0,
77.49999999999987,0.0,,0.0
77.56412499999989,,0.0,
77.5738499999999,,0.0,
77.59999999999987,0.0,,0.0
77.66412499999988,,0.0,
77.67384999999989,,0.0,
77.69999999999986,0.0,,0.0
77.76412499999988,,0.0,
77.77384999999988,,0.0,
77.79999999999986,0.0,,0.0
77.86412499999987,,0.0,
77.87384999999988,,0.0,
77.89999999999985,0.0,,0.0
77.96412499999987,,0.0,
77.97384999999987,,0.0,
77.99999999999984,0.0,,0.0
78.06412499999986,,0.0,
78.07384999999987,,0.0,
78.09999999999984,0.0,,0.0
78.16412499999986,,0.0,
78.17384999999986,,0.0,
78.19999999999983,0.0,,0.0
78.26412499999985,,0.0,
78.27384999999985,,0.0,
78.29999999999983,0.0,,0.0
78.36412499999985,,0.0,
78.37384999999985,,0.0,
78.39999999999982,0.0,,0.0
78.46412499999984,,0.0,
78.47384999999984,,0.0,
78.49999999999982,0.0,,0.0
78.56412499999983,,0.0,
78.57384999999984,,0.0,
78.59999999999981,0.0,,0.0
78.66412499999983,,0.0,
78.67384999999983,,0.0,
78.6999999999998,0.0,,0.0
78.76412499999982,,0.0,
78.77384999999983,,0.0,
78.7999999999998,0.0,,0.0
78.86412499999982,,0.0,
78.87384999999982,,0.0,
78.89999999999979,0.0,,0.0
78.96412499999981,,0.0,
78.97384999999981,,0.0,
78.99999999999979,0.0,,0.0
79.0641249999998,,0.0,
79.07384999999981,,0.0,
79.09999999999978,0.0,,0.0
79.1641249999998,,0.0,
79.1738499999998,,0.0,
79.19999999999978,0.0,,0.0
79.2641249999998,,0.0,
79.2738499999998,,0.0,
79.29999999999977,0.0,,0.0
79.36412499999979,,0.0,
79.37384999999979,,0.0,
79.39999999999976,0.0,,0.0
79.46412499999978,,0.0,
79.47384999999979,,0.0,
79.49999999999976,0.0,,0.0
79.56412499999978,,0.0,
79.57384999999978,,0.0,
79.59999999999975,0.0,,0.0
79.66412499999977,,0.0,
79.67384999999977,,0.0,
79.69999999999975,0.0,,0.0
79.76412499999977,,0.0,
79.77384999999977,,0.0,
79.79999999999974,0.0,,0.0
79.86412499999976,,0.0,
79.87384999999976,,0.0,
79.89999999999974,0.0,,0.0
79.96412499999975,,0.0,
79.97384999999976,,0.0,
79.99999999999973,0.0,,0.0
80.06412499999975,,0.0,
80.07384999999975,,0.0,
80.09999999999972,0.0,,0.0
80.16412499999974,,0.0,
80.17384999999975,,0.0,
80.19999999999972,0.0,,0.0
80.26412499999974,,0.0,
80.27384999999974,,0.0,
80.29999999999971,0.0,,0.0
80.36412499999973,,0.0,
80.37384999999973,,0.0,
80.39999999999971,0.0,,0.0
80.46412499999973,,0.0,
80.47384999999973,,0.0,
80.4999999999997,0.0,,0.0
80.56412499999972,,0.0,
80.57384999999972,,0.0,
80.5999999999997,0.0,,0.0
80.66412499999971,,0.0,
80.67384999999972,,0.0,
80.69999999999969,0.0,,0.0
80.76412499999971,,0.0,
80.77384999999971,,0.0,
80.79999999999968,0.0,,0.0
80.8641249999997,,0.0,
80.8738499999997,,0.0,
80.89999999999968,0.0,,0.0
80.9641249999997,,0.0,
80.9738499999997,,0.0,
80.99999999999967,0.0,,0.0
81.06412499999969,,0.0,
81.0738499999997,,0.0,
81.09999999999967,0.0,,0.0
81.16412499999969,,0.0,
81.17384999999969,,0.0,
81.19999999999966,0.0,,0.0
81.26412499999968,,0.0,
81.27384999999968,,0.0,
81.29999999999966,0.0,,0.0
81.36412499999967,,0.0,
81.37384999999968,,0.0,
81.39999999999965,0.0,,0.0
81.46412499999967,,0.0,
81.47384999999967,,0.0,
81.49999999999964,0.0,,0.0
81.56412499999966,,0.0,
81.57384999999967,,0.0,
81.59999999999964,0.0,,0.0
81.66412499999966,,0.0,
81.67384999999966,,0.0,
81.69999999999963,0.0,,0.0
81.76412499999965,,0.0,
81.77384999999965,,0.0,
81.79999999999963,0.0,,0.0
81.86412499999965,,0.0,
81.87384999999965,,0.0,
81.89999999999962,0.0,,0.0
81.96412499999964,,0.0,
81.97384999999964,,0.0,
81.99999999999962,0.0,,0.0
82.06412499999963,,0.0,
82.07384999999964,,0.0,
82.09999999999961,0.0,,0.0
82.16412499999963,,0.0,
82.17384999999963,,0.0,
82.1999999999996,0.0,,0.0
82.26412499999962,,0.0,
82.27384999999963,,0.0,
82.2999999999996,0.0,,0.0
82.36412499999962,,0.0,
82.37384999999962,,0.0,
82.3999999999996,0.0,,0.0
82.46412499999961,,0.0,
82.47384999999962,,0.0,
82.49999999999959,0.0,,0.0
82.5641249999996,,0.0,
82.57384999999961,,0.0,
82.59999999999958,0.0,,0.0
82.6641249999996,,0.0,
82.6738499999996,,0.0,
82.69999999999958,0.0,,0.0
82.7641249999996,,0.0,
82.7738499999996,,0.0,
82.79999999999957,0.0,,0.0
82.86412499999959,,0.0,
82.87384999999959,,0.0,
82.89999999999957,0.0,,0.0
82.96412499999958,,0.0,
82.97384999999959,,0.0,
82.99999999999956,0.0,,0.0
83.06412499999958,,0.0,
83.07384999999958,,0.0,
83.09999999999955,0.0,,0.0
83.16412499999957,,0.0,
83.17384999999958,,0.0,
83.19999999999955,0.0,,0.0
83.26412499999957,,0.0,
83.27384999999957,,0.0,
83.29999999999954,0.0,,0.0
83.36412499999956,,0.0,
83.37384999999956,,0.0,
83.39999999999954,0.0,,0.0
83.46412499999956,,0.0,
83.47384999999956,,0.0,
83.49999999999953,0.0,,0.0
83.56412499999955,,0.0,
83.57384999999955,,0.0,
83.59999999999953,0.0,,0.0
83.66412499999954,,0.0,
83.67384999999955,,0.0,
83.69999999999952,0.0,,0.0
83.76412499999954,,0.0,
83.77384999999954,,0.0,
83.79999999999951,0.0,,0.0
83.86412499999953,,0.0,
83.87384999999954,,0.0,
83.89999999999951,0.0,,0.0
83.96412499999953,,0.0,
83.97384999999953,,0.0,
83.9999999999995,0.0,,0.0
84.06412499999952,,0.0,
84.07384999999952,,0.0,
84.0999999999995,0.0,,0.0
84.16412499999952,,0.0,
84.17384999999952,,0.0,
84.19999999999949,0.0,,0.0
84.26412499999951,,0.0,
84.27384999999951,,0.0,
84.29999999999949,0.0,,0.0
84.3641249999995,,0.0,
84.3738499999995,,0.0,
84.39999999999948,0.0,,0.0
84.4641249999995,,0.0,
84.4738499999995,,0.0,
84.49999999999947,0.0,,0.0
84.56412499999949,,0.0,
84.5738499999995,,0.0,
84.59999999999947,0.0,,0.0
84.66412499999949,,0.0,
84.67384999999949,,0.0,
84.69999999999946,0.0,,0.0
84.76412499999948,,0.0,
84.77384999999948,,0.0,
84.79999999999946,0.0,,0.0
84.86412499999948,,0.0,
84.87384999999948,,0.0,
84.89999999999945,0.0,,0.0
84.96412499999947,,0.0,
84.97384999999947,,0.0,
84.99999999999945,0.0,,0.0
85.06412499999946,,0.0,
85.07384999999947,,0.0,
85.09999999999944,0.0,,0.0
85.16412499999946,,0.0,
85.17384999999946,,0.0,
85.19999999999943,0.0,,0.0
85.26412499999945,,0.0,
85.27384999999946,,0.0,
85.29999999999943,0.0,,0.0
85.36412499999945,,0.0,
85.37384999999945,,0.0,
85.39999999999942,0.0,,0.0
85.46412499999944,,0.0,
85.47384999999944,,0.0,
85.49999999999942,0.0,,0.0
85.56412499999944,,0.0,
85.57384999999944,,0.0,
85.59999999999941,0.0,,0.0
85.66412499999943,,0.0,
85.67384999999943,,0.0,
85.6999999999994,0.0,,0.0
85.76412499999942,,0.0,
85.77384999999943,,0.0,
85.7999999999994,0.0,,0.0
85.86412499999942,,0.0,
85.87384999999942,,0.0,
85.8999999999994,0.0,,0.0
85.96412499999941,,0.0,
85.97384999999942,,0.0,
85.99999999999939,0.0,,0.0
86.06412499999941,,0.0,
86.07384999999941,,0.0,
86.09999999999938,0.0,,0.0
86.1641249999994,,0.0,
86.1738499999994,,0.0,
86.19999999999938,0.0,,0.0
86.2641249999994,,0.0,
86.2738499999994,,0.0,
86.29999999999937,0.0,,0.0
86.36412499999939,,0.0,
86.3738499999994,,0.0,
86.39999999999937,0.0,,0.0
86.46412499999938,,0.0,
86.47384999999939,,0.0,
86.49999999999936,0.0,,0.0
86.56412499999938,,0.0,
86.57384999999938,,0.0,
86.59999999999935,0.0,,0.0
86.66412499999937,,0.0,
86.67384999999938,,0.0,
86.69999999999935,0.0,,0.0
86.76412499999937,,0.0,
86.77384999999937,,0.0,
86.79999999999934,0.0,,0.0
86.86412499999936,,0.0,
86.87384999999936,,0.0,
86.89999999999934,0.0,,0.0
86.96412499999936,,0.0,
86.97384999999936,,0.0,
86.99999999999933,0.0,,0.0
87.06412499999935,,0.0,
87.07384999999935,,0.0,
87.09999999999933,0.0,,0.0
87.16412499999934,,0.0,
87.17384999999935,,0.0,
87.19999999999932,0.0,,0.0
87.26412499999934,,0.0,
87.27384999999934,,0.0,
87.29999999999932,0.0,,0.0
87.36412499999933,,0.0,
87.37384999999934,,0.0,
87.39999999999931,0.0,,0.0
87.46412499999933,,0.0,
87.47384999999933,,0.0,
87.4999999999993,0.0,,0.0
87.56412499999932,,0.0,
87.57384999999933,,0.0,
87.5999999999993,0.0,,0.0
87.66412499999932,,0.0,
87.67384999999932,,0.0,
87.69999999999929,0.0,,0.0
87.76412499999931,,0.0,
87.77384999999931,,0.0,
87.79999999999929,0.0,,0.0
87.8641249999993,,0.0,
87.87384999999931,,0.0,
87.89999999999928,0.0,,0.0
87.9641249999993,,0.0,
87.9738499999993,,0.0,
87.99999999999928,0.0,,0.0
88.0641249999993,,0.0,
88.0738499999993,,0.0,
88.09999999999927,0.0,,0.0
88.16412499999929,,0.0,
88.17384999999929,,0.0,
88.19999999999926,0.0,,0.0
88.26412499999928,,0.0,
88.27384999999929,,0.0,
88.29999999999926,0.0,,0.0
88.36412499999928,,0.0,
88.37384999999928,,0.0,
88.39999999999925,0.0,,0.0
88.46412499999927,,0.0,
88.47384999999927,,0.0,
88.49999999999925,0.0,,0.0
88.56412499999927,,0.0,
88.57384999999927,,0.0,
88.59999999999924,0.0,,0.0
88.66412499999926,,0.0,
88.67384999999926,,0.0,
88.69999999999924,0.0,,0.0
88.76412499999925,,0.0,
88.77384999999926,,0.0,
88.79999999999923,0.0,,0.0
88.86412499999925,,0.0,
88.87384999999925,,0.0,
88.89999999999922,0.0,,0.0
88.96412499999924,,0.0,
88.97384999999925,,0.0,
88.99999999999922,0.0,,0.0
89.06412499999924,,0.0,
89.07384999999924,,0.0,
89.09999999999921,0.0,,0.0
89.16412499999923,,0.0,
89.17384999999923,,0.0,
89.1999999999992,0.0,,0.0
89.26412499999923,,0.0,
89.27384999999923,,0.0,
89.2999999999992,0.0,,0.0
89.36412499999922,,0.0,
89.37384999999922,,0.0,
89.3999999999992,0.0,,0.0
89.46412499999921,,0.0,
89.47384999999922,,0.0,
89.49999999999919,0.0,,0.0
89.56412499999921,,0.0,
89.57384999999921,,0.0,
89.59999999999918,0.0,,0.0
89.6641249999992,,0.0,
89.6738499999992,,0.0,
89.69999999999918,0.0,,0.0
89.7641249999992,,0.0,
89.7738499999992,,0.0,
89.79999999999917,0.0,,0.0
89.86412499999919,,0.0,
89.8738499999992,,0.0,
89.89999999999917,0.0,,0.0
89.96412499999919,,0.0,
89.97384999999919,,0.0,
89.99999999999916,0.0,,0.0
90.06412499999918,,0.0,
90.07384999999918,,0.0,
90.09999999999916,0.0,,0.0
90.16412499999917,,0.0,
90.17384999999918,,0.0,
90.19999999999915,0.0,,0.0
90.26412499999917,,0.0,
90.27384999999917,,0.0,
90.29999999999914,0.0,,0.0
90.36412499999916,,0.0,
90.37384999999917,,0.0,
90.39999999999914,0.0,,0.0
90.46412499999916,,0.0,
90.47384999999916,,0.0,
90.49999999999913,0.0,,0.0
90.56412499999915,,0.0,
90.57384999999915,,0.0,
90.59999999999913,0.0,,0.0
90.66412499999915,,0.0,
90.67384999999915,,0.0,
90.69999999999912,0.0,,0.0
90.76412499999914,,0.0,
90.77384999999914,,0.0,
90.79999999999912,0.0,,0.0
90.86412499999913,,0.0,
90.87384999999914,,0.0,
90.89999999999911,0.0,,0.0
90.96412499999913,,0.0,
90.97384999999913,,0.0,
90.9999999999991,0.0,,0.0
91.06412499999912,,0.0,
91.07384999999913,,0.0,
91.0999999999991,0.0,,0.0
91.16412499999912,,0.0,
91.17384999999912,,0.0,
91.1999999999991,0.0,,0.0
91.26412499999911,,0.0,
91.27384999999911,,0.0,
91.29999999999909,0.0,,0.0
91.3641249999991,,0.0,
91.37384999999911,,0.0,
91.39999999999908,0.0,,0.0
91.4641249999991,,0.0,
91.4738499999991,,0.0,
91.49999999999908,0.0,,0.0
91.5641249999991,,0.0,
91.5738499999991,,0.0,
91.59999999999907,0.0,,0.0
91.66412499999909,,0.0,
91.67384999999909,,0.0,
91.69999999999906,0.0,,0.0
91.76412499999908,,0.0,
91.77384999999909,,0.0,
91.79999999999906,0.0,,0.0
91.86412499999908,,0.0,
91.87384999999908,,0.0,
91.89999999999905,0.0,,0.0
91.96412499999907,,0.0,
91.97384999999908,,0.0,
91.99999999999905,0.0,,0.0
92.06412499999907,,0.0,
92.07384999999907,,0.0,
92.09999999999904,0.0,,0.0
92.16412499999906,,0.0,
92.17384999999906,,0.0,
92.19999999999904,0.0,,0.0
92.26412499999905,,0.0,
92.27384999999906,,0.0,
92.29999999999903,0.0,,0.0
92.36412499999905,,0.0,
92.37384999999905,,0.0,
92.39999999999903,0.0,,0.0
92.46412499999904,,0.0,
92.47384999999905,,0.0,
92.49999999999902,0.0,,0.0
92.56412499999904,,0.0,
92.57384999999904,,0.0,
92.59999999999901,0.0,,0.0
92.66412499999903,,0.0,
92.67384999999904,,0.0,
92.69999999999901,0.0,,0.0
92.76412499999903,,0.0,
92.77384999999903,,0.0,
92.799999999999,0.0,,0.0
92.86412499999902,,0.0,
92.87384999999902,,0.0,
92.899999999999,0.0,,0.0
92.96412499999902,,0.0,
92.97384999999902,,0.0,
92.99999999999899,0.0,,0.0
93.06412499999901,,0.0,
93.07384999999901,,0.0,
93.09999999999899,0.0,,0.0
93.164124999999,,0.0,
93.173849999999,,0.0,
93.19999999999898,0.0,,0.0
93.264124999999,,0.0,
93.273849999999,,0.0,
93.29999999999897,0.0,,0.0
93.36412499999899,,0.0,
93.373849999999,,0.0,
93.39999999999897,0.0,,0.0
93.46412499999899,,0.0,
93.47384999999899,,0.0,
93.49999999999896,0.0,,0.0
93.56412499999898,,0.0,
93.57384999999898,,0.0,
93.59999999999896,0.0,,0.0
93.66412499999898,,0.0,
93.67384999999898,,0.0,
93.69999999999895,0.0,,0.0
93.76412499999897,,0.0,
93.77384999999897,,0.0,
93.79999999999895,0.0,,0.0
93.86412499999896,,0.0,
93.87384999999897,,0.0,
93.89999999999894,0.0,,0.0
93.96412499999896,,0.0,
93.97384999999896,,0.0,
93.99999999999893,0.0,,0.0
94.06412499999895,,0.0,
94.07384999999896,,0.0,
94.09999999999893,0.0,,0.0
94.16412499999895,,0.0,
94.17384999999895,,0.0,
94.19999999999892,0.0,,0.0
94.26412499999894,,0.0,
94.27384999999894,,0.0,
94.29999999999892,0.0,,0.0
94.36412499999894,,0.0,
94.37384999999894,,0.0,
94.39999999999891,0.0,,0.0
94.46412499999893,,0.0,
94.47384999999893,,0.0,
94.4999999999989,0.0,,0.0
94.56412499999892,,0.0,
94.57384999999893,,0.0,
94.5999999999989,0.0,,0.0
94.66412499999892,,0.0,
94.67384999999892,,0.0,
94.6999999999989,0.0,,0.0
94.76412499999891,,0.0,
94.77384999999892,,0.0,
94.79999999999889,0.0,,0.0
94.86412499999891,,0.0,
94.87384999999891,,0.0,
94.89999999999888,0.0,,0.0
94.9641249999989,,0.0,
94.9738499999989,,0.0,
94.99999999999888,0.0,,0.0
95.0641249999989,,0.0,
95.0738499999989,,0.0,
95.09999999999887,0.0,,0.0
95.16412499999889,,0.0,
95.1738499999989,,0.0,
95.19999999999887,0.0,,0.0
95.26412499999888,,0.0,
95.27384999999889,,0.0,
95.29999999999886,0.0,,0.0
95.36412499999888,,0.0,
95.37384999999888,,0.0,
95.39999999999885,0.0,,0.0
95.46412499999887,,0.0,
95.47384999999888,,0.0,
95.49999999999885,0.0,,0.0
95.56412499999887,,0.0,
95.57384999999887,,0.0,
95.59999999999884,0.0,,0.0
95.66412499999886,,0.0,
95.67384999999886,,0.0,
95.69999999999884,0.0,,0.0
95.76412499999886,,0.0,
95.77384999999886,,0.0,
95.79999999999883,0.0,,0.0
95.86412499999885,,0.0,
95.87384999999885,,0.0,
95.89999999999883,0.0,,0.0
95.96412499999884,,0.0,
95.97384999999885,,0.0,
95.99999999999882,0.0,,0.0
96.06412499999884,,0.0,
96.07384999999884,,0.0,
96.09999999999881,0.0,,0.0
96.16412499999883,,0.0,
96.17384999999884,,0.0,
96.19999999999881,0.0,,0.0
96.26412499999883,,0.0,
96.27384999999883,,0.0,
96.2999999999988,0.0,,0.0
96.36412499999882,,0.0,
96.37384999999882,,0.0,
96.3999999999988,0.0,,0.0
96.46412499999882,,0.0,
96.47384999999882,,0.0,
96.49999999999879,0.0,,0.0
96.56412499999881,,0.0,
96.57384999999881,,0.0,
96.59999999999879,0.0,,0.0
96.6641249999988,,0.0,
96.67384999999881,,0.0,
96.69999999999878,0.0,,0.0
96.7641249999988,,0.0,
96.7738499999988,,0.0,
96.79999999999878,0.0,,0.0
96.8641249999988,,0.0,
96.8738499999988,,0.0,
96.89999999999877,0.0,,0.0
96.96412499999879,,0.0,
96.97384999999879,,0.0,
96.99999999999876,0.0,,0.0
97.06412499999878,,0.0,
97.07384999999879,,0.0,
97.09999999999876,0.0,,0.0
97.16412499999878,,0.0,
97.17384999999878,,0.0,
97.19999999999875,0.0,,0.0
97.26412499999877,,0.0,
97.27384999999877,,0.0,
97.29999999999875,0.0,,0.0
97.36412499999877,,0.0,
97.37384999999877,,0.0,
97.39999999999874,0.0,,0.0
97.46412499999876,,0.0,
97.47384999999876,,0.0,
97.49999999999874,0.0,,0.0
97.56412499999875,,0.0,
97.57384999999876,,0.0,
97.59999999999873,0.0,,0.0
97.66412499999875,,0.0,
97.67384999999875,,0.0,
97.69999999999872,0.0,,0.0
97.76412499999874,,0.0,
97.77384999999875,,0.0,
97.79999999999872,0.0,,0.0
97.86412499999874,,0.0,
97.87384999999874,,0.0,
97.89999999999871,0.0,,0.0
97.96412499999873,,0.0,
97.97384999999873,,0.0,
97.9999999999987,0.0,,0.0
98.06412499999873,,0.0,
98.07384999999873,,0.0,
98.0999999999987,0.0,,0.0
98.16412499999872,,0.0,
98.17384999999872,,0.0,
98.1999999999987,0.0,,0.0
98.26412499999871,,0.0,
98.27384999999872,,0.0,
98.29999999999869,0.0,,0.0
98.36412499999871,,0.0,
98.37384999999871,,0.0,
98.39999999999868,0.0,,0.0
98.4641249999987,,0.0,
98.4738499999987,,0.0,
98.49999999999868,0.0,,0.0
98.5641249999987,,0.0,
98.5738499999987,,0.0,
98.59999999999867,0.0,,0.0
98.66412499999869,,0.0,
98.6738499999987,,0.0,
98.69999999999867,0.0,,0.0
98.76412499999869,,0.0,
98.77384999999869,,0.0,
98.79999999999866,0.0,,0.0
98.86412499999868,,0.0,
98.87384999999868,,0.0,
98.89999999999866,0.0,,0.0
98.96412499999867,,0.0,
98.97384999999868,,0.0,
98.99999999999865,0.0,,0.0
99.06412499999867,,0.0,
99.07384999999867,,0.0,
99.09999999999864,0.0,,0.0
99.16412499999866,,0.0,
99.17384999999867,,0.0,
99.19999999999864,0.0,,0.0
99.26412499999866,,0.0,
99.27384999999866,,0.0,
99.29999999999863,0.0,,0.0
99.36412499999865,,0.0,
99.37384999999865,,0.0,
99.39999999999863,0.0,,0.0
99.46412499999865,,0.0,
99.47384999999865,,0.0,
99.49999999999862,0.0,,0.0
99.56412499999864,,0.0,
99.57384999999864,,0.0,
99.59999999999862,0.0,,0.0
99.66412499999863,,0.0,
99.67384999999864,,0.0,
99.69999999999861,0.0,,0.0
99.76412499999863,,0.0,
99.77384999999863,,0.0,
99.7999999999986,0.0,,0.0
99.86412499999862,,0.0,
99.87384999999863,,0.0,
99.8999999999986,0.0,,0.0
99.96412499999862,,0.0,
99.97384999999862,,0.0,
99.9999999999986,0.0,,0.0
