time,Router_3_total_load
0.0,0
0.1,0
0.1101,1
0.2,1
0.22015,0
0.30000000000000004,0
0.32015000000000005,0
0.4,0
0.42015,0
0.5,0
0.52015,0
0.6,0
0.62015,0
0.7,0
0.72015,0
0.7999999999999999,0
0.8201499999999999,0
0.8999999999999999,0
0.9201499999999999,0
0.9999999999999999,0
1.02015,0
1.0999999999999999,0
1.12015,0
1.2,0
1.22015,0
1.3,0
1.3201500000000002,0
1.4000000000000001,0
1.4201500000000002,0
1.5000000000000002,0
1.5201500000000003,0
1.6000000000000003,0
1.6201500000000004,0
1.7000000000000004,0
1.7201500000000005,0
1.8000000000000005,0
1.8201500000000006,0
1.9000000000000006,0
1.9201500000000007,0
2.0000000000000004,0
2.0201500000000006,0
2.1000000000000005,0
2.1201500000000006,0
2.2000000000000006,0
2.2201500000000007,0
2.3000000000000007,0
2.320150000000001,0
2.400000000000001,0
2.420150000000001,0
2.500000000000001,0
2.520150000000001,0
2.534680000000002,1
2.600000000000001,1
2.610075000000001,0
2.620150000000001,0
2.640180000000001,1
2.640210000000001,2
2.700000000000001,0
2.710075000000001,3
2.720150000000001,1
2.7302250000000012,0
2.750255000000001,1
2.750285000000001,2
2.760330000000001,3
2.7603600000000013,4
2.800000000000001,0
2.8201500000000013,7
2.8302250000000013,8
2.8403000000000014,1
2.8503750000000014,0
2.860330000000001,1
2.8603600000000013,2
2.870405000000001,7
2.8704350000000014,11
2.8804800000000013,7
2.8805100000000015,8
2.9000000000000012,0
2.9403000000000015,15
2.9503750000000015,24
2.9604500000000016,15
2.9705250000000016,7
2.9804800000000014,2
2.9805100000000015,3
2.9806000000000017,7
2.9905550000000014,5
2.9905850000000016,9
2.9906750000000017,15
3.0000000000000013,0
3.0006300000000015,4
3.0006600000000017,5
3.000750000000002,15
3.0107050000000015,9
3.0107350000000017,13
3.010825000000002,23
3.020900000000002,15
3.030975000000002,7
3.041050000000002,1
3.051125000000002,0
3.1000000000000014,0
3.141050000000002,0
3.151125000000002,0
3.2000000000000015,0
3.241050000000002,0
3.2511250000000023,0
3.3000000000000016,0
3.3410500000000023,0
3.3511250000000024,0
3.4000000000000017,0
3.4410500000000024,0
3.4511250000000024,0
3.5000000000000018,0
3.5410500000000025,0
3.5511250000000025,0
3.600000000000002,0
3.6410500000000026,0
3.6511250000000026,0
3.700000000000002,0
3.7410500000000027,0
3.7511250000000027,0
3.800000000000002,0
3.8410500000000027,0
3.851125000000003,0
3.900000000000002,0
3.941050000000003,0
3.951125000000003,0
3.9902382841491715,1
3.9902682841491712,2
4.000000000000002,0
4.041050000000003,3
4.0511250000000025,1
4.061200000000002,0
4.0915447486305245,1
4.091574748630524,2
4.100000000000001,0
4.102766655051709,7
4.102796655051709,11
4.115821970273965,7
4.115851970273965,8
4.127783598989719,19
4.12781359898972,23
4.151125000000002,23
4.161200000000002,40
4.171275000000001,31
4.181350000000001,23
4.191425000000001,15
4.200000000000001,0
4.2015,7
4.211575,1
4.2216499999999995,0
4.300000000000001,0
4.3115749999999995,0
4.321649999999999,0
4.4,0
4.411574999999999,0
4.421649999999999,0
4.5,0
4.511574999999999,0
4.521649999999998,0
4.6,0
4.611574999999998,0
4.621649999999998,0
4.699999999999999,0
4.711574999999998,0
4.721649999999998,0
4.799999999999999,0
4.811574999999998,0
4.821649999999997,0
4.899999999999999,0
4.911574999999997,0
4.921649999999997,0
4.999999999999998,0
5.011574999999997,0
5.021649999999997,0
5.099999999999998,0
5.111574999999997,0
5.121649999999996,0
5.1999999999999975,0
5.211574999999996,0
5.221649999999996,0
5.299999999999997,0
5.311574999999996,0
5.3216499999999956,0
5.399999999999997,0
5.411574999999996,0
5.421649999999995,0
5.4999999999999964,0
5.511574999999995,0
5.521649999999995,0
5.599999999999996,0
5.611574999999995,0
5.6216499999999945,0
5.699999999999996,0
5.7115749999999945,0
5.721649999999994,0
5.799999999999995,0
5.811574999999994,0
5.821649999999994,0
5.899999999999995,0
5.911574999999994,0
5.921649999999993,0
5.999999999999995,0
6.0115749999999935,0
6.021649999999993,0
6.099999999999994,0
6.111574999999993,0
6.121649999999993,0
6.199999999999994,0
6.211574999999993,0
6.221649999999992,0
6.299999999999994,0
6.311574999999992,0
6.321649999999992,0
6.399999999999993,0
6.411574999999992,0
6.421649999999992,0
6.499999999999993,0
6.511574999999992,0
6.521649999999991,0
6.5999999999999925,0
6.611574999999991,0
6.621649999999991,0
6.699999999999992,0
6.711574999999991,0
6.721649999999991,0
6.799999999999992,0
6.811574999999991,0
6.82164999999999,0
6.8999999999999915,0
6.91157499999999,0
6.92164999999999,0
6.999999999999991,0
7.010229999999991,1
7.01157499999999,1
7.0216499999999895,0
7.0351649999999895,0
7.099999999999991,0
7.121649999999989,0
7.135164999999989,0
7.19999999999999,0
7.221649999999989,0
7.235164999999989,0
7.29999999999999,0
7.3216499999999884,0
7.335164999999988,0
7.39999999999999,0
7.421649999999988,0
7.435164999999988,0
7.499999999999989,0
7.521649999999988,0
7.535164999999988,0
7.599999999999989,0
7.621649999999987,0
7.635164999999987,0
7.699999999999989,0
7.721649999999987,0
7.735164999999987,0
7.799999999999988,0
7.821649999999987,0
7.835164999999987,0
7.899999999999988,0
7.921649999999986,0
7.935164999999986,0
7.999999999999988,0
8.021649999999987,0
8.035164999999987,0
8.099999999999987,0
8.121649999999986,0
8.135164999999986,0
8.199999999999987,0
8.221649999999986,0
8.235164999999986,0
8.299999999999986,0
8.321649999999986,0
8.335164999999986,0
8.399999999999986,0
8.421649999999985,0
8.435164999999985,0
8.499999999999986,0
8.521649999999985,0
8.535164999999985,0
8.599999999999985,0
8.621649999999985,0
8.635164999999985,0
8.699999999999985,0
8.721649999999984,0
8.735164999999984,0
8.799999999999985,0
8.821649999999984,0
8.835164999999984,0
8.899999999999984,0
8.921649999999984,0
8.935164999999984,0
8.999999999999984,0
9.021649999999983,0
9.035164999999983,0
9.099999999999984,0
9.121649999999983,0
9.135164999999983,0
9.199999999999983,0
9.221649999999983,0
9.235164999999983,0
9.299999999999983,0
9.321649999999982,0
9.335164999999982,0
9.399999999999983,0
9.421649999999982,0
9.435164999999982,0
9.499999999999982,0
9.521649999999982,0
9.535164999999981,0
9.599999999999982,0
9.621649999999981,0
9.635164999999981,0
9.699999999999982,0
9.72164999999998,0
9.73516499999998,0
9.799999999999981,0
9.82164999999998,0
9.83516499999998,0
9.89999999999998,0
9.92164999999998,0
9.93516499999998,0
9.99999999999998,0
10.02164999999998,0
10.03516499999998,0
10.054589999999981,1
10.09999999999998,0
10.12164999999998,1
10.13172499999998,0
10.13516499999998,0
10.16182999999998,1
10.161859999999981,2
10.19999999999998,0
10.23172499999998,3
10.235164999999979,1
10.24179999999998,0
10.24523999999998,0
10.27190499999998,1
10.271934999999981,2
10.27534499999998,3
10.27537499999998,4
10.29999999999998,0
10.34179999999998,7
10.34523999999998,5
10.35187499999998,3
10.35531499999998,1
10.36194999999998,0
10.36538999999998,0
10.381979999999981,1
10.382009999999982,2
10.38541999999998,3
10.385449999999981,4
10.392054999999981,5
10.392084999999982,6
10.39549499999998,7
10.395524999999981,8
10.399999999999979,0
10.46194999999998,15
10.46538999999998,13
10.47202499999998,11
10.47546499999998,9
10.482099999999981,7
10.48553999999998,5
10.492174999999982,3
10.495614999999981,1
10.499999999999979,0
10.502129999999982,1
10.502159999999982,2
10.502249999999982,3
10.505569999999981,2
10.505599999999982,3
10.505689999999982,5
10.512204999999982,3
10.512234999999983,4
10.512324999999983,7
10.515644999999981,4
10.515674999999982,5
10.515764999999982,9
10.522279999999983,5
10.522309999999983,6
10.522399999999983,11
10.525719999999982,6
10.525749999999983,7
10.525839999999983,13
10.532354999999983,7
10.532384999999984,8
10.532474999999984,15
10.535794999999982,8
10.535824999999983,9
10.535914999999983,17
10.542429999999984,9
10.542459999999984,10
10.542549999999984,19
10.545869999999983,10
10.545899999999984,11
10.545989999999984,21
10.552504999999984,11
10.552534999999985,12
10.552624999999985,23
10.555944999999983,12
10.555974999999984,13
10.556064999999984,25
10.562579999999985,13
10.562609999999985,14
10.562699999999985,27
10.566019999999984,14
10.566049999999985,15
10.566139999999985,29
10.572654999999985,15
10.572684999999986,16
10.572774999999986,31
10.576094999999984,16
10.576124999999985,17
10.576214999999985,33
10.582729999999986,17
10.582759999999986,18
10.582849999999986,35
10.586169999999985,18
10.586199999999986,19
10.586289999999986,37
10.592804999999986,19
10.592834999999987,20
10.592924999999987,39
10.596244999999985,20
10.596274999999986,21
10.596364999999986,41
10.599999999999978,0
10.602879999999987,21
10.602909999999987,22
10.602999999999987,43
10.606319999999986,22
10.606349999999987,23
10.606439999999987,45
10.612954999999987,23
10.612984999999988,24
10.613074999999988,47
10.616394999999986,24
10.616424999999987,25
10.616514999999987,49
10.623029999999988,25
10.623059999999988,26
10.623149999999988,51
10.626469999999987,26
10.626499999999988,27
10.626589999999988,53
10.633104999999988,27
10.633134999999989,28
10.633224999999989,55
10.636544999999987,28
10.636574999999988,29
10.636664999999988,57
10.643179999999989,29
10.64320999999999,30
10.64329999999999,59
10.646619999999988,30
10.646649999999989,31
10.646739999999989,61
10.653254999999989,31
10.65328499999999,32
10.65337499999999,63
10.656694999999988,32
10.65672499999999,33
10.65681499999999,65
10.66332999999999,33
10.66335999999999,34
10.66344999999999,67
10.666769999999989,34
10.66679999999999,35
10.66688999999999,69
10.67340499999999,35
10.67343499999999,36
10.67352499999999,71
10.67684499999999,36
10.67687499999999,37
10.67696499999999,73
10.68347999999999,37
10.683509999999991,38
10.683599999999991,75
10.68691999999999,38
10.68694999999999,39
10.68703999999999,77
10.693554999999991,39
10.693584999999992,40
10.693674999999992,79
10.69699499999999,40
10.697024999999991,41
10.697114999999991,81
10.699999999999978,0
10.703629999999992,41
10.703659999999992,42
10.703749999999992,83
10.707069999999991,42
10.707099999999992,43
10.707189999999992,85
10.713704999999992,43
10.713734999999993,44
10.713824999999993,87
10.717144999999991,44
10.717174999999992,45
10.717264999999992,89
10.723779999999993,45
10.723809999999993,46
10.723899999999993,91
10.727219999999992,46
10.727249999999993,47
10.727339999999993,93
10.733854999999993,47
10.733884999999994,48
10.733974999999994,95
10.737294999999992,48
10.737324999999993,49
10.737414999999993,97
10.743929999999994,49
10.743959999999994,50
10.744049999999994,99
10.747369999999993,50
10.747399999999994,51
10.747489999999994,101
10.754004999999994,51
10.754034999999995,52
10.754124999999995,103
10.757444999999993,52
10.757474999999994,53
10.757564999999994,105
10.764079999999995,53
10.764109999999995,54
10.764199999999995,107
10.767519999999994,54
10.767549999999995,55
10.767639999999995,109
10.774154999999995,55
10.774184999999996,56
10.774274999999996,111
10.777594999999994,56
10.777624999999995,57
10.777714999999995,113
10.784229999999996,57
10.784259999999996,58
10.784349999999996,115
10.787669999999995,58
10.787789999999996,115
10.794304999999996,58
10.794424999999997,115
10.797744999999995,58
10.797864999999996,115
10.799999999999978,0
10.804379999999997,58
10.804499999999997,115
10.807819999999996,58
10.807939999999997,115
10.814454999999997,58
10.814574999999998,115
10.817894999999996,58
10.818014999999997,115
10.824529999999998,58
10.824649999999998,115
10.827969999999997,58
10.828089999999998,115
10.834604999999998,58
10.834724999999999,115
10.838044999999997,58
10.838164999999998,115
10.844679999999999,58
10.8448,115
10.848119999999998,58
10.848239999999999,115
10.854754999999999,58
10.854875,115
10.858194999999998,58
10.858315,115
10.86483,58
10.86495,115
10.868269999999999,58
10.86839,115
10.874905,58
10.875025,115
10.878345,58
10.878465,115
10.88498,58
10.885100000000001,115
10.88842,58
10.88854,115
10.895055000000001,58
10.895175000000002,115
10.898495,58
10.898615000000001,115
10.899999999999977,0
10.905130000000002,58
10.905250000000002,115
10.908570000000001,58
10.908690000000002,115
10.91517,58
10.915325000000003,115
10.918765000000002,113
10.925400000000003,111
10.928840000000003,109
10.935475000000004,107
10.938915000000003,105
10.945550000000004,103
10.948990000000004,101
10.955625000000005,99
10.959065000000004,97
10.965700000000005,95
10.969140000000005,93
10.975775000000006,91
10.979215000000005,89
10.985850000000006,87
10.989290000000006,85
10.995925000000007,83
10.999365000000006,81
10.999999999999977,0
11.006000000000007,79
11.009440000000007,77
11.016075000000008,75
11.019515000000007,73
11.026150000000008,71
11.029590000000008,69
11.036225000000009,67
11.039665000000008,65
11.04630000000001,63
11.049740000000009,61
11.05637500000001,59
11.05981500000001,57
11.06645000000001,55
11.06989000000001,53
11.07652500000001,51
11.07996500000001,49
11.086600000000011,47
11.09004000000001,45
11.096675000000012,43
11.099999999999977,0
11.100115000000011,41
11.106750000000012,39
11.110190000000012,37
11.116825000000013,35
11.120265000000012,33
11.126900000000013,31
11.130340000000013,29
11.136975000000014,27
11.140415000000013,25
11.147050000000014,23
11.150490000000014,21
11.157125000000015,19
11.160565000000014,17
11.167200000000015,15
11.170640000000015,13
11.177275000000016,11
11.180715000000015,9
11.187350000000016,7
11.190790000000016,5
11.197425000000017,3
11.199999999999976,0
11.200865000000016,1
11.207500000000017,0
11.210915000000016,0
11.240915000000015,1
11.299999999999976,0
11.307500000000017,1
11.310915000000016,0
11.317500000000017,0
11.399999999999975,0
11.410915000000015,0
11.417500000000016,0
11.499999999999975,0
11.510915000000015,0
11.517500000000016,0
11.599999999999975,0
11.610099999999974,1
11.610915000000015,1
11.617500000000016,0
11.625465000000014,0
11.699999999999974,0
11.717500000000015,0
11.725465000000014,0
11.799999999999974,0
11.817500000000015,0
11.825465000000014,0
11.899999999999974,0
11.917500000000015,0
11.925465000000013,0
11.999999999999973,0
12.017500000000014,0
12.025465000000013,0
12.099999999999973,0
12.117500000000014,0
12.125465000000013,0
12.199999999999973,0
12.217500000000014,0
12.225465000000012,0
12.299999999999972,0
12.317500000000013,0
12.325465000000012,0
12.399999999999972,0
12.417500000000013,0
12.425465000000012,0
12.499999999999972,0
12.517500000000013,0
12.525465000000011,0
12.599999999999971,0
12.617500000000012,0
12.62546500000001,0
12.69999999999997,0
12.717500000000012,0
12.72546500000001,0
12.79999999999997,0
12.817500000000011,0
12.82546500000001,0
12.89999999999997,0
12.917500000000011,0
12.92546500000001,0
12.99999999999997,0
13.01750000000001,0
13.02546500000001,0
13.09999999999997,0
13.11750000000001,0
13.125465000000009,0
13.199999999999969,0
13.21750000000001,0
13.225465000000009,0
13.299999999999969,0
13.31750000000001,0
13.325465000000008,0
13.399999999999968,0
13.41750000000001,0
13.425465000000008,0
13.499999999999968,0
13.517500000000009,0
13.525465000000008,0
13.599999999999968,0
13.617500000000009,0
13.625465000000007,0
13.699999999999967,0
13.717500000000008,0
13.725465000000007,0
13.799999999999967,0
13.817500000000008,0
13.825465000000007,0
13.899999999999967,0
13.917500000000008,0
13.925465000000006,0
13.999999999999966,0
14.017500000000007,0
14.025465000000006,0
14.099999999999966,0
14.117500000000007,0
14.125465000000005,0
14.199999999999966,0
14.217500000000006,0
14.225465000000005,0
14.299999999999965,0
14.317500000000006,0
14.325465000000005,0
14.399999999999965,0
14.417500000000006,0
14.425465000000004,0
14.499999999999964,0
14.517500000000005,0
14.525465000000004,0
14.599999999999964,0
14.617500000000005,0
14.625465000000004,0
14.699999999999964,0
14.717500000000005,0
14.725465000000003,0
14.799999999999963,0
14.817500000000004,0
14.825465000000003,0
14.899999999999963,0
14.917500000000004,0
14.925465000000003,0
14.999999999999963,0
15.017500000000004,0
15.025465000000002,0
15.099999999999962,0
15.117500000000003,0
15.125465000000002,0
15.199999999999962,0
15.217500000000003,0
15.225465000000002,0
15.299999999999962,0
15.317500000000003,0
15.325465000000001,0
15.399999999999961,0
15.417500000000002,0
15.425465,0
15.499999999999961,0
15.517500000000002,0
15.525465,0
15.59999999999996,0
15.617500000000001,0
15.625465,0
15.69999999999996,0
15.717500000000001,0
15.725465,0
15.79999999999996,0
15.8175,0
15.825465,0
15.89999999999996,0
15.9175,0
15.925464999999999,0
15.99999999999996,0
16.017500000000002,0
16.025465,0
16.09999999999996,0
16.117500000000003,0
16.125465000000002,0
16.19999999999996,0
16.217500000000005,0
16.225465000000003,0
16.29999999999996,0
16.317500000000006,0
16.325465000000005,0
16.399999999999963,0
16.417500000000008,0
16.425465000000006,0
16.499999999999964,0
16.51750000000001,0
16.525465000000008,0
16.599999999999966,0
16.61750000000001,0
16.62546500000001,0
16.699999999999967,0
16.717500000000012,0
16.72546500000001,0
16.79999999999997,0
16.817500000000013,0
16.825465000000012,0
16.89999999999997,0
16.917500000000015,0
16.925465000000013,0
16.99999999999997,0
17.017500000000016,0
17.025465000000015,0
17.099999999999973,0
17.117500000000017,0
17.125465000000016,0
17.199999999999974,0
17.21750000000002,0
17.225465000000018,0
17.299999999999976,0
17.31750000000002,0
17.32546500000002,0
17.399999999999977,0
17.41750000000002,0
17.42546500000002,0
17.49999999999998,0
17.517500000000023,0
17.525465000000022,0
17.59999999999998,0
17.617500000000025,0
17.625465000000023,0
17.69999999999998,0
17.717500000000026,0
17.725465000000025,0
17.799999999999983,0
17.817500000000027,0
17.825465000000026,0
17.899999999999984,0
17.91750000000003,0
17.925465000000028,0
17.999999999999986,0
18.01750000000003,0
18.02546500000003,0
18.099999999999987,0
18.11750000000003,0
18.12546500000003,0
18.19999999999999,0
18.217500000000033,0
18.225465000000032,0
18.29999999999999,0
18.317500000000035,0
18.325465000000033,0
18.39999999999999,0
18.417500000000036,0
18.425465000000035,0
18.499999999999993,0
18.517500000000037,0
18.525465000000036,0
18.599999999999994,0
18.61750000000004,0
18.625465000000037,0
18.699999999999996,0
18.71750000000004,0
18.72546500000004,0
18.799999999999997,0
18.81750000000004,0
18.82546500000004,0
18.9,0
18.917500000000043,0
18.92546500000004,0
19.0,0
19.017500000000044,0
19.025465000000043,0
19.1,0
19.117500000000046,0
19.125465000000045,0
19.200000000000003,0
19.217500000000047,0
19.225465000000046,0
19.300000000000004,0
19.31750000000005,0
19.325465000000047,0
19.400000000000006,0
19.41750000000005,0
19.42546500000005,0
19.500000000000007,0
19.51750000000005,0
19.52546500000005,0
19.60000000000001,0
19.617500000000053,0
19.62546500000005,0
19.70000000000001,0
19.717500000000054,0
19.725465000000053,0
19.80000000000001,0
19.817500000000056,0
19.825465000000055,0
19.900000000000013,0
19.917500000000057,0
19.925465000000056,0
20.000000000000014,0
20.01750000000006,0
20.025465000000057,0
20.100000000000016,0
20.11750000000006,0
20.12546500000006,0
20.200000000000017,0
20.21750000000006,0
20.22546500000006,0
20.30000000000002,0
20.317500000000063,0
20.32546500000006,0
20.40000000000002,0
20.417500000000064,0
20.425465000000063,0
20.50000000000002,0
20.517500000000066,0
20.525465000000064,0
20.600000000000023,0
20.617500000000067,0
20.625465000000066,0
20.700000000000024,0
20.71750000000007,0
20.725465000000067,0
20.800000000000026,0
20.81750000000007,0
20.82546500000007,0
20.900000000000027,0
20.91750000000007,0
20.92546500000007,0
21.00000000000003,0
21.017500000000073,0
21.02546500000007,0
21.10000000000003,0
21.117500000000074,0
21.125465000000073,0
21.20000000000003,0
21.217500000000076,0
21.225465000000074,0
21.300000000000033,0
21.317500000000077,0
21.325465000000076,0
21.400000000000034,0
21.41750000000008,0
21.425465000000077,0
21.500000000000036,0
21.51750000000008,0
21.52546500000008,0
21.600000000000037,0
21.61750000000008,0
21.62546500000008,0
21.70000000000004,0
21.717500000000083,0
21.72546500000008,0
21.80000000000004,0
21.817500000000084,0
21.825465000000083,0
21.90000000000004,0
21.917500000000086,0
21.925465000000084,0
22.000000000000043,0
22.017500000000087,0
22.025465000000086,0
22.100000000000044,0
22.11750000000009,0
22.125465000000087,0
22.200000000000045,0
22.21750000000009,0
22.22546500000009,0
22.300000000000047,0
22.31750000000009,0
22.32546500000009,0
22.40000000000005,0
22.417500000000093,0
22.42546500000009,0
22.50000000000005,0
22.517500000000094,0
22.525465000000093,0
22.60000000000005,0
22.617500000000096,0
22.625465000000094,0
22.700000000000053,0
22.717500000000097,0
22.725465000000096,0
22.800000000000054,0
22.8175000000001,0
22.825465000000097,0
22.900000000000055,0
22.9175000000001,0
22.9254650000001,0
23.000000000000057,0
23.0175000000001,0
23.0254650000001,0
23.10000000000006,0
23.117500000000103,0
23.1254650000001,0
23.20000000000006,0
23.217500000000104,0
23.225465000000103,0
23.30000000000006,0
23.317500000000106,0
23.325465000000104,0
23.400000000000063,0
23.417500000000107,0
23.425465000000106,0
23.500000000000064,0
23.51750000000011,0
23.525465000000107,0
23.600000000000065,0
23.61750000000011,0
23.62546500000011,0
23.700000000000067,0
23.71750000000011,0
23.72546500000011,0
23.800000000000068,0
23.817500000000113,0
23.82546500000011,0
23.90000000000007,0
23.917500000000114,0
23.925465000000113,0
24.00000000000007,0
24.017500000000116,0
24.025465000000114,0
24.100000000000072,0
24.117500000000117,0
24.125465000000116,0
24.200000000000074,0
24.21750000000012,0
24.225465000000117,0
24.300000000000075,0
24.31750000000012,0
24.32546500000012,0
24.400000000000077,0
24.41750000000012,0
24.42546500000012,0
24.500000000000078,0
24.517500000000123,0
24.52546500000012,0
24.60000000000008,0
24.617500000000124,0
24.625465000000123,0
24.70000000000008,0
24.717500000000125,0
24.725465000000124,0
24.800000000000082,0
24.817500000000127,0
24.825465000000126,0
24.900000000000084,0
24.91750000000013,0
24.925465000000127,0
25.000000000000085,0
25.01750000000013,0
25.02546500000013,0
25.100000000000087,0
25.11750000000013,0
25.12546500000013,0
25.200000000000088,0
25.217500000000133,0
25.22546500000013,0
25.30000000000009,0
25.317500000000134,0
25.325465000000133,0
25.40000000000009,0
25.417500000000135,0
25.425465000000134,0
25.500000000000092,0
25.517500000000137,0
25.525465000000136,0
25.600000000000094,0
25.61750000000014,0
25.625465000000137,0
25.700000000000095,0
25.71750000000014,0
25.72546500000014,0
25.800000000000097,0
25.81750000000014,0
25.82546500000014,0
25.900000000000098,0
25.917500000000143,0
25.92546500000014,0
26.0000000000001,0
26.017500000000144,0
26.025465000000143,0
26.1000000000001,0
26.117500000000145,0
26.125465000000144,0
26.200000000000102,0
26.217500000000147,0
26.225465000000145,0
26.300000000000104,0
26.317500000000148,0
26.325465000000147,0
26.400000000000105,0
26.41750000000015,0
26.42546500000015,0
26.500000000000107,0
26.51750000000015,0
26.52546500000015,0
26.600000000000108,0
26.617500000000152,0
26.62546500000015,0
26.70000000000011,0
26.717500000000154,0
26.725465000000153,0
26.80000000000011,0
26.817500000000155,0
26.825465000000154,0
26.900000000000112,0
26.917500000000157,0
26.925465000000155,0
27.000000000000114,0
27.017500000000158,0
27.025465000000157,0
27.100000000000115,0
27.11750000000016,0
27.12546500000016,0
27.200000000000117,0
27.21750000000016,0
27.22546500000016,0
27.300000000000118,0
27.317500000000162,0
27.32546500000016,0
27.40000000000012,0
27.417500000000164,0
27.425465000000163,0
27.50000000000012,0
27.517500000000165,0
27.525465000000164,0
27.600000000000122,0
27.617500000000167,0
27.625465000000165,0
27.700000000000124,0
27.717500000000168,0
27.725465000000167,0
27.800000000000125,0
27.81750000000017,0
27.825465000000168,0
27.900000000000126,0
27.91750000000017,0
27.92546500000017,0
28.000000000000128,0
28.017500000000172,0
28.02546500000017,0
28.10000000000013,0
28.117500000000174,0
28.125465000000172,0
28.20000000000013,0
28.217500000000175,0
28.225465000000174,0
28.300000000000132,0
28.317500000000177,0
28.325465000000175,0
28.400000000000134,0
28.417500000000178,0
28.425465000000177,0
28.500000000000135,0
28.51750000000018,0
28.525465000000178,0
28.600000000000136,0
28.61750000000018,0
28.62546500000018,0
28.700000000000138,0
28.717500000000182,0
28.72546500000018,0
28.80000000000014,0
28.817500000000184,0
28.825465000000182,0
28.90000000000014,0
28.917500000000185,0
28.925465000000184,0
29.000000000000142,0
29.017500000000187,0
29.025465000000185,0
29.100000000000144,0
29.117500000000188,0
29.125465000000187,0
29.200000000000145,0
29.21750000000019,0
29.225465000000188,0
29.300000000000146,0
29.31750000000019,0
29.32546500000019,0
29.400000000000148,0
29.417500000000192,0
29.42546500000019,0
29.50000000000015,0
29.517500000000194,0
29.525465000000192,0
29.60000000000015,0
29.617500000000195,0
29.625465000000194,0
29.700000000000152,0
29.717500000000197,0
29.725465000000195,0
29.800000000000153,0
29.817500000000198,0
29.825465000000197,0
29.900000000000155,0
29.9175000000002,0
29.925465000000198,0
30.000000000000156,0
30.0175000000002,0
30.0254650000002,0
30.100000000000158,0
30.117500000000202,0
30.1254650000002,0
30.20000000000016,0
30.217500000000204,0
30.225465000000202,0
30.30000000000016,0
30.317500000000205,0
30.325465000000204,0
30.400000000000162,0
30.417500000000206,0
30.425465000000205,0
30.500000000000163,0
30.517500000000208,0
30.525465000000207,0
30.600000000000165,0
30.61750000000021,0
30.625465000000208,0
30.700000000000166,0
30.71750000000021,0
30.72546500000021,0
30.800000000000168,0
30.817500000000212,0
30.82546500000021,0
30.90000000000017,0
30.917500000000214,0
30.925465000000212,0
31.00000000000017,0
31.017500000000215,0
31.025465000000214,0
31.100000000000172,0
31.117500000000216,0
31.125465000000215,0
31.200000000000173,0
31.217500000000218,0
31.225465000000217,0
31.300000000000175,0
31.31750000000022,0
31.325465000000218,0
31.400000000000176,0
31.41750000000022,0
31.42546500000022,0
31.500000000000178,0
31.517500000000222,0
31.52546500000022,0
31.60000000000018,0
31.617500000000224,0
31.625465000000222,0
31.70000000000018,0
31.717500000000225,0
31.725465000000224,0
31.800000000000182,0
31.817500000000226,0
31.825465000000225,0
31.900000000000183,0
31.917500000000228,0
31.925465000000226,0
32.000000000000185,0
32.017500000000226,0
32.025465000000224,0
32.100000000000186,0
32.11750000000023,0
32.125465000000226,0
32.20000000000019,0
32.21750000000023,0
32.22546500000023,0
32.30000000000019,0
32.31750000000023,0
32.32546500000023,0
32.40000000000019,0
32.41750000000023,0
32.42546500000023,0
32.50000000000019,0
32.51750000000023,0
32.52546500000023,0
32.60000000000019,0
32.617500000000234,0
32.62546500000023,0
32.700000000000195,0
32.717500000000236,0
32.725465000000234,0
32.800000000000196,0
32.81750000000024,0
32.825465000000236,0
32.9000000000002,0
32.91750000000024,0
32.92546500000024,0
33.0000000000002,0
33.01750000000024,0
33.02546500000024,0
33.1000000000002,0
33.11750000000024,0
33.12546500000024,0
33.2000000000002,0
33.21750000000024,0
33.22546500000024,0
33.3000000000002,0
33.317500000000244,0
33.32546500000024,0
33.400000000000205,0
33.417500000000246,0
33.425465000000244,0
33.500000000000206,0
33.51750000000025,0
33.525465000000246,0
33.60000000000021,0
33.61750000000025,0
33.62546500000025,0
33.70000000000021,0
33.71750000000025,0
33.72546500000025,0
33.80000000000021,0
33.81750000000025,0
33.82546500000025,0
33.90000000000021,0
33.91750000000025,0
33.92546500000025,0
34.00000000000021,0
34.017500000000254,0
34.02546500000025,0
34.100000000000215,0
34.117500000000256,0
34.125465000000254,0
34.200000000000216,0
34.21750000000026,0
34.225465000000256,0
34.30000000000022,0
34.31750000000026,0
34.32546500000026,0
34.40000000000022,0
34.41750000000026,0
34.42546500000026,0
34.50000000000022,0
34.51750000000026,0
34.52546500000026,0
34.60000000000022,0
34.61750000000026,0
34.62546500000026,0
34.70000000000022,0
34.717500000000264,0
34.72546500000026,0
34.800000000000225,0
34.817500000000265,0
34.825465000000264,0
34.900000000000226,0
34.91750000000027,0
34.925465000000266,0
35.00000000000023,0
35.01750000000027,0
35.02546500000027,0
35.10000000000023,0
35.11750000000027,0
35.12546500000027,0
35.20000000000023,0
35.21750000000027,0
35.22546500000027,0
35.30000000000023,0
35.31750000000027,0
35.32546500000027,0
35.40000000000023,0
35.417500000000274,0
35.42546500000027,0
35.500000000000234,0
35.517500000000275,0
35.525465000000274,0
35.600000000000236,0
35.61750000000028,0
35.625465000000275,0
35.70000000000024,0
35.71750000000028,0
35.72546500000028,0
35.80000000000024,0
35.81750000000028,0
35.82546500000028,0
35.90000000000024,0
35.91750000000028,0
35.92546500000028,0
36.00000000000024,0
36.01750000000028,0
36.02546500000028,0
36.10000000000024,0
36.117500000000284,0
36.12546500000028,0
36.200000000000244,0
36.217500000000285,0
36.225465000000284,0
36.300000000000246,0
36.31750000000029,0
36.325465000000285,0
36.40000000000025,0
36.41750000000029,0
36.42546500000029,0
36.50000000000025,0
36.51750000000029,0
36.52546500000029,0
36.60000000000025,0
36.61750000000029,0
36.62546500000029,0
36.70000000000025,0
36.71750000000029,0
36.72546500000029,0
36.80000000000025,0
36.817500000000294,0
36.82546500000029,0
36.900000000000254,0
36.917500000000295,0
36.925465000000294,0
37.000000000000256,0
37.0175000000003,0
37.025465000000295,0
37.10000000000026,0
37.1175000000003,0
37.1254650000003,0
37.20000000000026,0
37.2175000000003,0
37.2254650000003,0
37.30000000000026,0
37.3175000000003,0
37.3254650000003,0
37.40000000000026,0
37.4175000000003,0
37.4254650000003,0
37.50000000000026,0
37.517500000000304,0
37.5254650000003,0
37.600000000000264,0
37.617500000000305,0
37.625465000000304,0
37.700000000000266,0
37.71750000000031,0
37.725465000000305,0
37.80000000000027,0
37.81750000000031,0
37.82546500000031,0
37.90000000000027,0
37.91750000000031,0
37.92546500000031,0
38.00000000000027,0
38.01750000000031,0
38.02546500000031,0
38.10000000000027,0
38.11750000000031,0
38.12546500000031,0
38.20000000000027,0
38.217500000000314,0
38.22546500000031,0
38.300000000000274,0
38.317500000000315,0
38.325465000000314,0
38.400000000000276,0
38.41750000000032,0
38.425465000000315,0
38.50000000000028,0
38.51750000000032,0
38.52546500000032,0
38.60000000000028,0
38.61750000000032,0
38.62546500000032,0
38.70000000000028,0
38.71750000000032,0
38.72546500000032,0
38.80000000000028,0
38.81750000000032,0
38.82546500000032,0
38.90000000000028,0
38.917500000000324,0
38.92546500000032,0
39.000000000000284,0
39.017500000000325,0
39.025465000000324,0
39.100000000000286,0
39.11750000000033,0
39.125465000000325,0
39.20000000000029,0
39.21750000000033,0
39.22546500000033,0
39.30000000000029,0
39.31750000000033,0
39.32546500000033,0
39.40000000000029,0
39.41750000000033,0
39.42546500000033,0
39.50000000000029,0
39.51750000000033,0
39.52546500000033,0
39.60000000000029,0
39.617500000000334,0
39.62546500000033,0
39.700000000000294,0
39.717500000000335,0
39.725465000000334,0
39.800000000000296,0
39.81750000000034,0
39.825465000000335,0
39.9000000000003,0
39.91750000000034,0
39.92546500000034,0
40.0000000000003,0
40.01750000000034,0
40.02546500000034,0
40.1000000000003,0
40.11750000000034,0
40.12546500000034,0
40.2000000000003,0
40.21750000000034,0
40.22546500000034,0
40.3000000000003,0
40.317500000000344,0
40.32546500000034,0
40.400000000000304,0
40.417500000000345,0
40.425465000000344,0
40.500000000000306,0
40.51750000000035,0
40.525465000000345,0
40.60000000000031,0
40.61750000000035,0
40.62546500000035,0
40.70000000000031,0
40.71750000000035,0
40.72546500000035,0
40.80000000000031,0
40.81750000000035,0
40.82546500000035,0
40.90000000000031,0
40.91750000000035,0
40.92546500000035,0
41.00000000000031,0
41.017500000000354,0
41.02546500000035,0
41.100000000000314,0
41.117500000000355,0
41.125465000000354,0
41.200000000000315,0
41.217500000000356,0
41.225465000000355,0
41.30000000000032,0
41.31750000000036,0
41.32546500000036,0
41.40000000000032,0
41.41750000000036,0
41.42546500000036,0
41.50000000000032,0
41.51750000000036,0
41.52546500000036,0
41.60000000000032,0
41.61750000000036,0
41.62546500000036,0
41.70000000000032,0
41.71750000000036,0
41.72546500000036,0
41.800000000000324,0
41.817500000000365,0
41.825465000000364,0
41.900000000000325,0
41.917500000000366,0
41.925465000000365,0
42.00000000000033,0
42.01750000000037,0
42.025465000000366,0
42.10000000000033,0
42.11750000000037,0
42.12546500000037,0
42.20000000000033,0
42.21750000000037,0
42.22546500000037,0
42.30000000000033,0
42.31750000000037,0
42.32546500000037,0
42.40000000000033,0
42.41750000000037,0
42.42546500000037,0
42.500000000000334,0
42.517500000000375,0
42.52546500000037,0
42.600000000000335,0
42.617500000000376,0
42.625465000000375,0
42.70000000000034,0
42.71750000000038,0
42.725465000000376,0
42.80000000000034,0
42.81750000000038,0
42.82546500000038,0
42.90000000000034,0
42.91750000000038,0
42.92546500000038,0
43.00000000000034,0
43.01750000000038,0
43.02546500000038,0
43.10000000000034,0
43.11750000000038,0
43.12546500000038,0
43.200000000000344,0
43.217500000000385,0
43.22546500000038,0
43.300000000000345,0
43.317500000000386,0
43.325465000000385,0
43.40000000000035,0
43.41750000000039,0
43.425465000000386,0
43.50000000000035,0
43.51750000000039,0
43.52546500000039,0
43.60000000000035,0
43.61750000000039,0
43.62546500000039,0
43.70000000000035,0
43.71750000000039,0
43.72546500000039,0
43.80000000000035,0
43.81750000000039,0
43.82546500000039,0
43.900000000000354,0
43.917500000000395,0
43.92546500000039,0
44.000000000000355,0
44.017500000000396,0
44.025465000000395,0
44.10000000000036,0
44.1175000000004,0
44.125465000000396,0
44.20000000000036,0
44.2175000000004,0
44.2254650000004,0
44.30000000000036,0
44.3175000000004,0
44.3254650000004,0
44.40000000000036,0
44.4175000000004,0
44.4254650000004,0
44.50000000000036,0
44.5175000000004,0
44.5254650000004,0
44.600000000000364,0
44.617500000000405,0
44.6254650000004,0
44.700000000000365,0
44.717500000000406,0
44.725465000000405,0
44.80000000000037,0
44.81750000000041,0
44.825465000000406,0
44.90000000000037,0
44.91750000000041,0
44.92546500000041,0
45.00000000000037,0
45.01750000000041,0
45.02546500000041,0
45.10000000000037,0
45.11750000000041,0
45.12546500000041,0
45.20000000000037,0
45.21750000000041,0
45.22546500000041,0
45.300000000000374,0
45.317500000000415,0
45.32546500000041,0
45.400000000000375,0
45.417500000000416,0
45.425465000000415,0
45.50000000000038,0
45.51750000000042,0
45.525465000000416,0
45.60000000000038,0
45.61750000000042,0
45.62546500000042,0
45.70000000000038,0
45.71750000000042,0
45.72546500000042,0
45.80000000000038,0
45.81750000000042,0
45.82546500000042,0
45.90000000000038,0
45.91750000000042,0
45.92546500000042,0
46.000000000000384,0
46.017500000000425,0
46.02546500000042,0
46.100000000000385,0
46.117500000000426,0
46.125465000000425,0
46.20000000000039,0
46.21750000000043,0
46.225465000000426,0
46.30000000000039,0
46.31750000000043,0
46.32546500000043,0
46.40000000000039,0
46.41750000000043,0
46.42546500000043,0
46.50000000000039,0
46.51750000000043,0
46.52546500000043,0
46.60000000000039,0
46.61750000000043,0
46.62546500000043,0
46.700000000000394,0
46.717500000000435,0
46.72546500000043,0
46.800000000000395,0
46.817500000000436,0
46.825465000000435,0
46.9000000000004,0
46.91750000000044,0
46.925465000000436,0
47.0000000000004,0
47.01750000000044,0
47.02546500000044,0
47.1000000000004,0
47.11750000000044,0
47.12546500000044,0
47.2000000000004,0
47.21750000000044,0
47.22546500000044,0
47.3000000000004,0
47.31750000000044,0
47.32546500000044,0
47.400000000000404,0
47.417500000000445,0
47.42546500000044,0
47.500000000000405,0
47.517500000000446,0
47.525465000000445,0
47.600000000000406,0
47.61750000000045,0
47.625465000000446,0
47.70000000000041,0
47.71750000000045,0
47.72546500000045,0
47.80000000000041,0
47.81750000000045,0
47.82546500000045,0
47.90000000000041,0
47.91750000000045,0
47.92546500000045,0
48.00000000000041,0
48.01750000000045,0
48.02546500000045,0
48.10000000000041,0
48.117500000000454,0
48.12546500000045,0
48.200000000000415,0
48.217500000000456,0
48.225465000000455,0
48.300000000000416,0
48.31750000000046,0
48.325465000000456,0
48.40000000000042,0
48.41750000000046,0
48.42546500000046,0
48.50000000000042,0
48.51750000000046,0
48.52546500000046,0
48.60000000000042,0
48.61750000000046,0
48.62546500000046,0
48.70000000000042,0
48.71750000000046,0
48.72546500000046,0
48.80000000000042,0
48.817500000000464,0
48.82546500000046,0
48.900000000000425,0
48.917500000000466,0
48.925465000000464,0
49.000000000000426,0
49.01750000000047,0
49.025465000000466,0
49.10000000000043,0
49.11750000000047,0
49.12546500000047,0
49.20000000000043,0
49.21750000000047,0
49.22546500000047,0
49.30000000000043,0
49.31750000000047,0
49.32546500000047,0
49.40000000000043,0
49.41750000000047,0
49.42546500000047,0
49.50000000000043,0
49.517500000000474,0
49.52546500000047,0
49.600000000000435,0
49.617500000000476,0
49.625465000000474,0
49.700000000000436,0
49.71750000000048,0
49.725465000000476,0
49.80000000000044,0
49.81750000000048,0
49.82546500000048,0
49.90000000000044,0
49.91750000000048,0
49.92546500000048,0
50.00000000000044,0
50.01750000000048,0
50.02546500000048,0
50.10000000000044,0
50.11750000000048,0
50.12546500000048,0
50.20000000000044,0
50.217500000000484,0
50.22546500000048,0
50.300000000000445,0
50.317500000000486,0
50.325465000000484,0
50.400000000000446,0
50.41750000000049,0
50.425465000000486,0
50.50000000000045,0
50.51750000000049,0
50.52546500000049,0
50.60000000000045,0
50.61750000000049,0
50.62546500000049,0
50.70000000000045,0
50.71750000000049,0
50.72546500000049,0
50.80000000000045,0
50.81750000000049,0
50.82546500000049,0
50.90000000000045,0
50.917500000000494,0
50.92546500000049,0
51.000000000000455,0
51.017500000000496,0
51.025465000000494,0
51.100000000000456,0
51.1175000000005,0
51.125465000000496,0
51.20000000000046,0
51.2175000000005,0
51.2254650000005,0
51.30000000000046,0
51.3175000000005,0
51.3254650000005,0
51.40000000000046,0
51.4175000000005,0
51.4254650000005,0
51.50000000000046,0
51.5175000000005,0
51.5254650000005,0
51.60000000000046,0
51.617500000000504,0
51.6254650000005,0
51.700000000000465,0
51.717500000000506,0
51.725465000000504,0
51.800000000000466,0
51.81750000000051,0
51.825465000000506,0
51.90000000000047,0
51.91750000000051,0
51.92546500000051,0
52.00000000000047,0
52.01750000000051,0
52.02546500000051,0
52.10000000000047,0
52.11750000000051,0
52.12546500000051,0
52.20000000000047,0
52.21750000000051,0
52.22546500000051,0
52.30000000000047,0
52.317500000000514,0
52.32546500000051,0
52.400000000000475,0
52.417500000000516,0
52.425465000000514,0
52.500000000000476,0
52.51750000000052,0
52.525465000000516,0
52.60000000000048,0
52.61750000000052,0
52.62546500000052,0
52.70000000000048,0
52.71750000000052,0
52.72546500000052,0
52.80000000000048,0
52.81750000000052,0
52.82546500000052,0
52.90000000000048,0
52.91750000000052,0
52.92546500000052,0
53.00000000000048,0
53.017500000000524,0
53.02546500000052,0
53.100000000000485,0
53.117500000000526,0
53.125465000000524,0
53.200000000000486,0
53.21750000000053,0
53.225465000000526,0
53.30000000000049,0
53.31750000000053,0
53.32546500000053,0
53.40000000000049,0
53.41750000000053,0
53.42546500000053,0
53.50000000000049,0
53.51750000000053,0
53.52546500000053,0
53.60000000000049,0
53.61750000000053,0
53.62546500000053,0
53.70000000000049,0
53.717500000000534,0
53.72546500000053,0
53.800000000000495,0
53.817500000000535,0
53.825465000000534,0
53.900000000000496,0
53.91750000000054,0
53.925465000000536,0
54.0000000000005,0
54.01750000000054,0
54.02546500000054,0
54.1000000000005,0
54.11750000000054,0
54.12546500000054,0
54.2000000000005,0
54.21750000000054,0
54.22546500000054,0
54.3000000000005,0
54.31750000000054,0
54.32546500000054,0
54.4000000000005,0
54.417500000000544,0
54.42546500000054,0
54.500000000000504,0
54.517500000000545,0
54.525465000000544,0
54.600000000000506,0
54.61750000000055,0
54.625465000000546,0
54.70000000000051,0
54.71750000000055,0
54.72546500000055,0
54.80000000000051,0
54.81750000000055,0
54.82546500000055,0
54.90000000000051,0
54.91750000000055,0
54.92546500000055,0
55.00000000000051,0
55.01750000000055,0
55.02546500000055,0
55.10000000000051,0
55.117500000000554,0
55.12546500000055,0
55.200000000000514,0
55.217500000000555,0
55.225465000000554,0
55.300000000000516,0
55.31750000000056,0
55.325465000000555,0
55.40000000000052,0
55.41750000000056,0
55.42546500000056,0
55.50000000000052,0
55.51750000000056,0
55.52546500000056,0
55.60000000000052,0
55.61750000000056,0
55.62546500000056,0
55.70000000000052,0
55.71750000000056,0
55.72546500000056,0
55.80000000000052,0
55.817500000000564,0
55.82546500000056,0
55.900000000000524,0
55.917500000000565,0
55.925465000000564,0
56.000000000000526,0
56.01750000000057,0
56.025465000000565,0
56.10000000000053,0
56.11750000000057,0
56.12546500000057,0
56.20000000000053,0
56.21750000000057,0
56.22546500000057,0
56.30000000000053,0
56.31750000000057,0
56.32546500000057,0
56.40000000000053,0
56.41750000000057,0
56.42546500000057,0
56.50000000000053,0
56.517500000000574,0
56.52546500000057,0
56.600000000000534,0
56.617500000000575,0
56.625465000000574,0
56.700000000000536,0
56.71750000000058,0
56.725465000000575,0
56.80000000000054,0
56.81750000000058,0
56.82546500000058,0
56.90000000000054,0
56.91750000000058,0
56.92546500000058,0
57.00000000000054,0
57.01750000000058,0
57.02546500000058,0
57.10000000000054,0
57.11750000000058,0
57.12546500000058,0
57.20000000000054,0
57.217500000000584,0
57.22546500000058,0
57.300000000000544,0
57.317500000000585,0
57.325465000000584,0
57.400000000000546,0
57.41750000000059,0
57.425465000000585,0
57.50000000000055,0
57.51750000000059,0
57.52546500000059,0
57.60000000000055,0
57.61750000000059,0
57.62546500000059,0
57.70000000000055,0
57.71750000000059,0
57.72546500000059,0
57.80000000000055,0
57.81750000000059,0
57.82546500000059,0
57.90000000000055,0
57.917500000000594,0
57.92546500000059,0
58.000000000000554,0
58.017500000000595,0
58.025465000000594,0
58.100000000000556,0
58.1175000000006,0
58.125465000000595,0
58.20000000000056,0
58.2175000000006,0
58.2254650000006,0
58.30000000000056,0
58.3175000000006,0
58.3254650000006,0
58.40000000000056,0
58.4175000000006,0
58.4254650000006,0
58.50000000000056,0
58.5175000000006,0
58.5254650000006,0
58.60000000000056,0
58.617500000000604,0
58.6254650000006,0
58.700000000000564,0
58.717500000000605,0
58.725465000000604,0
58.800000000000566,0
58.81750000000061,0
58.825465000000605,0
58.90000000000057,0
58.91750000000061,0
58.92546500000061,0
59.00000000000057,0
59.01750000000061,0
59.02546500000061,0
59.10000000000057,0
59.11750000000061,0
59.12546500000061,0
59.20000000000057,0
59.21750000000061,0
59.22546500000061,0
59.30000000000057,0
59.317500000000614,0
59.32546500000061,0
59.400000000000574,0
59.417500000000615,0
59.425465000000614,0
59.500000000000576,0
59.51750000000062,0
59.525465000000615,0
59.60000000000058,0
59.61750000000062,0
59.62546500000062,0
59.70000000000058,0
59.71750000000062,0
59.72546500000062,0
59.80000000000058,0
59.81750000000062,0
59.82546500000062,0
59.90000000000058,0
59.91750000000062,0
59.92546500000062,0
60.00000000000058,0
60.017500000000624,0
60.02546500000062,0
60.100000000000584,0
60.117500000000625,0
60.125465000000624,0
60.200000000000585,0
60.217500000000626,0
60.225465000000625,0
60.30000000000059,0
60.31750000000063,0
60.32546500000063,0
60.40000000000059,0
60.41750000000063,0
60.42546500000063,0
60.50000000000059,0
60.51750000000063,0
60.52546500000063,0
60.60000000000059,0
60.61750000000063,0
60.62546500000063,0
60.70000000000059,0
60.71750000000063,0
60.72546500000063,0
60.800000000000594,0
60.817500000000635,0
60.825465000000634,0
60.900000000000595,0
60.917500000000636,0
60.925465000000635,0
61.0000000000006,0
61.01750000000064,0
61.02546500000064,0
61.1000000000006,0
61.11750000000064,0
61.12546500000064,0
61.2000000000006,0
61.21750000000064,0
61.22546500000064,0
61.3000000000006,0
61.31750000000064,0
61.32546500000064,0
61.4000000000006,0
61.41750000000064,0
61.42546500000064,0
61.500000000000604,0
61.517500000000645,0
61.525465000000644,0
61.600000000000605,0
61.617500000000646,0
61.625465000000645,0
61.70000000000061,0
61.71750000000065,0
61.725465000000646,0
61.80000000000061,0
61.81750000000065,0
61.82546500000065,0
61.90000000000061,0
61.91750000000065,0
61.92546500000065,0
62.00000000000061,0
62.01750000000065,0
62.02546500000065,0
62.10000000000061,0
62.11750000000065,0
62.12546500000065,0
62.200000000000614,0
62.217500000000655,0
62.22546500000065,0
62.300000000000615,0
62.317500000000656,0
62.325465000000655,0
62.40000000000062,0
62.41750000000066,0
62.425465000000656,0
62.50000000000062,0
62.51750000000066,0
62.52546500000066,0
62.60000000000062,0
62.61750000000066,0
62.62546500000066,0
62.70000000000062,0
62.71750000000066,0
62.72546500000066,0
62.80000000000062,0
62.81750000000066,0
62.82546500000066,0
62.900000000000624,0
62.917500000000665,0
62.92546500000066,0
63.000000000000625,0
63.017500000000666,0
63.025465000000665,0
63.10000000000063,0
63.11750000000067,0
63.125465000000666,0
63.20000000000063,0
63.21750000000067,0
63.22546500000067,0
63.30000000000063,0
63.31750000000067,0
63.32546500000067,0
63.40000000000063,0
63.41750000000067,0
63.42546500000067,0
63.50000000000063,0
63.51750000000067,0
63.52546500000067,0
63.600000000000634,0
63.617500000000675,0
63.62546500000067,0
63.700000000000635,0
63.717500000000676,0
63.725465000000675,0
63.80000000000064,0
63.81750000000068,0
63.825465000000676,0
63.90000000000064,0
63.91750000000068,0
63.92546500000068,0
64.00000000000064,0
64.01750000000068,0
64.02546500000068,0
64.10000000000063,0
64.11750000000067,0
64.12546500000067,0
64.20000000000063,0
64.21750000000067,0
64.22546500000067,0
64.30000000000062,0
64.31750000000066,0
64.32546500000066,0
64.40000000000062,0
64.41750000000066,0
64.42546500000066,0
64.50000000000061,0
64.51750000000065,0
64.52546500000065,0
64.6000000000006,0
64.61750000000065,0
64.62546500000064,0
64.7000000000006,0
64.71750000000064,0
64.72546500000064,0
64.8000000000006,0
64.81750000000063,0
64.82546500000063,0
64.90000000000059,0
64.91750000000063,0
64.92546500000063,0
65.00000000000058,0
65.01750000000062,0
65.02546500000062,0
65.10000000000058,0
65.11750000000062,0
65.12546500000062,0
65.20000000000057,0
65.21750000000061,0
65.22546500000061,0
65.30000000000057,0
65.3175000000006,0
65.3254650000006,0
65.40000000000056,0
65.4175000000006,0
65.4254650000006,0
65.50000000000055,0
65.5175000000006,0
65.5254650000006,0
65.60000000000055,0
65.61750000000059,0
65.62546500000059,0
65.70000000000054,0
65.71750000000058,0
65.72546500000058,0
65.80000000000054,0
65.81750000000058,0
65.82546500000058,0
65.90000000000053,0
65.91750000000057,0
65.92546500000057,0
66.00000000000053,0
66.01750000000057,0
66.02546500000057,0
66.10000000000052,0
66.11750000000056,0
66.12546500000056,0
66.20000000000051,0
66.21750000000056,0
66.22546500000055,0
66.30000000000051,0
66.31750000000055,0
66.32546500000055,0
66.4000000000005,0
66.41750000000054,0
66.42546500000054,0
66.5000000000005,0
66.51750000000054,0
66.52546500000054,0
66.60000000000049,0
66.61750000000053,0
66.62546500000053,0
66.70000000000049,0
66.71750000000053,0
66.72546500000053,0
66.80000000000048,0
66.81750000000052,0
66.82546500000052,0
66.90000000000047,0
66.91750000000052,0
66.92546500000051,0
67.00000000000047,0
67.01750000000051,0
67.02546500000051,0
67.10000000000046,0
67.1175000000005,0
67.1254650000005,0
67.20000000000046,0
67.2175000000005,0
67.2254650000005,0
67.30000000000045,0
67.31750000000049,0
67.32546500000049,0
67.40000000000045,0
67.41750000000049,0
67.42546500000049,0
67.50000000000044,0
67.51750000000048,0
67.52546500000048,0
67.60000000000043,0
67.61750000000048,0
67.62546500000047,0
67.70000000000043,0
67.71750000000047,0
67.72546500000047,0
67.80000000000042,0
67.81750000000046,0
67.82546500000046,0
67.90000000000042,0
67.91750000000046,0
67.92546500000046,0
68.00000000000041,0
68.01750000000045,0
68.02546500000045,0
68.1000000000004,0
68.11750000000045,0
68.12546500000045,0
68.2000000000004,0
68.21750000000044,0
68.22546500000044,0
68.3000000000004,0
68.31750000000044,0
68.32546500000043,0
68.40000000000039,0
68.41750000000043,0
68.42546500000043,0
68.50000000000038,0
68.51750000000042,0
68.52546500000042,0
68.60000000000038,0
68.61750000000042,0
68.62546500000042,0
68.70000000000037,0
68.71750000000041,0
68.72546500000041,0
68.80000000000037,0
68.81750000000041,0
68.8254650000004,0
68.90000000000036,0
68.9175000000004,0
68.9254650000004,0
69.00000000000036,0
69.0175000000004,0
69.0254650000004,0
69.10000000000035,0
69.11750000000039,0
69.12546500000039,0
69.20000000000034,0
69.21750000000038,0
69.22546500000038,0
69.30000000000034,0
69.31750000000038,0
69.32546500000038,0
69.40000000000033,0
69.41750000000037,0
69.42546500000037,0
69.50000000000033,0
69.51750000000037,0
69.52546500000037,0
69.60000000000032,0
69.61750000000036,0
69.62546500000036,0
69.70000000000032,0
69.71750000000036,0
69.72546500000036,0
69.80000000000031,0
69.81750000000035,0
69.82546500000035,0
69.9000000000003,0
69.91750000000035,0
69.92546500000034,0
70.0000000000003,0
70.01750000000034,0
70.02546500000034,0
70.10000000000029,0
70.11750000000033,0
70.12546500000033,0
70.20000000000029,0
70.21750000000033,0
70.22546500000033,0
70.30000000000028,0
70.31750000000032,0
70.32546500000032,0
70.40000000000028,0
70.41750000000032,0
70.42546500000032,0
70.50000000000027,0
70.51750000000031,0
70.52546500000031,0
70.60000000000026,0
70.6175000000003,0
70.6254650000003,0
70.70000000000026,0
70.7175000000003,0
70.7254650000003,0
70.80000000000025,0
70.8175000000003,0
70.82546500000029,0
70.90000000000025,0
70.91750000000029,0
70.92546500000029,0
71.00000000000024,0
71.01750000000028,0
71.02546500000028,0
71.10000000000024,0
71.11750000000028,0
71.12546500000028,0
71.20000000000023,0
71.21750000000027,0
71.22546500000027,0
71.30000000000022,0
71.31750000000027,0
71.32546500000026,0
71.40000000000022,0
71.41750000000026,0
71.42546500000026,0
71.50000000000021,0
71.51750000000025,0
71.52546500000025,0
71.60000000000021,0
71.61750000000025,0
71.62546500000025,0
71.7000000000002,0
71.71750000000024,0
71.72546500000024,0
71.8000000000002,0
71.81750000000024,0
71.82546500000024,0
71.90000000000019,0
71.91750000000023,0
71.92546500000023,0
72.00000000000018,0
72.01750000000023,0
72.02546500000022,0
72.10000000000018,0
72.11750000000022,0
72.12546500000022,0
72.20000000000017,0
72.21750000000021,0
72.22546500000021,0
72.30000000000017,0
72.31750000000021,0
72.32546500000021,0
72.40000000000016,0
72.4175000000002,0
72.4254650000002,0
72.50000000000016,0
72.5175000000002,0
72.5254650000002,0
72.60000000000015,0
72.61750000000019,0
72.62546500000019,0
72.70000000000014,0
72.71750000000019,0
72.72546500000018,0
72.80000000000014,0
72.81750000000018,0
72.82546500000018,0
72.90000000000013,0
72.91750000000017,0
72.92546500000017,0
73.00000000000013,0
73.01750000000017,0
73.02546500000017,0
73.10000000000012,0
73.11750000000016,0
73.12546500000016,0
73.20000000000012,0
73.21750000000016,0
73.22546500000016,0
73.30000000000011,0
73.31750000000015,0
73.32546500000015,0
73.4000000000001,0
73.41750000000015,0
73.42546500000014,0
73.5000000000001,0
73.51750000000014,0
73.52546500000014,0
73.6000000000001,0
73.61750000000013,0
73.62546500000013,0
73.70000000000009,0
73.71750000000013,0
73.72546500000013,0
73.80000000000008,0
73.81750000000012,0
73.82546500000012,0
73.90000000000008,0
73.91750000000012,0
73.92546500000012,0
74.00000000000007,0
74.01750000000011,0
74.02546500000011,0
74.10000000000007,0
74.1175000000001,0
74.1254650000001,0
74.20000000000006,0
74.2175000000001,0
74.2254650000001,0
74.30000000000005,0
74.3175000000001,0
74.3254650000001,0
74.40000000000005,0
74.41750000000009,0
74.42546500000009,0
74.50000000000004,0
74.51750000000008,0
74.52546500000008,0
74.60000000000004,0
74.61750000000008,0
74.62546500000008,0
74.70000000000003,0
74.71750000000007,0
74.72546500000007,0
74.80000000000003,0
74.81750000000007,0
74.82546500000007,0
74.90000000000002,0
74.91750000000006,0
74.92546500000006,0
75.00000000000001,0
75.01750000000006,0
75.02546500000005,0
75.10000000000001,0
75.11750000000005,0
75.12546500000005,0
75.2,0
75.21750000000004,0
75.22546500000004,0
75.3,0
75.31750000000004,0
75.32546500000004,0
75.39999999999999,0
75.41750000000003,0
75.42546500000003,0
75.49999999999999,0
75.51750000000003,0
75.52546500000003,0
75.59999999999998,0
75.61750000000002,0
75.62546500000002,0
75.69999999999997,0
75.71750000000002,0
75.72546500000001,0
75.79999999999997,0
75.81750000000001,0
75.82546500000001,0
75.89999999999996,0
75.9175,0
75.925465,0
75.99999999999996,0
76.0175,0
76.025465,0
76.09999999999995,0
76.11749999999999,0
76.12546499999999,0
76.19999999999995,0
76.21749999999999,0
76.22546499999999,0
76.29999999999994,0
76.31749999999998,0
76.32546499999998,0
76.39999999999993,0
76.41749999999998,0
76.42546499999997,0
76.49999999999993,0
76.51749999999997,0
76.52546499999997,0
76.59999999999992,0
76.61749999999996,0
76.62546499999996,0
76.69999999999992,0
76.71749999999996,0
76.72546499999996,0
76.79999999999991,0
76.81749999999995,0
76.82546499999995,0
76.8999999999999,0
76.91749999999995,0
76.92546499999995,0
76.9999999999999,0
77.01749999999994,0
77.02546499999994,0
77.0999999999999,0
77.11749999999994,0
77.12546499999993,0
77.19999999999989,0
77.21749999999993,0
77.22546499999993,0
77.29999999999988,0
77.31749999999992,0
77.32546499999992,0
77.39999999999988,0
77.41749999999992,0
77.42546499999992,0
77.49999999999987,0
77.51749999999991,0
77.52546499999991,0
77.59999999999987,0
77.61749999999991,0
77.6254649999999,0
77.69999999999986,0
77.7174999999999,0
77.7254649999999,0
77.79999999999986,0
77.8174999999999,0
77.8254649999999,0
77.89999999999985,0
77.91749999999989,0
77.92546499999989,0
77.99999999999984,0
78.01749999999988,0
78.02546499999988,0
78.09999999999984,0
78.11749999999988,0
78.12546499999988,0
78.19999999999983,0
78.21749999999987,0
78.22546499999987,0
78.29999999999983,0
78.31749999999987,0
78.32546499999987,0
78.39999999999982,0
78.41749999999986,0
78.42546499999986,0
78.49999999999982,0
78.51749999999986,0
78.52546499999985,0
78.59999999999981,0
78.61749999999985,0
78.62546499999985,0
78.6999999999998,0
78.71749999999984,0
78.72546499999984,0
78.7999999999998,0
78.81749999999984,0
78.82546499999984,0
78.89999999999979,0
78.91749999999983,0
78.92546499999983,0
78.99999999999979,0
79.01749999999983,0
79.02546499999983,0
79.09999999999978,0
79.11749999999982,0
79.12546499999982,0
79.19999999999978,0
79.21749999999982,0
79.22546499999982,0
79.29999999999977,0
79.31749999999981,0
79.32546499999981,0
79.39999999999976,0
79.4174999999998,0
79.4254649999998,0
79.49999999999976,0
79.5174999999998,0
79.5254649999998,0
79.59999999999975,0
79.6174999999998,0
79.62546499999979,0
79.69999999999975,0
79.71749999999979,0
79.72546499999979,0
79.79999999999974,0
79.81749999999978,0
79.82546499999978,0
79.89999999999974,0
79.91749999999978,0
79.92546499999978,0
79.99999999999973,0
80.01749999999977,0
80.02546499999977,0
80.09999999999972,0
80.11749999999977,0
80.12546499999976,0
80.19999999999972,0
80.21749999999976,0
80.22546499999976,0
80.29999999999971,0
80.31749999999975,0
80.32546499999975,0
80.39999999999971,0
80.41749999999975,0
80.42546499999975,0
80.4999999999997,0
80.51749999999974,0
80.52546499999974,0
80.5999999999997,0
80.61749999999974,0
80.62546499999974,0
80.69999999999969,0
80.71749999999973,0
80.72546499999973,0
80.79999999999968,0
80.81749999999973,0
80.82546499999972,0
80.89999999999968,0
80.91749999999972,0
80.92546499999972,0
80.99999999999967,0
81.01749999999971,0
81.02546499999971,0
81.09999999999967,0
81.11749999999971,0
81.1254649999997,0
81.19999999999966,0
81.2174999999997,0
81.2254649999997,0
81.29999999999966,0
81.3174999999997,0
81.3254649999997,0
81.39999999999965,0
81.41749999999969,0
81.42546499999969,0
81.49999999999964,0
81.51749999999969,0
81.52546499999968,0
81.59999999999964,0
81.61749999999968,0
81.62546499999968,0
81.69999999999963,0
81.71749999999967,0
81.72546499999967,0
81.79999999999963,0
81.81749999999967,0
81.82546499999967,0
81.89999999999962,0
81.91749999999966,0
81.92546499999966,0
81.99999999999962,0
82.01749999999966,0
82.02546499999966,0
82.09999999999961,0
82.11749999999965,0
82.12546499999965,0
82.1999999999996,0
82.21749999999965,0
82.22546499999964,0
82.2999999999996,0
82.31749999999964,0
82.32546499999964,0
82.3999999999996,0
82.41749999999963,0
82.42546499999963,0
82.49999999999959,0
82.51749999999963,0
82.52546499999963,0
82.59999999999958,0
82.61749999999962,0
82.62546499999962,0
82.69999999999958,0
82.71749999999962,0
82.72546499999962,0
82.79999999999957,0
82.81749999999961,0
82.82546499999961,0
82.89999999999957,0
82.9174999999996,0
82.9254649999996,0
82.99999999999956,0
83.0174999999996,0
83.0254649999996,0
83.09999999999955,0
83.1174999999996,0
83.1254649999996,0
83.19999999999955,0
83.21749999999959,0
83.22546499999959,0
83.29999999999954,0
83.31749999999958,0
83.32546499999958,0
83.39999999999954,0
83.41749999999958,0
83.42546499999958,0
83.49999999999953,0
83.51749999999957,0
83.52546499999957,0
83.59999999999953,0
83.61749999999957,0
83.62546499999956,0
83.69999999999952,0
83.71749999999956,0
83.72546499999956,0
83.79999999999951,0
83.81749999999955,0
83.82546499999955,0
83.89999999999951,0
83.91749999999955,0
83.92546499999955,0
83.9999999999995,0
84.01749999999954,0
84.02546499999954,0
84.0999999999995,0
84.11749999999954,0
84.12546499999954,0
84.19999999999949,0
84.21749999999953,0
84.22546499999953,0
84.29999999999949,0
84.31749999999953,0
84.32546499999953,0
84.39999999999948,0
84.41749999999952,0
84.42546499999952,0
84.49999999999947,0
84.51749999999952,0
84.52546499999951,0
84.59999999999947,0
84.61749999999951,0
84.62546499999951,0
84.69999999999946,0
84.7174999999995,0
84.7254649999995,0
84.79999999999946,0
84.8174999999995,0
84.8254649999995,0
84.89999999999945,0
84.91749999999949,0
84.92546499999949,0
84.99999999999945,0
85.01749999999949,0
85.02546499999949,0
85.09999999999944,0
85.11749999999948,0
85.12546499999948,0
85.19999999999943,0
85.21749999999948,0
85.22546499999947,0
85.29999999999943,0
85.31749999999947,0
85.32546499999947,0
85.39999999999942,0
85.41749999999946,0
85.42546499999946,0
85.49999999999942,0
85.51749999999946,0
85.52546499999946,0
85.59999999999941,0
85.61749999999945,0
85.62546499999945,0
85.6999999999994,0
85.71749999999945,0
85.72546499999945,0
85.7999999999994,0
85.81749999999944,0
85.82546499999944,0
85.8999999999994,0
85.91749999999944,0
85.92546499999943,0
85.99999999999939,0
86.01749999999943,0
86.02546499999943,0
86.09999999999938,0
86.11749999999942,0
86.12546499999942,0
86.19999999999938,0
86.21749999999942,0
86.22546499999942,0
86.29999999999937,0
86.31749999999941,0
86.32546499999941,0
86.39999999999937,0
86.41749999999941,0
86.4254649999994,0
86.49999999999936,0
86.5174999999994,0
86.5254649999994,0
86.59999999999935,0
86.6174999999994,0
86.6254649999994,0
86.69999999999935,0
86.71749999999939,0
86.72546499999939,0
86.79999999999934,0
86.81749999999938,0
86.82546499999938,0
86.89999999999934,0
86.91749999999938,0
86.92546499999938,0
86.99999999999933,0
87.01749999999937,0
87.02546499999937,0
87.09999999999933,0
87.11749999999937,0
87.12546499999937,0
87.19999999999932,0
87.21749999999936,0
87.22546499999936,0
87.29999999999932,0
87.31749999999936,0
87.32546499999935,0
87.39999999999931,0
87.41749999999935,0
87.42546499999935,0
87.4999999999993,0
87.51749999999934,0
87.52546499999934,0
87.5999999999993,0
87.61749999999934,0
87.62546499999934,0
87.69999999999929,0
87.71749999999933,0
87.72546499999933,0
87.79999999999929,0
87.81749999999933,0
87.82546499999933,0
87.89999999999928,0
87.91749999999932,0
87.92546499999932,0
87.99999999999928,0
88.01749999999932,0
88.02546499999931,0
88.09999999999927,0
88.11749999999931,0
88.12546499999931,0
88.19999999999926,0
88.2174999999993,0
88.2254649999993,0
88.29999999999926,0
88.3174999999993,0
88.3254649999993,0
88.39999999999925,0
88.4174999999993,0
88.42546499999929,0
88.49999999999925,0
88.51749999999929,0
88.52546499999929,0
88.59999999999924,0
88.61749999999928,0
88.62546499999928,0
88.69999999999924,0
88.71749999999928,0
88.72546499999928,0
88.79999999999923,0
88.81749999999927,0
88.82546499999927,0
88.89999999999922,0
88.91749999999927,0
88.92546499999926,0
88.99999999999922,0
89.01749999999926,0
89.02546499999926,0
89.09999999999921,0
89.11749999999925,0
89.12546499999925,0
89.1999999999992,0
89.21749999999925,0
89.22546499999925,0
89.2999999999992,0
89.31749999999924,0
89.32546499999924,0
89.3999999999992,0
89.41749999999924,0
89.42546499999924,0
89.49999999999919,0
89.51749999999923,0
89.52546499999923,0
89.59999999999918,0
89.61749999999923,0
89.62546499999922,0
89.69999999999918,0
89.71749999999922,0
89.72546499999922,0
89.79999999999917,0
89.81749999999921,0
89.82546499999921,0
89.89999999999917,0
89.91749999999921,0
89.9254649999992,0
89.99999999999916,0
90.0174999999992,0
90.0254649999992,0
90.09999999999916,0
90.1174999999992,0
90.1254649999992,0
90.19999999999915,0
90.21749999999919,0
90.22546499999919,0
90.29999999999914,0
90.31749999999919,0
90.32546499999918,0
90.39999999999914,0
90.41749999999918,0
90.42546499999918,0
90.49999999999913,0
90.51749999999917,0
90.52546499999917,0
90.59999999999913,0
90.61749999999917,0
90.62546499999917,0
90.69999999999912,0
90.71749999999916,0
90.72546499999916,0
90.79999999999912,0
90.81749999999916,0
90.82546499999916,0
90.89999999999911,0
90.91749999999915,0
90.92546499999915,0
90.9999999999991,0
91.01749999999915,0
91.02546499999914,0
91.0999999999991,0
91.11749999999914,0
91.12546499999914,0
91.1999999999991,0
91.21749999999913,0
91.22546499999913,0
91.29999999999909,0
91.31749999999913,0
91.32546499999913,0
91.39999999999908,0
91.41749999999912,0
91.42546499999912,0
91.49999999999908,0
91.51749999999912,0
91.52546499999912,0
91.59999999999907,0
91.61749999999911,0
91.62546499999911,0
91.69999999999906,0
91.7174999999991,0
91.7254649999991,0
91.79999999999906,0
91.8174999999991,0
91.8254649999991,0
91.89999999999905,0
91.9174999999991,0
91.9254649999991,0
91.99999999999905,0
92.01749999999909,0
92.02546499999909,0
92.09999999999904,0
92.11749999999908,0
92.12546499999908,0
92.19999999999904,0
92.21749999999908,0
92.22546499999908,0
92.29999999999903,0
92.31749999999907,0
92.32546499999907,0
92.39999999999903,0
92.41749999999907,0
92.42546499999906,0
92.49999999999902,0
92.51749999999906,0
92.52546499999906,0
92.59999999999901,0
92.61749999999905,0
92.62546499999905,0
92.69999999999901,0
92.71749999999905,0
92.72546499999905,0
92.799999999999,0
92.81749999999904,0
92.82546499999904,0
92.899999999999,0
92.91749999999904,0
92.92546499999904,0
92.99999999999899,0
93.01749999999903,0
93.02546499999903,0
93.09999999999899,0
93.11749999999903,0
93.12546499999902,0
93.19999999999898,0
93.21749999999902,0
93.22546499999902,0
93.29999999999897,0
93.31749999999901,0
93.32546499999901,0
93.39999999999897,0
93.41749999999901,0
93.42546499999901,0
93.49999999999896,0
93.517499999999,0
93.525464999999,0
93.59999999999896,0
93.617499999999,0
93.625464999999,0
93.69999999999895,0
93.71749999999899,0
93.72546499999899,0
93.79999999999895,0
93.81749999999899,0
93.82546499999899,0
93.89999999999894,0
93.91749999999898,0
93.92546499999898,0
93.99999999999893,0
94.01749999999898,0
94.02546499999897,0
94.09999999999893,0
94.11749999999897,0
94.12546499999897,0
94.19999999999892,0
94.21749999999896,0
94.22546499999896,0
94.29999999999892,0
94.31749999999896,0
94.32546499999896,0
94.39999999999891,0
94.41749999999895,0
94.42546499999895,0
94.4999999999989,0
94.51749999999895,0
94.52546499999895,0
94.5999999999989,0
94.61749999999894,0
94.62546499999894,0
94.6999999999989,0
94.71749999999894,0
94.72546499999893,0
94.79999999999889,0
94.81749999999893,0
94.82546499999893,0
94.89999999999888,0
94.91749999999892,0
94.92546499999892,0
94.99999999999888,0
95.01749999999892,0
95.02546499999892,0
95.09999999999887,0
95.11749999999891,0
95.12546499999891,0
95.19999999999887,0
95.2174999999989,0
95.2254649999989,0
95.29999999999886,0
95.3174999999989,0
95.3254649999989,0
95.39999999999885,0
95.4174999999989,0
95.4254649999989,0
95.49999999999885,0
95.51749999999889,0
95.52546499999889,0
95.59999999999884,0
95.61749999999888,0
95.62546499999888,0
95.69999999999884,0
95.71749999999888,0
95.72546499999888,0
95.79999999999883,0
95.81749999999887,0
95.82546499999887,0
95.89999999999883,0
95.91749999999887,0
95.92546499999887,0
95.99999999999882,0
96.01749999999886,0
96.02546499999886,0
96.09999999999881,0
96.11749999999886,0
96.12546499999885,0
96.19999999999881,0
96.21749999999885,0
96.22546499999885,0
96.2999999999988,0
96.31749999999884,0
96.32546499999884,0
96.3999999999988,0
96.41749999999884,0
96.42546499999884,0
96.49999999999879,0
96.51749999999883,0
96.52546499999883,0
96.59999999999879,0
96.61749999999883,0
96.62546499999883,0
96.69999999999878,0
96.71749999999882,0
96.72546499999882,0
96.79999999999878,0
96.81749999999882,0
96.82546499999881,0
96.89999999999877,0
96.91749999999881,0
96.92546499999881,0
96.99999999999876,0
97.0174999999988,0
97.0254649999988,0
97.09999999999876,0
97.1174999999988,0
97.1254649999988,0
97.19999999999875,0
97.2174999999988,0
97.22546499999879,0
97.29999999999875,0
97.31749999999879,0
97.32546499999879,0
97.39999999999874,0
97.41749999999878,0
97.42546499999878,0
97.49999999999874,0
97.51749999999878,0
97.52546499999877,0
97.59999999999873,0
97.61749999999877,0
97.62546499999877,0
97.69999999999872,0
97.71749999999876,0
97.72546499999876,0
97.79999999999872,0
97.81749999999876,0
97.82546499999876,0
97.89999999999871,0
97.91749999999875,0
97.92546499999875,0
97.9999999999987,0
98.01749999999875,0
98.02546499999875,0
98.0999999999987,0
98.11749999999874,0
98.12546499999874,0
98.1999999999987,0
98.21749999999874,0
98.22546499999874,0
98.29999999999869,0
98.31749999999873,0
98.32546499999873,0
98.39999999999868,0
98.41749999999873,0
98.42546499999872,0
98.49999999999868,0
98.51749999999872,0
98.52546499999872,0
98.59999999999867,0
98.61749999999871,0
98.62546499999871,0
98.69999999999867,0
98.71749999999871,0
98.7254649999987,0
98.79999999999866,0
98.8174999999987,0
98.8254649999987,0
98.89999999999866,0
98.9174999999987,0
98.9254649999987,0
98.99999999999865,0
99.01749999999869,0
99.02546499999869,0
99.09999999999864,0
99.11749999999869,0
99.12546499999868,0
99.19999999999864,0
99.21749999999868,0
99.22546499999868,0
99.29999999999863,0
99.31749999999867,0
99.32546499999867,0
99.39999999999863,0
99.41749999999867,0
99.42546499999867,0
99.49999999999862,0
99.51749999999866,0
99.52546499999866,0
99.59999999999862,0
99.61749999999866,0
99.62546499999866,0
99.69999999999861,0
99.71749999999865,0
99.72546499999865,0
99.7999999999986,0
99.81749999999865,0
99.82546499999864,0
99.8999999999986,0
99.91749999999864,0
99.92546499999864,0
99.9999999999986,0
