time,goodput,connection_id,src,dst
1.22012,19.5,12395,<entities.dtn.DTN object at 0x10573ddc0>,<entities.dtn.DTN object at 0x105761940>
2.22012,0.0,12395,<entities.dtn.DTN object at 0x10573ddc0>,<entities.dtn.DTN object at 0x105761940>
3.22012,0.0,12395,<entities.dtn.DTN object at 0x10573ddc0>,<entities.dtn.DTN object at 0x105761940>
4.22012,0.0,12395,<entities.dtn.DTN object at 0x10573ddc0>,<entities.dtn.DTN object at 0x105761940>
5.22012,0.0,12395,<entities.dtn.DTN object at 0x10573ddc0>,<entities.dtn.DTN object at 0x105761940>
6.22012,0.0,12395,<entities.dtn.DTN object at 0x10573ddc0>,<entities.dtn.DTN object at 0x105761940>
7.22012,0.0,12395,<entities.dtn.DTN object at 0x10573ddc0>,<entities.dtn.DTN object at 0x105761940>
8.22012,0.0,12395,<entities.dtn.DTN object at 0x10573ddc0>,<entities.dtn.DTN object at 0x105761940>
9.22012,0.0,12395,<entities.dtn.DTN object at 0x10573ddc0>,<entities.dtn.DTN object at 0x105761940>
10.22012,0.0,12395,<entities.dtn.DTN object at 0x10573ddc0>,<entities.dtn.DTN object at 0x105761940>
11.22012,0.0,12395,<entities.dtn.DTN object at 0x10573ddc0>,<entities.dtn.DTN object at 0x105761940>
12.22012,0.0,12395,<entities.dtn.DTN object at 0x10573ddc0>,<entities.dtn.DTN object at 0x105761940>
13.22012,0.0,12395,<entities.dtn.DTN object at 0x10573ddc0>,<entities.dtn.DTN object at 0x105761940>
14.22012,0.0,12395,<entities.dtn.DTN object at 0x10573ddc0>,<entities.dtn.DTN object at 0x105761940>
15.22012,0.0,12395,<entities.dtn.DTN object at 0x10573ddc0>,<entities.dtn.DTN object at 0x105761940>
16.22012,0.0,12395,<entities.dtn.DTN object at 0x10573ddc0>,<entities.dtn.DTN object at 0x105761940>
17.22012,0.0,12395,<entities.dtn.DTN object at 0x10573ddc0>,<entities.dtn.DTN object at 0x105761940>
18.22012,0.0,12395,<entities.dtn.DTN object at 0x10573ddc0>,<entities.dtn.DTN object at 0x105761940>
19.22012,0.0,12395,<entities.dtn.DTN object at 0x10573ddc0>,<entities.dtn.DTN object at 0x105761940>
20.22012,0.0,12395,<entities.dtn.DTN object at 0x10573ddc0>,<entities.dtn.DTN object at 0x105761940>
21.22012,0.0,12395,<entities.dtn.DTN object at 0x10573ddc0>,<entities.dtn.DTN object at 0x105761940>
22.22012,0.0,12395,<entities.dtn.DTN object at 0x10573ddc0>,<entities.dtn.DTN object at 0x105761940>
23.22012,0.0,12395,<entities.dtn.DTN object at 0x10573ddc0>,<entities.dtn.DTN object at 0x105761940>
24.22012,0.0,12395,<entities.dtn.DTN object at 0x10573ddc0>,<entities.dtn.DTN object at 0x105761940>
25.22012,0.0,12395,<entities.dtn.DTN object at 0x10573ddc0>,<entities.dtn.DTN object at 0x105761940>
26.22012,0.0,12395,<entities.dtn.DTN object at 0x10573ddc0>,<entities.dtn.DTN object at 0x105761940>
27.22012,0.0,12395,<entities.dtn.DTN object at 0x10573ddc0>,<entities.dtn.DTN object at 0x105761940>
28.22012,0.0,12395,<entities.dtn.DTN object at 0x10573ddc0>,<entities.dtn.DTN object at 0x105761940>
29.22012,0.0,12395,<entities.dtn.DTN object at 0x10573ddc0>,<entities.dtn.DTN object at 0x105761940>
30.22012,0.0,12395,<entities.dtn.DTN object at 0x10573ddc0>,<entities.dtn.DTN object at 0x105761940>
31.22012,0.0,12395,<entities.dtn.DTN object at 0x10573ddc0>,<entities.dtn.DTN object at 0x105761940>
32.22012,0.0,12395,<entities.dtn.DTN object at 0x10573ddc0>,<entities.dtn.DTN object at 0x105761940>
33.22012,0.0,12395,<entities.dtn.DTN object at 0x10573ddc0>,<entities.dtn.DTN object at 0x105761940>
34.22012,0.0,12395,<entities.dtn.DTN object at 0x10573ddc0>,<entities.dtn.DTN object at 0x105761940>
35.22012,0.0,12395,<entities.dtn.DTN object at 0x10573ddc0>,<entities.dtn.DTN object at 0x105761940>
36.22012,0.0,12395,<entities.dtn.DTN object at 0x10573ddc0>,<entities.dtn.DTN object at 0x105761940>
37.22012,0.0,12395,<entities.dtn.DTN object at 0x10573ddc0>,<entities.dtn.DTN object at 0x105761940>
38.22012,0.0,12395,<entities.dtn.DTN object at 0x10573ddc0>,<entities.dtn.DTN object at 0x105761940>
39.22012,0.0,12395,<entities.dtn.DTN object at 0x10573ddc0>,<entities.dtn.DTN object at 0x105761940>
40.22012,0.0,12395,<entities.dtn.DTN object at 0x10573ddc0>,<entities.dtn.DTN object at 0x105761940>
41.22012,0.0,12395,<entities.dtn.DTN object at 0x10573ddc0>,<entities.dtn.DTN object at 0x105761940>
42.22012,0.0,12395,<entities.dtn.DTN object at 0x10573ddc0>,<entities.dtn.DTN object at 0x105761940>
43.22012,0.0,12395,<entities.dtn.DTN object at 0x10573ddc0>,<entities.dtn.DTN object at 0x105761940>
44.22012,0.0,12395,<entities.dtn.DTN object at 0x10573ddc0>,<entities.dtn.DTN object at 0x105761940>
45.22012,0.0,12395,<entities.dtn.DTN object at 0x10573ddc0>,<entities.dtn.DTN object at 0x105761940>
46.22012,0.0,12395,<entities.dtn.DTN object at 0x10573ddc0>,<entities.dtn.DTN object at 0x105761940>
47.22012,0.0,12395,<entities.dtn.DTN object at 0x10573ddc0>,<entities.dtn.DTN object at 0x105761940>
48.22012,0.0,12395,<entities.dtn.DTN object at 0x10573ddc0>,<entities.dtn.DTN object at 0x105761940>
49.22012,0.0,12395,<entities.dtn.DTN object at 0x10573ddc0>,<entities.dtn.DTN object at 0x105761940>
50.22012,0.0,12395,<entities.dtn.DTN object at 0x10573ddc0>,<entities.dtn.DTN object at 0x105761940>
51.22012,0.0,12395,<entities.dtn.DTN object at 0x10573ddc0>,<entities.dtn.DTN object at 0x105761940>
52.22012,0.0,12395,<entities.dtn.DTN object at 0x10573ddc0>,<entities.dtn.DTN object at 0x105761940>
53.22012,0.0,12395,<entities.dtn.DTN object at 0x10573ddc0>,<entities.dtn.DTN object at 0x105761940>
54.22012,0.0,12395,<entities.dtn.DTN object at 0x10573ddc0>,<entities.dtn.DTN object at 0x105761940>
55.22012,0.0,12395,<entities.dtn.DTN object at 0x10573ddc0>,<entities.dtn.DTN object at 0x105761940>
56.22012,0.0,12395,<entities.dtn.DTN object at 0x10573ddc0>,<entities.dtn.DTN object at 0x105761940>
57.22012,0.0,12395,<entities.dtn.DTN object at 0x10573ddc0>,<entities.dtn.DTN object at 0x105761940>
58.22012,0.0,12395,<entities.dtn.DTN object at 0x10573ddc0>,<entities.dtn.DTN object at 0x105761940>
59.22012,0.0,12395,<entities.dtn.DTN object at 0x10573ddc0>,<entities.dtn.DTN object at 0x105761940>
60.22012,0.0,12395,<entities.dtn.DTN object at 0x10573ddc0>,<entities.dtn.DTN object at 0x105761940>
61.22012,0.0,12395,<entities.dtn.DTN object at 0x10573ddc0>,<entities.dtn.DTN object at 0x105761940>
62.22012,0.0,12395,<entities.dtn.DTN object at 0x10573ddc0>,<entities.dtn.DTN object at 0x105761940>
63.22012,0.0,12395,<entities.dtn.DTN object at 0x10573ddc0>,<entities.dtn.DTN object at 0x105761940>
64.22012000000001,0.0,12395,<entities.dtn.DTN object at 0x10573ddc0>,<entities.dtn.DTN object at 0x105761940>
65.22012000000001,0.0,12395,<entities.dtn.DTN object at 0x10573ddc0>,<entities.dtn.DTN object at 0x105761940>
66.22012000000001,0.0,12395,<entities.dtn.DTN object at 0x10573ddc0>,<entities.dtn.DTN object at 0x105761940>
67.22012000000001,0.0,12395,<entities.dtn.DTN object at 0x10573ddc0>,<entities.dtn.DTN object at 0x105761940>
68.22012000000001,0.0,12395,<entities.dtn.DTN object at 0x10573ddc0>,<entities.dtn.DTN object at 0x105761940>
69.22012000000001,0.0,12395,<entities.dtn.DTN object at 0x10573ddc0>,<entities.dtn.DTN object at 0x105761940>
70.22012000000001,0.0,12395,<entities.dtn.DTN object at 0x10573ddc0>,<entities.dtn.DTN object at 0x105761940>
71.22012000000001,0.0,12395,<entities.dtn.DTN object at 0x10573ddc0>,<entities.dtn.DTN object at 0x105761940>
72.22012000000001,0.0,12395,<entities.dtn.DTN object at 0x10573ddc0>,<entities.dtn.DTN object at 0x105761940>
73.22012000000001,0.0,12395,<entities.dtn.DTN object at 0x10573ddc0>,<entities.dtn.DTN object at 0x105761940>
74.22012000000001,0.0,12395,<entities.dtn.DTN object at 0x10573ddc0>,<entities.dtn.DTN object at 0x105761940>
75.22012000000001,0.0,12395,<entities.dtn.DTN object at 0x10573ddc0>,<entities.dtn.DTN object at 0x105761940>
76.22012000000001,0.0,12395,<entities.dtn.DTN object at 0x10573ddc0>,<entities.dtn.DTN object at 0x105761940>
77.22012000000001,0.0,12395,<entities.dtn.DTN object at 0x10573ddc0>,<entities.dtn.DTN object at 0x105761940>
78.22012000000001,0.0,12395,<entities.dtn.DTN object at 0x10573ddc0>,<entities.dtn.DTN object at 0x105761940>
79.22012000000001,0.0,12395,<entities.dtn.DTN object at 0x10573ddc0>,<entities.dtn.DTN object at 0x105761940>
80.22012000000001,0.0,12395,<entities.dtn.DTN object at 0x10573ddc0>,<entities.dtn.DTN object at 0x105761940>
81.22012000000001,0.0,12395,<entities.dtn.DTN object at 0x10573ddc0>,<entities.dtn.DTN object at 0x105761940>
82.22012000000001,0.0,12395,<entities.dtn.DTN object at 0x10573ddc0>,<entities.dtn.DTN object at 0x105761940>
83.22012000000001,0.0,12395,<entities.dtn.DTN object at 0x10573ddc0>,<entities.dtn.DTN object at 0x105761940>
84.22012000000001,0.0,12395,<entities.dtn.DTN object at 0x10573ddc0>,<entities.dtn.DTN object at 0x105761940>
85.22012000000001,0.0,12395,<entities.dtn.DTN object at 0x10573ddc0>,<entities.dtn.DTN object at 0x105761940>
86.22012000000001,0.0,12395,<entities.dtn.DTN object at 0x10573ddc0>,<entities.dtn.DTN object at 0x105761940>
87.22012000000001,0.0,12395,<entities.dtn.DTN object at 0x10573ddc0>,<entities.dtn.DTN object at 0x105761940>
88.22012000000001,0.0,12395,<entities.dtn.DTN object at 0x10573ddc0>,<entities.dtn.DTN object at 0x105761940>
89.22012000000001,0.0,12395,<entities.dtn.DTN object at 0x10573ddc0>,<entities.dtn.DTN object at 0x105761940>
90.22012000000001,0.0,12395,<entities.dtn.DTN object at 0x10573ddc0>,<entities.dtn.DTN object at 0x105761940>
91.22012000000001,0.0,12395,<entities.dtn.DTN object at 0x10573ddc0>,<entities.dtn.DTN object at 0x105761940>
92.22012000000001,0.0,12395,<entities.dtn.DTN object at 0x10573ddc0>,<entities.dtn.DTN object at 0x105761940>
93.22012000000001,0.0,12395,<entities.dtn.DTN object at 0x10573ddc0>,<entities.dtn.DTN object at 0x105761940>
94.22012000000001,0.0,12395,<entities.dtn.DTN object at 0x10573ddc0>,<entities.dtn.DTN object at 0x105761940>
95.22012000000001,0.0,12395,<entities.dtn.DTN object at 0x10573ddc0>,<entities.dtn.DTN object at 0x105761940>
96.22012000000001,0.0,12395,<entities.dtn.DTN object at 0x10573ddc0>,<entities.dtn.DTN object at 0x105761940>
97.22012000000001,0.0,12395,<entities.dtn.DTN object at 0x10573ddc0>,<entities.dtn.DTN object at 0x105761940>
98.22012000000001,0.0,12395,<entities.dtn.DTN object at 0x10573ddc0>,<entities.dtn.DTN object at 0x105761940>
99.22012000000001,0.0,12395,<entities.dtn.DTN object at 0x10573ddc0>,<entities.dtn.DTN object at 0x105761940>
3.5002300000000015,0.0,45118,<entities.dtn.DTN object at 0x10573ddc0>,<entities.dtn.DTN object at 0x105761940>
8.03513499999999,19.5,96568,<entities.dtn.DTN object at 0x10573ddc0>,<entities.dtn.DTN object at 0x10577b4c0>
9.03513499999999,0.0,96568,<entities.dtn.DTN object at 0x10573ddc0>,<entities.dtn.DTN object at 0x10577b4c0>
10.03513499999999,0.0,96568,<entities.dtn.DTN object at 0x10573ddc0>,<entities.dtn.DTN object at 0x10577b4c0>
11.03513499999999,0.0,96568,<entities.dtn.DTN object at 0x10573ddc0>,<entities.dtn.DTN object at 0x10577b4c0>
12.03513499999999,0.0,96568,<entities.dtn.DTN object at 0x10573ddc0>,<entities.dtn.DTN object at 0x10577b4c0>
13.03513499999999,0.0,96568,<entities.dtn.DTN object at 0x10573ddc0>,<entities.dtn.DTN object at 0x10577b4c0>
14.03513499999999,0.0,96568,<entities.dtn.DTN object at 0x10573ddc0>,<entities.dtn.DTN object at 0x10577b4c0>
15.03513499999999,0.0,96568,<entities.dtn.DTN object at 0x10573ddc0>,<entities.dtn.DTN object at 0x10577b4c0>
16.03513499999999,0.0,96568,<entities.dtn.DTN object at 0x10573ddc0>,<entities.dtn.DTN object at 0x10577b4c0>
17.03513499999999,0.0,96568,<entities.dtn.DTN object at 0x10573ddc0>,<entities.dtn.DTN object at 0x10577b4c0>
18.03513499999999,0.0,96568,<entities.dtn.DTN object at 0x10573ddc0>,<entities.dtn.DTN object at 0x10577b4c0>
19.03513499999999,0.0,96568,<entities.dtn.DTN object at 0x10573ddc0>,<entities.dtn.DTN object at 0x10577b4c0>
20.03513499999999,0.0,96568,<entities.dtn.DTN object at 0x10573ddc0>,<entities.dtn.DTN object at 0x10577b4c0>
21.03513499999999,0.0,96568,<entities.dtn.DTN object at 0x10573ddc0>,<entities.dtn.DTN object at 0x10577b4c0>
22.03513499999999,0.0,96568,<entities.dtn.DTN object at 0x10573ddc0>,<entities.dtn.DTN object at 0x10577b4c0>
23.03513499999999,0.0,96568,<entities.dtn.DTN object at 0x10573ddc0>,<entities.dtn.DTN object at 0x10577b4c0>
24.03513499999999,0.0,96568,<entities.dtn.DTN object at 0x10573ddc0>,<entities.dtn.DTN object at 0x10577b4c0>
25.03513499999999,0.0,96568,<entities.dtn.DTN object at 0x10573ddc0>,<entities.dtn.DTN object at 0x10577b4c0>
26.03513499999999,0.0,96568,<entities.dtn.DTN object at 0x10573ddc0>,<entities.dtn.DTN object at 0x10577b4c0>
27.03513499999999,0.0,96568,<entities.dtn.DTN object at 0x10573ddc0>,<entities.dtn.DTN object at 0x10577b4c0>
28.03513499999999,0.0,96568,<entities.dtn.DTN object at 0x10573ddc0>,<entities.dtn.DTN object at 0x10577b4c0>
29.03513499999999,0.0,96568,<entities.dtn.DTN object at 0x10573ddc0>,<entities.dtn.DTN object at 0x10577b4c0>
30.03513499999999,0.0,96568,<entities.dtn.DTN object at 0x10573ddc0>,<entities.dtn.DTN object at 0x10577b4c0>
31.03513499999999,0.0,96568,<entities.dtn.DTN object at 0x10573ddc0>,<entities.dtn.DTN object at 0x10577b4c0>
32.03513499999999,0.0,96568,<entities.dtn.DTN object at 0x10573ddc0>,<entities.dtn.DTN object at 0x10577b4c0>
33.03513499999999,0.0,96568,<entities.dtn.DTN object at 0x10573ddc0>,<entities.dtn.DTN object at 0x10577b4c0>
34.03513499999999,0.0,96568,<entities.dtn.DTN object at 0x10573ddc0>,<entities.dtn.DTN object at 0x10577b4c0>
35.03513499999999,0.0,96568,<entities.dtn.DTN object at 0x10573ddc0>,<entities.dtn.DTN object at 0x10577b4c0>
36.03513499999999,0.0,96568,<entities.dtn.DTN object at 0x10573ddc0>,<entities.dtn.DTN object at 0x10577b4c0>
37.03513499999999,0.0,96568,<entities.dtn.DTN object at 0x10573ddc0>,<entities.dtn.DTN object at 0x10577b4c0>
38.03513499999999,0.0,96568,<entities.dtn.DTN object at 0x10573ddc0>,<entities.dtn.DTN object at 0x10577b4c0>
39.03513499999999,0.0,96568,<entities.dtn.DTN object at 0x10573ddc0>,<entities.dtn.DTN object at 0x10577b4c0>
40.03513499999999,0.0,96568,<entities.dtn.DTN object at 0x10573ddc0>,<entities.dtn.DTN object at 0x10577b4c0>
41.03513499999999,0.0,96568,<entities.dtn.DTN object at 0x10573ddc0>,<entities.dtn.DTN object at 0x10577b4c0>
42.03513499999999,0.0,96568,<entities.dtn.DTN object at 0x10573ddc0>,<entities.dtn.DTN object at 0x10577b4c0>
43.03513499999999,0.0,96568,<entities.dtn.DTN object at 0x10573ddc0>,<entities.dtn.DTN object at 0x10577b4c0>
44.03513499999999,0.0,96568,<entities.dtn.DTN object at 0x10573ddc0>,<entities.dtn.DTN object at 0x10577b4c0>
45.03513499999999,0.0,96568,<entities.dtn.DTN object at 0x10573ddc0>,<entities.dtn.DTN object at 0x10577b4c0>
46.03513499999999,0.0,96568,<entities.dtn.DTN object at 0x10573ddc0>,<entities.dtn.DTN object at 0x10577b4c0>
47.03513499999999,0.0,96568,<entities.dtn.DTN object at 0x10573ddc0>,<entities.dtn.DTN object at 0x10577b4c0>
48.03513499999999,0.0,96568,<entities.dtn.DTN object at 0x10573ddc0>,<entities.dtn.DTN object at 0x10577b4c0>
49.03513499999999,0.0,96568,<entities.dtn.DTN object at 0x10573ddc0>,<entities.dtn.DTN object at 0x10577b4c0>
50.03513499999999,0.0,96568,<entities.dtn.DTN object at 0x10573ddc0>,<entities.dtn.DTN object at 0x10577b4c0>
51.03513499999999,0.0,96568,<entities.dtn.DTN object at 0x10573ddc0>,<entities.dtn.DTN object at 0x10577b4c0>
52.03513499999999,0.0,96568,<entities.dtn.DTN object at 0x10573ddc0>,<entities.dtn.DTN object at 0x10577b4c0>
53.03513499999999,0.0,96568,<entities.dtn.DTN object at 0x10573ddc0>,<entities.dtn.DTN object at 0x10577b4c0>
54.03513499999999,0.0,96568,<entities.dtn.DTN object at 0x10573ddc0>,<entities.dtn.DTN object at 0x10577b4c0>
55.03513499999999,0.0,96568,<entities.dtn.DTN object at 0x10573ddc0>,<entities.dtn.DTN object at 0x10577b4c0>
56.03513499999999,0.0,96568,<entities.dtn.DTN object at 0x10573ddc0>,<entities.dtn.DTN object at 0x10577b4c0>
57.03513499999999,0.0,96568,<entities.dtn.DTN object at 0x10573ddc0>,<entities.dtn.DTN object at 0x10577b4c0>
58.03513499999999,0.0,96568,<entities.dtn.DTN object at 0x10573ddc0>,<entities.dtn.DTN object at 0x10577b4c0>
59.03513499999999,0.0,96568,<entities.dtn.DTN object at 0x10573ddc0>,<entities.dtn.DTN object at 0x10577b4c0>
60.03513499999999,0.0,96568,<entities.dtn.DTN object at 0x10573ddc0>,<entities.dtn.DTN object at 0x10577b4c0>
61.03513499999999,0.0,96568,<entities.dtn.DTN object at 0x10573ddc0>,<entities.dtn.DTN object at 0x10577b4c0>
62.03513499999999,0.0,96568,<entities.dtn.DTN object at 0x10573ddc0>,<entities.dtn.DTN object at 0x10577b4c0>
63.03513499999999,0.0,96568,<entities.dtn.DTN object at 0x10573ddc0>,<entities.dtn.DTN object at 0x10577b4c0>
64.035135,0.0,96568,<entities.dtn.DTN object at 0x10573ddc0>,<entities.dtn.DTN object at 0x10577b4c0>
65.035135,0.0,96568,<entities.dtn.DTN object at 0x10573ddc0>,<entities.dtn.DTN object at 0x10577b4c0>
66.035135,0.0,96568,<entities.dtn.DTN object at 0x10573ddc0>,<entities.dtn.DTN object at 0x10577b4c0>
67.035135,0.0,96568,<entities.dtn.DTN object at 0x10573ddc0>,<entities.dtn.DTN object at 0x10577b4c0>
68.035135,0.0,96568,<entities.dtn.DTN object at 0x10573ddc0>,<entities.dtn.DTN object at 0x10577b4c0>
69.035135,0.0,96568,<entities.dtn.DTN object at 0x10573ddc0>,<entities.dtn.DTN object at 0x10577b4c0>
70.035135,0.0,96568,<entities.dtn.DTN object at 0x10573ddc0>,<entities.dtn.DTN object at 0x10577b4c0>
71.035135,0.0,96568,<entities.dtn.DTN object at 0x10573ddc0>,<entities.dtn.DTN object at 0x10577b4c0>
72.035135,0.0,96568,<entities.dtn.DTN object at 0x10573ddc0>,<entities.dtn.DTN object at 0x10577b4c0>
73.035135,0.0,96568,<entities.dtn.DTN object at 0x10573ddc0>,<entities.dtn.DTN object at 0x10577b4c0>
74.035135,0.0,96568,<entities.dtn.DTN object at 0x10573ddc0>,<entities.dtn.DTN object at 0x10577b4c0>
75.035135,0.0,96568,<entities.dtn.DTN object at 0x10573ddc0>,<entities.dtn.DTN object at 0x10577b4c0>
76.035135,0.0,96568,<entities.dtn.DTN object at 0x10573ddc0>,<entities.dtn.DTN object at 0x10577b4c0>
77.035135,0.0,96568,<entities.dtn.DTN object at 0x10573ddc0>,<entities.dtn.DTN object at 0x10577b4c0>
78.035135,0.0,96568,<entities.dtn.DTN object at 0x10573ddc0>,<entities.dtn.DTN object at 0x10577b4c0>
79.035135,0.0,96568,<entities.dtn.DTN object at 0x10573ddc0>,<entities.dtn.DTN object at 0x10577b4c0>
80.035135,0.0,96568,<entities.dtn.DTN object at 0x10573ddc0>,<entities.dtn.DTN object at 0x10577b4c0>
81.035135,0.0,96568,<entities.dtn.DTN object at 0x10573ddc0>,<entities.dtn.DTN object at 0x10577b4c0>
82.035135,0.0,96568,<entities.dtn.DTN object at 0x10573ddc0>,<entities.dtn.DTN object at 0x10577b4c0>
83.035135,0.0,96568,<entities.dtn.DTN object at 0x10573ddc0>,<entities.dtn.DTN object at 0x10577b4c0>
84.035135,0.0,96568,<entities.dtn.DTN object at 0x10573ddc0>,<entities.dtn.DTN object at 0x10577b4c0>
85.035135,0.0,96568,<entities.dtn.DTN object at 0x10573ddc0>,<entities.dtn.DTN object at 0x10577b4c0>
86.035135,0.0,96568,<entities.dtn.DTN object at 0x10573ddc0>,<entities.dtn.DTN object at 0x10577b4c0>
87.035135,0.0,96568,<entities.dtn.DTN object at 0x10573ddc0>,<entities.dtn.DTN object at 0x10577b4c0>
88.035135,0.0,96568,<entities.dtn.DTN object at 0x10573ddc0>,<entities.dtn.DTN object at 0x10577b4c0>
89.035135,0.0,96568,<entities.dtn.DTN object at 0x10573ddc0>,<entities.dtn.DTN object at 0x10577b4c0>
90.035135,0.0,96568,<entities.dtn.DTN object at 0x10573ddc0>,<entities.dtn.DTN object at 0x10577b4c0>
91.035135,0.0,96568,<entities.dtn.DTN object at 0x10573ddc0>,<entities.dtn.DTN object at 0x10577b4c0>
92.035135,0.0,96568,<entities.dtn.DTN object at 0x10573ddc0>,<entities.dtn.DTN object at 0x10577b4c0>
93.035135,0.0,96568,<entities.dtn.DTN object at 0x10573ddc0>,<entities.dtn.DTN object at 0x10577b4c0>
94.035135,0.0,96568,<entities.dtn.DTN object at 0x10573ddc0>,<entities.dtn.DTN object at 0x10577b4c0>
95.035135,0.0,96568,<entities.dtn.DTN object at 0x10573ddc0>,<entities.dtn.DTN object at 0x10577b4c0>
96.035135,0.0,96568,<entities.dtn.DTN object at 0x10573ddc0>,<entities.dtn.DTN object at 0x10577b4c0>
97.035135,0.0,96568,<entities.dtn.DTN object at 0x10573ddc0>,<entities.dtn.DTN object at 0x10577b4c0>
98.035135,0.0,96568,<entities.dtn.DTN object at 0x10573ddc0>,<entities.dtn.DTN object at 0x10577b4c0>
99.035135,0.0,96568,<entities.dtn.DTN object at 0x10573ddc0>,<entities.dtn.DTN object at 0x10577b4c0>
11.00022999999998,0.0,98912,<entities.dtn.DTN object at 0x10573ddc0>,<entities.dtn.DTN object at 0x10577b4c0>
12.625435000000014,113.0,56333,<entities.dtn.DTN object at 0x10573ddc0>,<entities.dtn.DTN object at 0x10577b4c0>
1.1001,0.0,89696,<entities.dtn.DTN object at 0x105761940>,<entities.dtn.DTN object at 0x10573ddc0>
3.524575000000002,19.5,14396,<entities.dtn.DTN object at 0x105761940>,<entities.dtn.DTN object at 0x10573ddc0>
4.524575000000002,0.0,14396,<entities.dtn.DTN object at 0x105761940>,<entities.dtn.DTN object at 0x10573ddc0>
5.524575000000002,0.0,14396,<entities.dtn.DTN object at 0x105761940>,<entities.dtn.DTN object at 0x10573ddc0>
6.524575000000002,0.0,14396,<entities.dtn.DTN object at 0x105761940>,<entities.dtn.DTN object at 0x10573ddc0>
7.524575000000002,0.0,14396,<entities.dtn.DTN object at 0x105761940>,<entities.dtn.DTN object at 0x10573ddc0>
8.524575000000002,0.0,14396,<entities.dtn.DTN object at 0x105761940>,<entities.dtn.DTN object at 0x10573ddc0>
9.524575000000002,0.0,14396,<entities.dtn.DTN object at 0x105761940>,<entities.dtn.DTN object at 0x10573ddc0>
10.524575000000002,0.0,14396,<entities.dtn.DTN object at 0x105761940>,<entities.dtn.DTN object at 0x10573ddc0>
11.524575000000002,0.0,14396,<entities.dtn.DTN object at 0x105761940>,<entities.dtn.DTN object at 0x10573ddc0>
12.524575000000002,0.0,14396,<entities.dtn.DTN object at 0x105761940>,<entities.dtn.DTN object at 0x10573ddc0>
13.524575000000002,0.0,14396,<entities.dtn.DTN object at 0x105761940>,<entities.dtn.DTN object at 0x10573ddc0>
14.524575000000002,0.0,14396,<entities.dtn.DTN object at 0x105761940>,<entities.dtn.DTN object at 0x10573ddc0>
15.524575000000002,0.0,14396,<entities.dtn.DTN object at 0x105761940>,<entities.dtn.DTN object at 0x10573ddc0>
16.524575000000002,0.0,14396,<entities.dtn.DTN object at 0x105761940>,<entities.dtn.DTN object at 0x10573ddc0>
17.524575000000002,0.0,14396,<entities.dtn.DTN object at 0x105761940>,<entities.dtn.DTN object at 0x10573ddc0>
18.524575000000002,0.0,14396,<entities.dtn.DTN object at 0x105761940>,<entities.dtn.DTN object at 0x10573ddc0>
19.524575000000002,0.0,14396,<entities.dtn.DTN object at 0x105761940>,<entities.dtn.DTN object at 0x10573ddc0>
20.524575000000002,0.0,14396,<entities.dtn.DTN object at 0x105761940>,<entities.dtn.DTN object at 0x10573ddc0>
21.524575000000002,0.0,14396,<entities.dtn.DTN object at 0x105761940>,<entities.dtn.DTN object at 0x10573ddc0>
22.524575000000002,0.0,14396,<entities.dtn.DTN object at 0x105761940>,<entities.dtn.DTN object at 0x10573ddc0>
23.524575000000002,0.0,14396,<entities.dtn.DTN object at 0x105761940>,<entities.dtn.DTN object at 0x10573ddc0>
24.524575000000002,0.0,14396,<entities.dtn.DTN object at 0x105761940>,<entities.dtn.DTN object at 0x10573ddc0>
25.524575000000002,0.0,14396,<entities.dtn.DTN object at 0x105761940>,<entities.dtn.DTN object at 0x10573ddc0>
26.524575000000002,0.0,14396,<entities.dtn.DTN object at 0x105761940>,<entities.dtn.DTN object at 0x10573ddc0>
27.524575000000002,0.0,14396,<entities.dtn.DTN object at 0x105761940>,<entities.dtn.DTN object at 0x10573ddc0>
28.524575000000002,0.0,14396,<entities.dtn.DTN object at 0x105761940>,<entities.dtn.DTN object at 0x10573ddc0>
29.524575000000002,0.0,14396,<entities.dtn.DTN object at 0x105761940>,<entities.dtn.DTN object at 0x10573ddc0>
30.524575000000002,0.0,14396,<entities.dtn.DTN object at 0x105761940>,<entities.dtn.DTN object at 0x10573ddc0>
31.524575000000002,0.0,14396,<entities.dtn.DTN object at 0x105761940>,<entities.dtn.DTN object at 0x10573ddc0>
32.524575,0.0,14396,<entities.dtn.DTN object at 0x105761940>,<entities.dtn.DTN object at 0x10573ddc0>
33.524575,0.0,14396,<entities.dtn.DTN object at 0x105761940>,<entities.dtn.DTN object at 0x10573ddc0>
34.524575,0.0,14396,<entities.dtn.DTN object at 0x105761940>,<entities.dtn.DTN object at 0x10573ddc0>
35.524575,0.0,14396,<entities.dtn.DTN object at 0x105761940>,<entities.dtn.DTN object at 0x10573ddc0>
36.524575,0.0,14396,<entities.dtn.DTN object at 0x105761940>,<entities.dtn.DTN object at 0x10573ddc0>
37.524575,0.0,14396,<entities.dtn.DTN object at 0x105761940>,<entities.dtn.DTN object at 0x10573ddc0>
38.524575,0.0,14396,<entities.dtn.DTN object at 0x105761940>,<entities.dtn.DTN object at 0x10573ddc0>
39.524575,0.0,14396,<entities.dtn.DTN object at 0x105761940>,<entities.dtn.DTN object at 0x10573ddc0>
40.524575,0.0,14396,<entities.dtn.DTN object at 0x105761940>,<entities.dtn.DTN object at 0x10573ddc0>
41.524575,0.0,14396,<entities.dtn.DTN object at 0x105761940>,<entities.dtn.DTN object at 0x10573ddc0>
42.524575,0.0,14396,<entities.dtn.DTN object at 0x105761940>,<entities.dtn.DTN object at 0x10573ddc0>
43.524575,0.0,14396,<entities.dtn.DTN object at 0x105761940>,<entities.dtn.DTN object at 0x10573ddc0>
44.524575,0.0,14396,<entities.dtn.DTN object at 0x105761940>,<entities.dtn.DTN object at 0x10573ddc0>
45.524575,0.0,14396,<entities.dtn.DTN object at 0x105761940>,<entities.dtn.DTN object at 0x10573ddc0>
46.524575,0.0,14396,<entities.dtn.DTN object at 0x105761940>,<entities.dtn.DTN object at 0x10573ddc0>
47.524575,0.0,14396,<entities.dtn.DTN object at 0x105761940>,<entities.dtn.DTN object at 0x10573ddc0>
48.524575,0.0,14396,<entities.dtn.DTN object at 0x105761940>,<entities.dtn.DTN object at 0x10573ddc0>
49.524575,0.0,14396,<entities.dtn.DTN object at 0x105761940>,<entities.dtn.DTN object at 0x10573ddc0>
50.524575,0.0,14396,<entities.dtn.DTN object at 0x105761940>,<entities.dtn.DTN object at 0x10573ddc0>
51.524575,0.0,14396,<entities.dtn.DTN object at 0x105761940>,<entities.dtn.DTN object at 0x10573ddc0>
52.524575,0.0,14396,<entities.dtn.DTN object at 0x105761940>,<entities.dtn.DTN object at 0x10573ddc0>
53.524575,0.0,14396,<entities.dtn.DTN object at 0x105761940>,<entities.dtn.DTN object at 0x10573ddc0>
54.524575,0.0,14396,<entities.dtn.DTN object at 0x105761940>,<entities.dtn.DTN object at 0x10573ddc0>
55.524575,0.0,14396,<entities.dtn.DTN object at 0x105761940>,<entities.dtn.DTN object at 0x10573ddc0>
56.524575,0.0,14396,<entities.dtn.DTN object at 0x105761940>,<entities.dtn.DTN object at 0x10573ddc0>
57.524575,0.0,14396,<entities.dtn.DTN object at 0x105761940>,<entities.dtn.DTN object at 0x10573ddc0>
58.524575,0.0,14396,<entities.dtn.DTN object at 0x105761940>,<entities.dtn.DTN object at 0x10573ddc0>
59.524575,0.0,14396,<entities.dtn.DTN object at 0x105761940>,<entities.dtn.DTN object at 0x10573ddc0>
60.524575,0.0,14396,<entities.dtn.DTN object at 0x105761940>,<entities.dtn.DTN object at 0x10573ddc0>
61.524575,0.0,14396,<entities.dtn.DTN object at 0x105761940>,<entities.dtn.DTN object at 0x10573ddc0>
62.524575,0.0,14396,<entities.dtn.DTN object at 0x105761940>,<entities.dtn.DTN object at 0x10573ddc0>
63.524575,0.0,14396,<entities.dtn.DTN object at 0x105761940>,<entities.dtn.DTN object at 0x10573ddc0>
64.524575,0.0,14396,<entities.dtn.DTN object at 0x105761940>,<entities.dtn.DTN object at 0x10573ddc0>
65.524575,0.0,14396,<entities.dtn.DTN object at 0x105761940>,<entities.dtn.DTN object at 0x10573ddc0>
66.524575,0.0,14396,<entities.dtn.DTN object at 0x105761940>,<entities.dtn.DTN object at 0x10573ddc0>
67.524575,0.0,14396,<entities.dtn.DTN object at 0x105761940>,<entities.dtn.DTN object at 0x10573ddc0>
68.524575,0.0,14396,<entities.dtn.DTN object at 0x105761940>,<entities.dtn.DTN object at 0x10573ddc0>
69.524575,0.0,14396,<entities.dtn.DTN object at 0x105761940>,<entities.dtn.DTN object at 0x10573ddc0>
70.524575,0.0,14396,<entities.dtn.DTN object at 0x105761940>,<entities.dtn.DTN object at 0x10573ddc0>
71.524575,0.0,14396,<entities.dtn.DTN object at 0x105761940>,<entities.dtn.DTN object at 0x10573ddc0>
72.524575,0.0,14396,<entities.dtn.DTN object at 0x105761940>,<entities.dtn.DTN object at 0x10573ddc0>
73.524575,0.0,14396,<entities.dtn.DTN object at 0x105761940>,<entities.dtn.DTN object at 0x10573ddc0>
74.524575,0.0,14396,<entities.dtn.DTN object at 0x105761940>,<entities.dtn.DTN object at 0x10573ddc0>
75.524575,0.0,14396,<entities.dtn.DTN object at 0x105761940>,<entities.dtn.DTN object at 0x10573ddc0>
76.524575,0.0,14396,<entities.dtn.DTN object at 0x105761940>,<entities.dtn.DTN object at 0x10573ddc0>
77.524575,0.0,14396,<entities.dtn.DTN object at 0x105761940>,<entities.dtn.DTN object at 0x10573ddc0>
78.524575,0.0,14396,<entities.dtn.DTN object at 0x105761940>,<entities.dtn.DTN object at 0x10573ddc0>
79.524575,0.0,14396,<entities.dtn.DTN object at 0x105761940>,<entities.dtn.DTN object at 0x10573ddc0>
80.524575,0.0,14396,<entities.dtn.DTN object at 0x105761940>,<entities.dtn.DTN object at 0x10573ddc0>
81.524575,0.0,14396,<entities.dtn.DTN object at 0x105761940>,<entities.dtn.DTN object at 0x10573ddc0>
82.524575,0.0,14396,<entities.dtn.DTN object at 0x105761940>,<entities.dtn.DTN object at 0x10573ddc0>
83.524575,0.0,14396,<entities.dtn.DTN object at 0x105761940>,<entities.dtn.DTN object at 0x10573ddc0>
84.524575,0.0,14396,<entities.dtn.DTN object at 0x105761940>,<entities.dtn.DTN object at 0x10573ddc0>
85.524575,0.0,14396,<entities.dtn.DTN object at 0x105761940>,<entities.dtn.DTN object at 0x10573ddc0>
86.524575,0.0,14396,<entities.dtn.DTN object at 0x105761940>,<entities.dtn.DTN object at 0x10573ddc0>
87.524575,0.0,14396,<entities.dtn.DTN object at 0x105761940>,<entities.dtn.DTN object at 0x10573ddc0>
88.524575,0.0,14396,<entities.dtn.DTN object at 0x105761940>,<entities.dtn.DTN object at 0x10573ddc0>
89.524575,0.0,14396,<entities.dtn.DTN object at 0x105761940>,<entities.dtn.DTN object at 0x10573ddc0>
90.524575,0.0,14396,<entities.dtn.DTN object at 0x105761940>,<entities.dtn.DTN object at 0x10573ddc0>
91.524575,0.0,14396,<entities.dtn.DTN object at 0x105761940>,<entities.dtn.DTN object at 0x10573ddc0>
92.524575,0.0,14396,<entities.dtn.DTN object at 0x105761940>,<entities.dtn.DTN object at 0x10573ddc0>
93.524575,0.0,14396,<entities.dtn.DTN object at 0x105761940>,<entities.dtn.DTN object at 0x10573ddc0>
94.524575,0.0,14396,<entities.dtn.DTN object at 0x105761940>,<entities.dtn.DTN object at 0x10573ddc0>
95.524575,0.0,14396,<entities.dtn.DTN object at 0x105761940>,<entities.dtn.DTN object at 0x10573ddc0>
96.524575,0.0,14396,<entities.dtn.DTN object at 0x105761940>,<entities.dtn.DTN object at 0x10573ddc0>
97.524575,0.0,14396,<entities.dtn.DTN object at 0x105761940>,<entities.dtn.DTN object at 0x10573ddc0>
98.524575,0.0,14396,<entities.dtn.DTN object at 0x105761940>,<entities.dtn.DTN object at 0x10573ddc0>
99.524575,0.0,14396,<entities.dtn.DTN object at 0x105761940>,<entities.dtn.DTN object at 0x10573ddc0>
8.000229999999991,0.0,71010,<entities.dtn.DTN object at 0x10577b4c0>,<entities.dtn.DTN object at 0x10573ddc0>
11.04448499999998,175.5,77622,<entities.dtn.DTN object at 0x10577b4c0>,<entities.dtn.DTN object at 0x10573ddc0>
12.04448499999998,56.5,77622,<entities.dtn.DTN object at 0x10577b4c0>,<entities.dtn.DTN object at 0x10573ddc0>
12.600099999999975,0.0,90192,<entities.dtn.DTN object at 0x10577b4c0>,<entities.dtn.DTN object at 0x10573ddc0>
