time,rtt,connection_id,src,dst
0.330135,0.110015,12395,<entities.dtn.DTN object at 0x10573ddc0>,<entities.dtn.DTN object at 0x105761940>
0.430135,0.10005999999999993,12395,<entities.dtn.DTN object at 0x10573ddc0>,<entities.dtn.DTN object at 0x105761940>
0.44021,0.11010499999999995,12395,<entities.dtn.DTN object at 0x10573ddc0>,<entities.dtn.DTN object at 0x105761940>
0.5402100000000001,0.11013500000000004,12395,<entities.dtn.DTN object at 0x10573ddc0>,<entities.dtn.DTN object at 0x105761940>
0.5502849999999999,0.1201799999999999,12395,<entities.dtn.DTN object at 0x10573ddc0>,<entities.dtn.DTN object at 0x105761940>
0.5502850000000001,0.1101350000000001,12395,<entities.dtn.DTN object at 0x10573ddc0>,<entities.dtn.DTN object at 0x105761940>
0.56036,0.12017999999999995,12395,<entities.dtn.DTN object at 0x10573ddc0>,<entities.dtn.DTN object at 0x105761940>
0.6603600000000001,0.12020999999999993,12395,<entities.dtn.DTN object at 0x10573ddc0>,<entities.dtn.DTN object at 0x105761940>
0.6704349999999999,0.1302549999999998,12395,<entities.dtn.DTN object at 0x10573ddc0>,<entities.dtn.DTN object at 0x105761940>
0.6704350000000001,0.12020999999999993,12395,<entities.dtn.DTN object at 0x10573ddc0>,<entities.dtn.DTN object at 0x105761940>
0.6805100000000002,0.13025500000000023,12395,<entities.dtn.DTN object at 0x10573ddc0>,<entities.dtn.DTN object at 0x105761940>
0.690585,0.14032999999999984,12395,<entities.dtn.DTN object at 0x10573ddc0>,<entities.dtn.DTN object at 0x105761940>
7.1301349999999895,0.09499999999999975,96568,<entities.dtn.DTN object at 0x10573ddc0>,<entities.dtn.DTN object at 0x10577b4c0>
7.230134999999989,0.10005999999999915,96568,<entities.dtn.DTN object at 0x10573ddc0>,<entities.dtn.DTN object at 0x10577b4c0>
7.240209999999989,0.11010499999999901,96568,<entities.dtn.DTN object at 0x10573ddc0>,<entities.dtn.DTN object at 0x10577b4c0>
7.340209999999988,0.11013499999999876,96568,<entities.dtn.DTN object at 0x10573ddc0>,<entities.dtn.DTN object at 0x10577b4c0>
7.350284999999988,0.12017999999999862,96568,<entities.dtn.DTN object at 0x10573ddc0>,<entities.dtn.DTN object at 0x10577b4c0>
7.350284999999988,0.11013499999999876,96568,<entities.dtn.DTN object at 0x10573ddc0>,<entities.dtn.DTN object at 0x10577b4c0>
7.360359999999988,0.12017999999999862,96568,<entities.dtn.DTN object at 0x10573ddc0>,<entities.dtn.DTN object at 0x10577b4c0>
7.460359999999987,0.12020999999999837,96568,<entities.dtn.DTN object at 0x10573ddc0>,<entities.dtn.DTN object at 0x10577b4c0>
7.470434999999987,0.13025499999999823,96568,<entities.dtn.DTN object at 0x10573ddc0>,<entities.dtn.DTN object at 0x10577b4c0>
7.470434999999987,0.12020999999999837,96568,<entities.dtn.DTN object at 0x10573ddc0>,<entities.dtn.DTN object at 0x10577b4c0>
7.4805099999999864,0.13025499999999823,96568,<entities.dtn.DTN object at 0x10573ddc0>,<entities.dtn.DTN object at 0x10577b4c0>
7.490584999999986,0.14032999999999785,96568,<entities.dtn.DTN object at 0x10573ddc0>,<entities.dtn.DTN object at 0x10577b4c0>
11.674649999999977,0.04921499999996293,56333,<entities.dtn.DTN object at 0x10573ddc0>,<entities.dtn.DTN object at 0x10577b4c0>
11.731634999999976,0.057045000000000456,56333,<entities.dtn.DTN object at 0x10573ddc0>,<entities.dtn.DTN object at 0x10577b4c0>
11.741709999999976,0.06709000000000032,56333,<entities.dtn.DTN object at 0x10573ddc0>,<entities.dtn.DTN object at 0x10577b4c0>
11.784724999999977,0.05315000000000225,56333,<entities.dtn.DTN object at 0x10573ddc0>,<entities.dtn.DTN object at 0x10577b4c0>
11.794799999999977,0.06319500000000211,56333,<entities.dtn.DTN object at 0x10573ddc0>,<entities.dtn.DTN object at 0x10577b4c0>
11.804874999999978,0.06322500000000275,56333,<entities.dtn.DTN object at 0x10573ddc0>,<entities.dtn.DTN object at 0x10577b4c0>
11.814949999999978,0.07327000000000261,56333,<entities.dtn.DTN object at 0x10573ddc0>,<entities.dtn.DTN object at 0x10577b4c0>
11.825024999999979,0.04036000000000328,56333,<entities.dtn.DTN object at 0x10573ddc0>,<entities.dtn.DTN object at 0x10577b4c0>
11.83509999999998,0.05040500000000314,56333,<entities.dtn.DTN object at 0x10573ddc0>,<entities.dtn.DTN object at 0x10577b4c0>
11.84517499999998,0.05043500000000378,56333,<entities.dtn.DTN object at 0x10573ddc0>,<entities.dtn.DTN object at 0x10577b4c0>
11.851784999999976,0.057014999999999816,56333,<entities.dtn.DTN object at 0x10573ddc0>,<entities.dtn.DTN object at 0x10577b4c0>
11.85524999999998,0.05043500000000378,56333,<entities.dtn.DTN object at 0x10573ddc0>,<entities.dtn.DTN object at 0x10577b4c0>
11.861859999999977,0.057014999999999816,56333,<entities.dtn.DTN object at 0x10573ddc0>,<entities.dtn.DTN object at 0x10577b4c0>
11.86532499999998,0.05043500000000378,56333,<entities.dtn.DTN object at 0x10573ddc0>,<entities.dtn.DTN object at 0x10577b4c0>
11.871934999999977,0.057014999999999816,56333,<entities.dtn.DTN object at 0x10573ddc0>,<entities.dtn.DTN object at 0x10577b4c0>
11.875399999999981,0.05043500000000378,56333,<entities.dtn.DTN object at 0x10573ddc0>,<entities.dtn.DTN object at 0x10577b4c0>
11.882009999999978,0.057014999999999816,56333,<entities.dtn.DTN object at 0x10573ddc0>,<entities.dtn.DTN object at 0x10577b4c0>
11.885474999999982,0.05043500000000378,56333,<entities.dtn.DTN object at 0x10573ddc0>,<entities.dtn.DTN object at 0x10577b4c0>
11.892084999999978,0.057014999999999816,56333,<entities.dtn.DTN object at 0x10573ddc0>,<entities.dtn.DTN object at 0x10577b4c0>
11.895549999999982,0.05043500000000378,56333,<entities.dtn.DTN object at 0x10573ddc0>,<entities.dtn.DTN object at 0x10577b4c0>
11.902159999999979,0.057014999999999816,56333,<entities.dtn.DTN object at 0x10573ddc0>,<entities.dtn.DTN object at 0x10577b4c0>
11.905624999999983,0.05390000000000761,56333,<entities.dtn.DTN object at 0x10573ddc0>,<entities.dtn.DTN object at 0x10577b4c0>
11.91223499999998,0.06048000000000364,56333,<entities.dtn.DTN object at 0x10573ddc0>,<entities.dtn.DTN object at 0x10577b4c0>
11.915699999999983,0.06051000000000428,56333,<entities.dtn.DTN object at 0x10573ddc0>,<entities.dtn.DTN object at 0x10577b4c0>
11.92230999999998,0.06709000000000032,56333,<entities.dtn.DTN object at 0x10573ddc0>,<entities.dtn.DTN object at 0x10577b4c0>
11.925774999999984,0.06397500000000811,56333,<entities.dtn.DTN object at 0x10573ddc0>,<entities.dtn.DTN object at 0x10577b4c0>
11.93238499999998,0.07055500000000414,56333,<entities.dtn.DTN object at 0x10573ddc0>,<entities.dtn.DTN object at 0x10577b4c0>
11.935849999999984,0.07058500000000478,56333,<entities.dtn.DTN object at 0x10573ddc0>,<entities.dtn.DTN object at 0x10577b4c0>
11.942459999999981,0.07716500000000082,56333,<entities.dtn.DTN object at 0x10573ddc0>,<entities.dtn.DTN object at 0x10577b4c0>
11.945924999999985,0.07405000000000861,56333,<entities.dtn.DTN object at 0x10573ddc0>,<entities.dtn.DTN object at 0x10577b4c0>
11.952534999999981,0.08063000000000464,56333,<entities.dtn.DTN object at 0x10573ddc0>,<entities.dtn.DTN object at 0x10577b4c0>
11.955999999999985,0.08066000000000528,56333,<entities.dtn.DTN object at 0x10573ddc0>,<entities.dtn.DTN object at 0x10577b4c0>
11.962609999999982,0.08724000000000132,56333,<entities.dtn.DTN object at 0x10573ddc0>,<entities.dtn.DTN object at 0x10577b4c0>
11.966074999999986,0.08412500000000911,56333,<entities.dtn.DTN object at 0x10573ddc0>,<entities.dtn.DTN object at 0x10577b4c0>
11.972684999999982,0.09070500000000514,56333,<entities.dtn.DTN object at 0x10573ddc0>,<entities.dtn.DTN object at 0x10577b4c0>
11.976149999999986,0.09073500000000578,56333,<entities.dtn.DTN object at 0x10573ddc0>,<entities.dtn.DTN object at 0x10577b4c0>
11.982759999999983,0.09731500000000182,56333,<entities.dtn.DTN object at 0x10573ddc0>,<entities.dtn.DTN object at 0x10577b4c0>
11.986174999999985,0.09415000000000795,56333,<entities.dtn.DTN object at 0x10573ddc0>,<entities.dtn.DTN object at 0x10577b4c0>
11.992774999999982,0.10072000000000436,56333,<entities.dtn.DTN object at 0x10573ddc0>,<entities.dtn.DTN object at 0x10577b4c0>
11.996239999999986,0.100750000000005,56333,<entities.dtn.DTN object at 0x10573ddc0>,<entities.dtn.DTN object at 0x10577b4c0>
12.002849999999983,0.10733000000000104,56333,<entities.dtn.DTN object at 0x10573ddc0>,<entities.dtn.DTN object at 0x10577b4c0>
12.006314999999987,0.10421500000000883,56333,<entities.dtn.DTN object at 0x10573ddc0>,<entities.dtn.DTN object at 0x10577b4c0>
12.012924999999983,0.11079500000000486,56333,<entities.dtn.DTN object at 0x10573ddc0>,<entities.dtn.DTN object at 0x10577b4c0>
12.016389999999987,0.1108250000000055,56333,<entities.dtn.DTN object at 0x10573ddc0>,<entities.dtn.DTN object at 0x10577b4c0>
12.022999999999984,0.11740500000000154,56333,<entities.dtn.DTN object at 0x10573ddc0>,<entities.dtn.DTN object at 0x10577b4c0>
12.026464999999988,0.11429000000000933,56333,<entities.dtn.DTN object at 0x10573ddc0>,<entities.dtn.DTN object at 0x10577b4c0>
12.033074999999984,0.12087000000000536,56333,<entities.dtn.DTN object at 0x10573ddc0>,<entities.dtn.DTN object at 0x10577b4c0>
12.036539999999988,0.120900000000006,56333,<entities.dtn.DTN object at 0x10573ddc0>,<entities.dtn.DTN object at 0x10577b4c0>
12.043149999999985,0.12748000000000204,56333,<entities.dtn.DTN object at 0x10573ddc0>,<entities.dtn.DTN object at 0x10577b4c0>
12.046614999999989,0.12436500000000983,56333,<entities.dtn.DTN object at 0x10573ddc0>,<entities.dtn.DTN object at 0x10577b4c0>
12.053224999999985,0.13094500000000586,56333,<entities.dtn.DTN object at 0x10573ddc0>,<entities.dtn.DTN object at 0x10577b4c0>
12.056689999999989,0.1309750000000065,56333,<entities.dtn.DTN object at 0x10573ddc0>,<entities.dtn.DTN object at 0x10577b4c0>
12.063299999999986,0.13755500000000254,56333,<entities.dtn.DTN object at 0x10573ddc0>,<entities.dtn.DTN object at 0x10577b4c0>
12.06676499999999,0.13444000000001033,56333,<entities.dtn.DTN object at 0x10573ddc0>,<entities.dtn.DTN object at 0x10577b4c0>
12.073374999999986,0.14102000000000636,56333,<entities.dtn.DTN object at 0x10573ddc0>,<entities.dtn.DTN object at 0x10577b4c0>
12.07683999999999,0.141050000000007,56333,<entities.dtn.DTN object at 0x10573ddc0>,<entities.dtn.DTN object at 0x10577b4c0>
12.083449999999987,0.14763000000000304,56333,<entities.dtn.DTN object at 0x10573ddc0>,<entities.dtn.DTN object at 0x10577b4c0>
12.08691499999999,0.14451500000001083,56333,<entities.dtn.DTN object at 0x10573ddc0>,<entities.dtn.DTN object at 0x10577b4c0>
12.093524999999987,0.15109500000000686,56333,<entities.dtn.DTN object at 0x10573ddc0>,<entities.dtn.DTN object at 0x10577b4c0>
12.096989999999991,0.1511250000000075,56333,<entities.dtn.DTN object at 0x10573ddc0>,<entities.dtn.DTN object at 0x10577b4c0>
12.103599999999988,0.15770500000000354,56333,<entities.dtn.DTN object at 0x10573ddc0>,<entities.dtn.DTN object at 0x10577b4c0>
12.107064999999992,0.15459000000001133,56333,<entities.dtn.DTN object at 0x10573ddc0>,<entities.dtn.DTN object at 0x10577b4c0>
12.113674999999988,0.16117000000000736,56333,<entities.dtn.DTN object at 0x10573ddc0>,<entities.dtn.DTN object at 0x10577b4c0>
12.117139999999992,0.161200000000008,56333,<entities.dtn.DTN object at 0x10573ddc0>,<entities.dtn.DTN object at 0x10577b4c0>
12.123749999999989,0.16778000000000404,56333,<entities.dtn.DTN object at 0x10573ddc0>,<entities.dtn.DTN object at 0x10577b4c0>
12.127214999999993,0.16466500000001183,56333,<entities.dtn.DTN object at 0x10573ddc0>,<entities.dtn.DTN object at 0x10577b4c0>
12.13382499999999,0.17124500000000786,56333,<entities.dtn.DTN object at 0x10573ddc0>,<entities.dtn.DTN object at 0x10577b4c0>
12.137289999999993,0.1712750000000085,56333,<entities.dtn.DTN object at 0x10573ddc0>,<entities.dtn.DTN object at 0x10577b4c0>
12.14389999999999,0.17785500000000454,56333,<entities.dtn.DTN object at 0x10573ddc0>,<entities.dtn.DTN object at 0x10577b4c0>
12.147364999999994,0.17474000000001233,56333,<entities.dtn.DTN object at 0x10573ddc0>,<entities.dtn.DTN object at 0x10577b4c0>
12.15397499999999,0.18132000000000836,56333,<entities.dtn.DTN object at 0x10573ddc0>,<entities.dtn.DTN object at 0x10577b4c0>
12.157439999999994,0.181350000000009,56333,<entities.dtn.DTN object at 0x10573ddc0>,<entities.dtn.DTN object at 0x10577b4c0>
12.16404999999999,0.18793000000000504,56333,<entities.dtn.DTN object at 0x10573ddc0>,<entities.dtn.DTN object at 0x10577b4c0>
12.167514999999995,0.18481500000001283,56333,<entities.dtn.DTN object at 0x10573ddc0>,<entities.dtn.DTN object at 0x10577b4c0>
12.174124999999991,0.19139500000000886,56333,<entities.dtn.DTN object at 0x10573ddc0>,<entities.dtn.DTN object at 0x10577b4c0>
12.177539999999995,0.19137500000000962,56333,<entities.dtn.DTN object at 0x10573ddc0>,<entities.dtn.DTN object at 0x10577b4c0>
2.630135000000001,0.10555999999999921,14396,<entities.dtn.DTN object at 0x105761940>,<entities.dtn.DTN object at 0x10573ddc0>
2.740210000000001,0.11013500000000054,14396,<entities.dtn.DTN object at 0x105761940>,<entities.dtn.DTN object at 0x10573ddc0>
2.750285000000001,0.1201800000000004,14396,<entities.dtn.DTN object at 0x105761940>,<entities.dtn.DTN object at 0x10573ddc0>
2.8502850000000013,0.11013500000000054,14396,<entities.dtn.DTN object at 0x105761940>,<entities.dtn.DTN object at 0x10573ddc0>
2.8603600000000013,0.1201800000000004,14396,<entities.dtn.DTN object at 0x105761940>,<entities.dtn.DTN object at 0x10573ddc0>
2.8603600000000013,0.11013500000000054,14396,<entities.dtn.DTN object at 0x105761940>,<entities.dtn.DTN object at 0x10573ddc0>
2.8704350000000014,0.1201800000000004,14396,<entities.dtn.DTN object at 0x105761940>,<entities.dtn.DTN object at 0x10573ddc0>
2.9704350000000015,0.1202100000000006,14396,<entities.dtn.DTN object at 0x105761940>,<entities.dtn.DTN object at 0x10573ddc0>
2.9805100000000015,0.13025500000000045,14396,<entities.dtn.DTN object at 0x105761940>,<entities.dtn.DTN object at 0x10573ddc0>
2.9805100000000015,0.1202100000000006,14396,<entities.dtn.DTN object at 0x105761940>,<entities.dtn.DTN object at 0x10573ddc0>
2.9905850000000016,0.13025500000000045,14396,<entities.dtn.DTN object at 0x105761940>,<entities.dtn.DTN object at 0x10573ddc0>
3.0006600000000017,0.1403300000000005,14396,<entities.dtn.DTN object at 0x105761940>,<entities.dtn.DTN object at 0x10573ddc0>
10.15178499999998,0.1073000000000004,77622,<entities.dtn.DTN object at 0x10577b4c0>,<entities.dtn.DTN object at 0x10573ddc0>
10.26185999999998,0.11013500000000143,77622,<entities.dtn.DTN object at 0x10577b4c0>,<entities.dtn.DTN object at 0x10573ddc0>
10.26529999999998,0.11354500000000023,77622,<entities.dtn.DTN object at 0x10577b4c0>,<entities.dtn.DTN object at 0x10573ddc0>
10.371934999999981,0.11013500000000143,77622,<entities.dtn.DTN object at 0x10577b4c0>,<entities.dtn.DTN object at 0x10573ddc0>
10.37537499999998,0.11354500000000023,77622,<entities.dtn.DTN object at 0x10577b4c0>,<entities.dtn.DTN object at 0x10573ddc0>
10.382009999999982,0.11677000000000248,77622,<entities.dtn.DTN object at 0x10577b4c0>,<entities.dtn.DTN object at 0x10573ddc0>
10.385449999999981,0.12018000000000129,77622,<entities.dtn.DTN object at 0x10577b4c0>,<entities.dtn.DTN object at 0x10573ddc0>
10.492084999999982,0.12021000000000193,77622,<entities.dtn.DTN object at 0x10577b4c0>,<entities.dtn.DTN object at 0x10573ddc0>
10.495524999999981,0.12362000000000073,77622,<entities.dtn.DTN object at 0x10577b4c0>,<entities.dtn.DTN object at 0x10573ddc0>
10.502159999999982,0.12684500000000298,77622,<entities.dtn.DTN object at 0x10577b4c0>,<entities.dtn.DTN object at 0x10573ddc0>
10.505599999999982,0.13025500000000179,77622,<entities.dtn.DTN object at 0x10577b4c0>,<entities.dtn.DTN object at 0x10573ddc0>
10.512234999999983,0.13028500000000243,77622,<entities.dtn.DTN object at 0x10577b4c0>,<entities.dtn.DTN object at 0x10573ddc0>
10.515674999999982,0.13369500000000123,77622,<entities.dtn.DTN object at 0x10577b4c0>,<entities.dtn.DTN object at 0x10573ddc0>
10.522309999999983,0.13692000000000348,77622,<entities.dtn.DTN object at 0x10577b4c0>,<entities.dtn.DTN object at 0x10573ddc0>
10.525749999999983,0.1403300000000023,77622,<entities.dtn.DTN object at 0x10577b4c0>,<entities.dtn.DTN object at 0x10573ddc0>
10.532384999999984,0.04036000000000328,77622,<entities.dtn.DTN object at 0x10577b4c0>,<entities.dtn.DTN object at 0x10573ddc0>
10.535824999999983,0.043770000000002085,77622,<entities.dtn.DTN object at 0x10577b4c0>,<entities.dtn.DTN object at 0x10573ddc0>
10.542459999999984,0.04699500000000434,77622,<entities.dtn.DTN object at 0x10577b4c0>,<entities.dtn.DTN object at 0x10573ddc0>
10.545899999999984,0.05040500000000314,77622,<entities.dtn.DTN object at 0x10577b4c0>,<entities.dtn.DTN object at 0x10573ddc0>
10.552534999999985,0.05043500000000378,77622,<entities.dtn.DTN object at 0x10577b4c0>,<entities.dtn.DTN object at 0x10573ddc0>
10.555974999999984,0.053845000000002585,77622,<entities.dtn.DTN object at 0x10577b4c0>,<entities.dtn.DTN object at 0x10573ddc0>
10.562609999999985,0.05707000000000484,77622,<entities.dtn.DTN object at 0x10577b4c0>,<entities.dtn.DTN object at 0x10573ddc0>
10.566049999999985,0.06048000000000364,77622,<entities.dtn.DTN object at 0x10577b4c0>,<entities.dtn.DTN object at 0x10573ddc0>
10.572684999999986,0.06051000000000428,77622,<entities.dtn.DTN object at 0x10577b4c0>,<entities.dtn.DTN object at 0x10573ddc0>
10.576124999999985,0.06392000000000309,77622,<entities.dtn.DTN object at 0x10577b4c0>,<entities.dtn.DTN object at 0x10573ddc0>
10.582759999999986,0.06714500000000534,77622,<entities.dtn.DTN object at 0x10577b4c0>,<entities.dtn.DTN object at 0x10573ddc0>
10.586199999999986,0.07055500000000414,77622,<entities.dtn.DTN object at 0x10577b4c0>,<entities.dtn.DTN object at 0x10573ddc0>
10.592834999999987,0.07058500000000478,77622,<entities.dtn.DTN object at 0x10577b4c0>,<entities.dtn.DTN object at 0x10573ddc0>
10.596274999999986,0.07399500000000359,77622,<entities.dtn.DTN object at 0x10577b4c0>,<entities.dtn.DTN object at 0x10573ddc0>
10.602909999999987,0.07722000000000584,77622,<entities.dtn.DTN object at 0x10577b4c0>,<entities.dtn.DTN object at 0x10573ddc0>
10.606349999999987,0.08063000000000464,77622,<entities.dtn.DTN object at 0x10577b4c0>,<entities.dtn.DTN object at 0x10573ddc0>
10.612984999999988,0.08066000000000528,77622,<entities.dtn.DTN object at 0x10577b4c0>,<entities.dtn.DTN object at 0x10573ddc0>
10.616424999999987,0.08407000000000409,77622,<entities.dtn.DTN object at 0x10577b4c0>,<entities.dtn.DTN object at 0x10573ddc0>
10.623059999999988,0.08729500000000634,77622,<entities.dtn.DTN object at 0x10577b4c0>,<entities.dtn.DTN object at 0x10573ddc0>
10.626499999999988,0.09070500000000514,77622,<entities.dtn.DTN object at 0x10577b4c0>,<entities.dtn.DTN object at 0x10573ddc0>
10.633134999999989,0.09073500000000578,77622,<entities.dtn.DTN object at 0x10577b4c0>,<entities.dtn.DTN object at 0x10573ddc0>
10.636574999999988,0.09414500000000459,77622,<entities.dtn.DTN object at 0x10577b4c0>,<entities.dtn.DTN object at 0x10573ddc0>
10.64320999999999,0.09737000000000684,77622,<entities.dtn.DTN object at 0x10577b4c0>,<entities.dtn.DTN object at 0x10573ddc0>
10.646649999999989,0.10078000000000564,77622,<entities.dtn.DTN object at 0x10577b4c0>,<entities.dtn.DTN object at 0x10573ddc0>
10.65328499999999,0.10081000000000628,77622,<entities.dtn.DTN object at 0x10577b4c0>,<entities.dtn.DTN object at 0x10573ddc0>
10.65672499999999,0.10422000000000509,77622,<entities.dtn.DTN object at 0x10577b4c0>,<entities.dtn.DTN object at 0x10573ddc0>
10.66335999999999,0.10744500000000734,77622,<entities.dtn.DTN object at 0x10577b4c0>,<entities.dtn.DTN object at 0x10573ddc0>
10.66679999999999,0.11085500000000614,77622,<entities.dtn.DTN object at 0x10577b4c0>,<entities.dtn.DTN object at 0x10573ddc0>
10.67343499999999,0.11088500000000678,77622,<entities.dtn.DTN object at 0x10577b4c0>,<entities.dtn.DTN object at 0x10573ddc0>
10.67687499999999,0.11429500000000559,77622,<entities.dtn.DTN object at 0x10577b4c0>,<entities.dtn.DTN object at 0x10573ddc0>
10.683509999999991,0.11752000000000784,77622,<entities.dtn.DTN object at 0x10577b4c0>,<entities.dtn.DTN object at 0x10573ddc0>
10.68694999999999,0.12093000000000664,77622,<entities.dtn.DTN object at 0x10577b4c0>,<entities.dtn.DTN object at 0x10573ddc0>
10.693584999999992,0.12096000000000728,77622,<entities.dtn.DTN object at 0x10577b4c0>,<entities.dtn.DTN object at 0x10573ddc0>
10.697024999999991,0.12437000000000609,77622,<entities.dtn.DTN object at 0x10577b4c0>,<entities.dtn.DTN object at 0x10573ddc0>
10.703659999999992,0.12759500000000834,77622,<entities.dtn.DTN object at 0x10577b4c0>,<entities.dtn.DTN object at 0x10573ddc0>
10.707099999999992,0.13100500000000714,77622,<entities.dtn.DTN object at 0x10577b4c0>,<entities.dtn.DTN object at 0x10573ddc0>
10.713734999999993,0.13103500000000778,77622,<entities.dtn.DTN object at 0x10577b4c0>,<entities.dtn.DTN object at 0x10573ddc0>
10.717174999999992,0.1344450000000066,77622,<entities.dtn.DTN object at 0x10577b4c0>,<entities.dtn.DTN object at 0x10573ddc0>
10.723809999999993,0.13767000000000884,77622,<entities.dtn.DTN object at 0x10577b4c0>,<entities.dtn.DTN object at 0x10573ddc0>
10.727249999999993,0.14108000000000764,77622,<entities.dtn.DTN object at 0x10577b4c0>,<entities.dtn.DTN object at 0x10573ddc0>
10.733884999999994,0.14111000000000828,77622,<entities.dtn.DTN object at 0x10577b4c0>,<entities.dtn.DTN object at 0x10573ddc0>
10.737324999999993,0.1445200000000071,77622,<entities.dtn.DTN object at 0x10577b4c0>,<entities.dtn.DTN object at 0x10573ddc0>
10.743959999999994,0.14774500000000934,77622,<entities.dtn.DTN object at 0x10577b4c0>,<entities.dtn.DTN object at 0x10573ddc0>
10.747399999999994,0.15115500000000814,77622,<entities.dtn.DTN object at 0x10577b4c0>,<entities.dtn.DTN object at 0x10573ddc0>
10.754034999999995,0.15118500000000878,77622,<entities.dtn.DTN object at 0x10577b4c0>,<entities.dtn.DTN object at 0x10573ddc0>
10.757474999999994,0.1545950000000076,77622,<entities.dtn.DTN object at 0x10577b4c0>,<entities.dtn.DTN object at 0x10573ddc0>
10.764109999999995,0.15782000000000984,77622,<entities.dtn.DTN object at 0x10577b4c0>,<entities.dtn.DTN object at 0x10573ddc0>
10.767549999999995,0.16123000000000864,77622,<entities.dtn.DTN object at 0x10577b4c0>,<entities.dtn.DTN object at 0x10573ddc0>
10.774184999999996,0.16126000000000928,77622,<entities.dtn.DTN object at 0x10577b4c0>,<entities.dtn.DTN object at 0x10573ddc0>
10.777594999999994,0.16464000000000745,77622,<entities.dtn.DTN object at 0x10577b4c0>,<entities.dtn.DTN object at 0x10573ddc0>
10.784229999999996,0.1678650000000097,77622,<entities.dtn.DTN object at 0x10577b4c0>,<entities.dtn.DTN object at 0x10573ddc0>
10.787669999999995,0.1712750000000085,77622,<entities.dtn.DTN object at 0x10577b4c0>,<entities.dtn.DTN object at 0x10573ddc0>
10.794304999999996,0.17130500000000914,77622,<entities.dtn.DTN object at 0x10577b4c0>,<entities.dtn.DTN object at 0x10573ddc0>
10.797744999999995,0.17471500000000795,77622,<entities.dtn.DTN object at 0x10577b4c0>,<entities.dtn.DTN object at 0x10573ddc0>
10.804379999999997,0.1779400000000102,77622,<entities.dtn.DTN object at 0x10577b4c0>,<entities.dtn.DTN object at 0x10573ddc0>
10.807819999999996,0.181350000000009,77622,<entities.dtn.DTN object at 0x10577b4c0>,<entities.dtn.DTN object at 0x10573ddc0>
10.814454999999997,0.18138000000000964,77622,<entities.dtn.DTN object at 0x10577b4c0>,<entities.dtn.DTN object at 0x10573ddc0>
10.817894999999996,0.18479000000000845,77622,<entities.dtn.DTN object at 0x10577b4c0>,<entities.dtn.DTN object at 0x10573ddc0>
10.824529999999998,0.1880150000000107,77622,<entities.dtn.DTN object at 0x10577b4c0>,<entities.dtn.DTN object at 0x10573ddc0>
10.827969999999997,0.1914250000000095,77622,<entities.dtn.DTN object at 0x10577b4c0>,<entities.dtn.DTN object at 0x10573ddc0>
10.834604999999998,0.19145500000001014,77622,<entities.dtn.DTN object at 0x10577b4c0>,<entities.dtn.DTN object at 0x10573ddc0>
10.838044999999997,0.19486500000000895,77622,<entities.dtn.DTN object at 0x10577b4c0>,<entities.dtn.DTN object at 0x10573ddc0>
10.844679999999999,0.1980900000000112,77622,<entities.dtn.DTN object at 0x10577b4c0>,<entities.dtn.DTN object at 0x10573ddc0>
10.848119999999998,0.20150000000001,77622,<entities.dtn.DTN object at 0x10577b4c0>,<entities.dtn.DTN object at 0x10573ddc0>
10.854754999999999,0.20153000000001065,77622,<entities.dtn.DTN object at 0x10577b4c0>,<entities.dtn.DTN object at 0x10573ddc0>
10.858194999999998,0.20494000000000945,77622,<entities.dtn.DTN object at 0x10577b4c0>,<entities.dtn.DTN object at 0x10573ddc0>
10.86483,0.2081650000000117,77622,<entities.dtn.DTN object at 0x10577b4c0>,<entities.dtn.DTN object at 0x10573ddc0>
10.868269999999999,0.2115750000000105,77622,<entities.dtn.DTN object at 0x10577b4c0>,<entities.dtn.DTN object at 0x10573ddc0>
10.874905,0.21160500000001115,77622,<entities.dtn.DTN object at 0x10577b4c0>,<entities.dtn.DTN object at 0x10573ddc0>
10.878345,0.21501500000000995,77622,<entities.dtn.DTN object at 0x10577b4c0>,<entities.dtn.DTN object at 0x10573ddc0>
10.88498,0.2182400000000122,77622,<entities.dtn.DTN object at 0x10577b4c0>,<entities.dtn.DTN object at 0x10573ddc0>
10.88842,0.221650000000011,77622,<entities.dtn.DTN object at 0x10577b4c0>,<entities.dtn.DTN object at 0x10573ddc0>
10.895055000000001,0.22168000000001165,77622,<entities.dtn.DTN object at 0x10577b4c0>,<entities.dtn.DTN object at 0x10573ddc0>
10.898495,0.22509000000001045,77622,<entities.dtn.DTN object at 0x10577b4c0>,<entities.dtn.DTN object at 0x10573ddc0>
10.90512,0.2283050000000113,77622,<entities.dtn.DTN object at 0x10577b4c0>,<entities.dtn.DTN object at 0x10573ddc0>
10.90854,0.23169500000001086,77622,<entities.dtn.DTN object at 0x10577b4c0>,<entities.dtn.DTN object at 0x10573ddc0>
10.915175000000001,0.2317250000000115,77622,<entities.dtn.DTN object at 0x10577b4c0>,<entities.dtn.DTN object at 0x10573ddc0>
10.918615,0.2351350000000103,77622,<entities.dtn.DTN object at 0x10577b4c0>,<entities.dtn.DTN object at 0x10573ddc0>
10.925250000000002,0.23836000000001256,77622,<entities.dtn.DTN object at 0x10577b4c0>,<entities.dtn.DTN object at 0x10573ddc0>
10.928690000000001,0.24177000000001136,77622,<entities.dtn.DTN object at 0x10577b4c0>,<entities.dtn.DTN object at 0x10573ddc0>
10.935325000000002,0.241800000000012,77622,<entities.dtn.DTN object at 0x10577b4c0>,<entities.dtn.DTN object at 0x10573ddc0>
10.938765000000002,0.2452100000000108,77622,<entities.dtn.DTN object at 0x10577b4c0>,<entities.dtn.DTN object at 0x10573ddc0>
10.945400000000003,0.24843500000001306,77622,<entities.dtn.DTN object at 0x10577b4c0>,<entities.dtn.DTN object at 0x10573ddc0>
10.948840000000002,0.25184500000001186,77622,<entities.dtn.DTN object at 0x10577b4c0>,<entities.dtn.DTN object at 0x10573ddc0>
10.955475000000003,0.2518750000000125,77622,<entities.dtn.DTN object at 0x10577b4c0>,<entities.dtn.DTN object at 0x10573ddc0>
10.958915000000003,0.2552850000000113,77622,<entities.dtn.DTN object at 0x10577b4c0>,<entities.dtn.DTN object at 0x10573ddc0>
10.965550000000004,0.25851000000001356,77622,<entities.dtn.DTN object at 0x10577b4c0>,<entities.dtn.DTN object at 0x10573ddc0>
10.968990000000003,0.26192000000001237,77622,<entities.dtn.DTN object at 0x10577b4c0>,<entities.dtn.DTN object at 0x10573ddc0>
10.975625000000004,0.261950000000013,77622,<entities.dtn.DTN object at 0x10577b4c0>,<entities.dtn.DTN object at 0x10573ddc0>
10.979065000000004,0.2653600000000118,77622,<entities.dtn.DTN object at 0x10577b4c0>,<entities.dtn.DTN object at 0x10573ddc0>
10.985700000000005,0.26858500000001406,77622,<entities.dtn.DTN object at 0x10577b4c0>,<entities.dtn.DTN object at 0x10573ddc0>
10.989140000000004,0.27199500000001287,77622,<entities.dtn.DTN object at 0x10577b4c0>,<entities.dtn.DTN object at 0x10573ddc0>
10.995775000000005,0.2720250000000135,77622,<entities.dtn.DTN object at 0x10577b4c0>,<entities.dtn.DTN object at 0x10573ddc0>
10.999215000000005,0.2754350000000123,77622,<entities.dtn.DTN object at 0x10577b4c0>,<entities.dtn.DTN object at 0x10573ddc0>
11.005850000000006,0.27866000000001456,77622,<entities.dtn.DTN object at 0x10577b4c0>,<entities.dtn.DTN object at 0x10573ddc0>
11.009290000000005,0.28207000000001337,77622,<entities.dtn.DTN object at 0x10577b4c0>,<entities.dtn.DTN object at 0x10573ddc0>
11.015925000000006,0.282100000000014,77622,<entities.dtn.DTN object at 0x10577b4c0>,<entities.dtn.DTN object at 0x10573ddc0>
11.019365000000006,0.2855100000000128,77622,<entities.dtn.DTN object at 0x10577b4c0>,<entities.dtn.DTN object at 0x10573ddc0>
11.026000000000007,0.28873500000001506,77622,<entities.dtn.DTN object at 0x10577b4c0>,<entities.dtn.DTN object at 0x10573ddc0>
11.029440000000006,0.29214500000001387,77622,<entities.dtn.DTN object at 0x10577b4c0>,<entities.dtn.DTN object at 0x10573ddc0>
11.036075000000007,0.2921750000000145,77622,<entities.dtn.DTN object at 0x10577b4c0>,<entities.dtn.DTN object at 0x10573ddc0>
11.039515000000007,0.2955850000000133,77622,<entities.dtn.DTN object at 0x10577b4c0>,<entities.dtn.DTN object at 0x10573ddc0>
11.046150000000008,0.29881000000001556,77622,<entities.dtn.DTN object at 0x10577b4c0>,<entities.dtn.DTN object at 0x10573ddc0>
11.049590000000007,0.30222000000001437,77622,<entities.dtn.DTN object at 0x10577b4c0>,<entities.dtn.DTN object at 0x10573ddc0>
11.056225000000008,0.302250000000015,77622,<entities.dtn.DTN object at 0x10577b4c0>,<entities.dtn.DTN object at 0x10573ddc0>
11.059665000000008,0.3056600000000138,77622,<entities.dtn.DTN object at 0x10577b4c0>,<entities.dtn.DTN object at 0x10573ddc0>
11.066300000000009,0.30888500000001606,77622,<entities.dtn.DTN object at 0x10577b4c0>,<entities.dtn.DTN object at 0x10573ddc0>
11.069740000000008,0.31229500000001487,77622,<entities.dtn.DTN object at 0x10577b4c0>,<entities.dtn.DTN object at 0x10573ddc0>
11.07637500000001,0.3123250000000155,77622,<entities.dtn.DTN object at 0x10577b4c0>,<entities.dtn.DTN object at 0x10573ddc0>
11.079815000000009,0.3157350000000143,77622,<entities.dtn.DTN object at 0x10577b4c0>,<entities.dtn.DTN object at 0x10573ddc0>
11.08645000000001,0.31896000000001656,77622,<entities.dtn.DTN object at 0x10577b4c0>,<entities.dtn.DTN object at 0x10573ddc0>
11.08989000000001,0.32237000000001537,77622,<entities.dtn.DTN object at 0x10577b4c0>,<entities.dtn.DTN object at 0x10573ddc0>
11.09652500000001,0.322400000000016,77622,<entities.dtn.DTN object at 0x10577b4c0>,<entities.dtn.DTN object at 0x10573ddc0>
11.09996500000001,0.3258100000000148,77622,<entities.dtn.DTN object at 0x10577b4c0>,<entities.dtn.DTN object at 0x10573ddc0>
11.106600000000011,0.32903500000001706,77622,<entities.dtn.DTN object at 0x10577b4c0>,<entities.dtn.DTN object at 0x10573ddc0>
11.11004000000001,0.32584000000001545,77622,<entities.dtn.DTN object at 0x10577b4c0>,<entities.dtn.DTN object at 0x10573ddc0>
11.116675000000011,0.32903500000001706,77622,<entities.dtn.DTN object at 0x10577b4c0>,<entities.dtn.DTN object at 0x10573ddc0>
11.12011500000001,0.32584000000001545,77622,<entities.dtn.DTN object at 0x10577b4c0>,<entities.dtn.DTN object at 0x10573ddc0>
11.126750000000012,0.32903500000001706,77622,<entities.dtn.DTN object at 0x10577b4c0>,<entities.dtn.DTN object at 0x10573ddc0>
11.130190000000011,0.32584000000001545,77622,<entities.dtn.DTN object at 0x10577b4c0>,<entities.dtn.DTN object at 0x10573ddc0>
11.136825000000012,0.32903500000001706,77622,<entities.dtn.DTN object at 0x10577b4c0>,<entities.dtn.DTN object at 0x10573ddc0>
11.140265000000012,0.32584000000001545,77622,<entities.dtn.DTN object at 0x10577b4c0>,<entities.dtn.DTN object at 0x10573ddc0>
11.146900000000013,0.32903500000001706,77622,<entities.dtn.DTN object at 0x10577b4c0>,<entities.dtn.DTN object at 0x10573ddc0>
11.150340000000012,0.32584000000001545,77622,<entities.dtn.DTN object at 0x10577b4c0>,<entities.dtn.DTN object at 0x10573ddc0>
11.156975000000013,0.32903500000001706,77622,<entities.dtn.DTN object at 0x10577b4c0>,<entities.dtn.DTN object at 0x10573ddc0>
11.160415000000013,0.32584000000001545,77622,<entities.dtn.DTN object at 0x10577b4c0>,<entities.dtn.DTN object at 0x10573ddc0>
11.167050000000014,0.32903500000001706,77622,<entities.dtn.DTN object at 0x10577b4c0>,<entities.dtn.DTN object at 0x10573ddc0>
11.170490000000013,0.32584000000001545,77622,<entities.dtn.DTN object at 0x10577b4c0>,<entities.dtn.DTN object at 0x10573ddc0>
11.177125000000014,0.32903500000001706,77622,<entities.dtn.DTN object at 0x10577b4c0>,<entities.dtn.DTN object at 0x10573ddc0>
11.180565000000014,0.32584000000001545,77622,<entities.dtn.DTN object at 0x10577b4c0>,<entities.dtn.DTN object at 0x10573ddc0>
11.187200000000015,0.32903500000001706,77622,<entities.dtn.DTN object at 0x10577b4c0>,<entities.dtn.DTN object at 0x10573ddc0>
11.190640000000014,0.32584000000001545,77622,<entities.dtn.DTN object at 0x10577b4c0>,<entities.dtn.DTN object at 0x10573ddc0>
11.197275000000015,0.32903500000001706,77622,<entities.dtn.DTN object at 0x10577b4c0>,<entities.dtn.DTN object at 0x10573ddc0>
11.200715000000015,0.32584000000001545,77622,<entities.dtn.DTN object at 0x10577b4c0>,<entities.dtn.DTN object at 0x10573ddc0>
11.207350000000016,0.32903500000001706,77622,<entities.dtn.DTN object at 0x10577b4c0>,<entities.dtn.DTN object at 0x10573ddc0>
11.210790000000015,0.32584000000001545,77622,<entities.dtn.DTN object at 0x10577b4c0>,<entities.dtn.DTN object at 0x10573ddc0>
11.217425000000016,0.32903500000001706,77622,<entities.dtn.DTN object at 0x10577b4c0>,<entities.dtn.DTN object at 0x10573ddc0>
11.220865000000016,0.32584000000001545,77622,<entities.dtn.DTN object at 0x10577b4c0>,<entities.dtn.DTN object at 0x10573ddc0>
11.227500000000017,0.32903500000001706,77622,<entities.dtn.DTN object at 0x10577b4c0>,<entities.dtn.DTN object at 0x10573ddc0>
11.230915000000016,0.3258150000000146,77622,<entities.dtn.DTN object at 0x10577b4c0>,<entities.dtn.DTN object at 0x10573ddc0>
