time_bin_mid,Queue_1_avg_load,Queue_2_avg_load,Queue_3_avg_load,Queue_4_avg_load,Queue_5_avg_load,Queue_6_avg_load
0.5,0.0,0.0,0.0,0.0,0.0,0.0
1.5,0.0,0.0,0.0,0.0,0.0,9.302521008403362
2.5,0.0,0.0,0.0,0.0,0.0,52.02077151335312
3.5,0.0,0.0,0.0,0.0,0.0,61.96655518394649
4.5,0.0,0.0,0.0,0.0,0.0,63.31438127090301
5.5,0.0,0.0,0.0,0.0,0.0,64.91304347826087
6.5,0.0,0.0,0.0,0.0,0.0,66.24666666666667
7.5,0.0,0.0,0.0,0.0,0.0,67.68561872909699
8.5,0.0,0.0,0.0,0.0,0.0,69.08361204013377
9.5,0.0,0.0,0.0,0.0,0.0,70.34563758389261
10.5,0.0,0.0,0.0,0.0,0.0,71.75747508305648
11.5,0.0,0.0,0.0,0.0,0.0,73.06040268456375
12.5,0.0,0.0,0.0,0.0,0.0,74.28428093645485
13.5,0.0,0.0,0.0,0.0,0.0,75.51170568561874
14.5,0.0,0.0,0.0,0.0,0.0,76.87666666666667
15.5,0.0,0.0,0.0,0.0,0.0,78.06040268456375
16.5,0.0,0.0,0.0,0.0,0.0,79.22408026755853
17.5,0.0,0.0,0.0,0.0,0.0,80.38590604026845
18.5,0.0,0.0,0.0,0.0,0.0,81.53820598006645
19.5,0.0,0.0,0.0,0.0,0.0,82.66666666666667
20.5,0.0,0.0,0.0,0.0,0.0,81.03191489361703
21.5,0.0,0.0,0.0,0.0,0.0,41.04761904761905
22.5,0.0,0.0,10.907284768211921,0.0,0.0,8.278688524590164
23.5,0.0,0.0,53.17846153846154,0.0,0.0,0.0
24.5,0.0,0.0,60.323232323232325,0.0,0.0,0.0
25.5,0.0,0.0,61.62837837837838,0.0,0.0,0.0
26.5,0.0,0.0,63.21,0.0,0.0,0.0
27.5,0.0,0.0,64.65771812080537,0.0,0.0,0.0
28.5,0.0,0.0,66.06397306397307,0.0,0.0,0.0
29.5,0.0,0.0,67.40939597315436,0.0,0.0,0.0
30.5,0.0,0.0,68.60942760942761,0.0,0.0,0.0
31.5,0.0,0.0,70.02341137123746,0.0,0.0,0.0
32.5,0.0,0.0,71.27702702702703,0.0,0.0,0.0
33.5,0.0,0.0,72.54849498327759,0.0,0.0,0.0
34.5,0.0,0.0,73.8013468013468,0.0,0.0,0.0
35.5,0.0,0.0,75.08389261744966,0.0,0.0,0.0
36.5,0.0,0.0,76.20538720538721,0.0,0.0,0.0
37.5,0.0,0.0,77.55555555555556,0.0,0.0,0.0
38.5,0.0,0.0,77.92808219178082,0.0,0.0,0.0
39.5,0.0,0.0,57.68595041322314,0.0,0.0,0.0
40.5,0.0,0.0,58.309309309309306,0.0,0.0,0.0
41.5,0.0,0.0,68.04220779220779,0.0,0.0,0.0
42.5,0.0,0.0,73.86643835616438,0.0,0.0,0.0
43.5,0.0,0.0,76.25773195876289,0.0,0.0,0.0
44.5,0.0,0.0,72.12913907284768,0.0,0.0,0.0
45.5,0.0,0.0,78.11148648648648,0.0,0.0,0.0
46.5,0.0,0.0,77.23287671232876,0.0,0.0,0.0
47.5,0.0,0.0,63.07394366197183,0.0,0.0,0.0
48.5,0.0,0.0,53.354609929078016,0.0,0.0,0.0
49.5,0.0,0.0,43.57342657342657,0.0,0.0,0.0
50.5,0.0,0.0,31.077464788732396,0.0,0.0,0.0
51.5,0.0,0.0,14.715415019762846,0.0,0.0,0.0
52.5,0.0,0.0,4.253968253968254,0.0,0.0,0.0
53.5,0.0,0.0,0.0,0.0,0.0,0.0
54.5,0.0,0.0,0.0,0.0,0.0,0.0
55.5,0.0,0.0,0.0,0.0,0.0,0.0
56.5,0.0,0.0,0.0,0.0,0.0,0.0
57.5,0.0,0.0,0.0,0.0,0.0,0.0
58.5,0.0,0.0,0.0,0.0,0.0,0.0
59.5,0.0,0.0,0.0,0.0,0.0,0.0
60.5,0.0,0.0,0.0,0.0,0.0,0.0
61.5,0.0,0.0,0.0,0.0,0.0,0.0
62.5,0.0,0.0,0.0,0.0,0.0,0.0
63.5,0.0,0.0,0.0,0.0,0.0,0.0
64.5,0.0,0.0,0.0,0.0,0.0,0.0
65.5,0.0,0.0,0.0,0.0,0.0,0.0
66.5,0.0,0.0,0.0,0.0,0.0,0.0
67.5,0.0,0.0,0.0,0.0,0.0,0.0
68.5,0.0,0.0,0.0,0.0,0.0,0.0
69.5,0.0,0.0,0.0,0.0,0.0,0.0
70.5,0.0,0.0,0.0,0.0,0.0,0.0
71.5,0.0,0.0,0.0,0.0,0.0,0.0
72.5,0.0,0.0,0.0,0.0,0.0,0.0
73.5,0.0,0.0,0.0,0.0,0.0,0.0
74.5,0.0,0.0,0.0,0.0,0.0,0.0
75.5,0.0,0.0,0.0,0.0,0.0,0.0
76.5,0.0,0.0,0.0,0.0,0.0,0.0
77.5,0.0,0.0,0.0,0.0,0.0,0.0
78.5,0.0,0.0,0.0,0.0,0.0,0.0
79.5,0.0,0.0,0.0,0.0,0.0,0.0
80.5,0.0,0.0,0.0,0.0,0.0,0.0
81.5,0.0,0.0,0.0,0.0,0.0,0.0
82.5,0.0,0.0,0.0,0.0,0.0,0.0
83.5,0.0,0.0,0.0,0.0,0.0,0.0
84.5,0.0,0.0,0.0,0.0,0.0,0.0
85.5,0.0,0.0,0.0,0.0,0.0,0.0
86.5,0.0,0.0,0.0,0.0,0.0,0.0
87.5,0.0,0.0,0.0,0.0,0.0,0.0
88.5,0.0,0.0,0.0,0.0,0.0,0.0
89.5,0.0,0.0,0.0,0.0,0.0,0.0
90.5,0.0,0.0,0.0,0.0,0.0,0.0
91.5,0.0,0.0,0.0,0.0,0.0,0.0
92.5,0.0,0.0,0.0,0.0,0.0,0.0
93.5,0.0,0.0,0.0,0.0,0.0,0.0
94.5,0.0,0.0,0.0,0.0,0.0,0.0
95.5,0.0,0.0,0.0,0.0,0.0,0.0
96.5,0.0,0.0,0.0,0.0,0.0,0.0
97.5,0.0,0.0,0.0,0.0,0.0,0.0
98.5,0.0,0.0,0.0,0.0,0.0,0.0
99.5,0.0,0.0,0.0,0.0,0.0,0.0
