time,Router_4_load,Router_5_load,Router_6_load
0.0,0.0,0.0,0.0
0.0,1.0,0.0,0.0
0.1,1.0,0.0,0.0
0.1,0.0,0.0,0.0
0.1,0.0,0.0,0.0
0.10013000000000001,0.0,,
0.2,,0.0,0.0
0.20013000000000003,0.0,,
0.30000000000000004,,0.0,0.0
0.30013,0.0,,
0.4,,0.0,0.0
0.40013,0.0,,
0.5,,0.0,0.0
0.50013,0.0,,
0.6,,0.0,0.0
0.6001299999999999,0.0,,
0.7,,0.0,0.0
0.7001299999999999,0.0,,
0.7999999999999999,,0.0,0.0
0.8001299999999999,0.0,,
0.8999999999999999,,0.0,0.0
0.9001299999999999,0.0,,
0.9999999999999999,,0.0,0.0
1.00013,0.0,,
1.0999999999999999,,0.0,0.0
1.10013,0.0,,
1.2,,0.0,0.0
1.2001300000000001,0.0,,
1.3,,0.0,0.0
1.3001300000000002,0.0,,
1.4000000000000001,,0.0,0.0
1.4001300000000003,0.0,,
1.5000000000000002,,0.0,0.0
1.5001300000000004,0.0,,
1.6000000000000003,,0.0,0.0
1.6001300000000005,0.0,,
1.7000000000000004,,0.0,0.0
1.7001300000000006,0.0,,
1.8000000000000005,,0.0,0.0
1.8001300000000007,0.0,,
1.9000000000000006,,0.0,0.0
1.9001300000000008,0.0,,
2.0000000000000004,,0.0,0.0
2.000130000000001,0.0,,
2.1000000000000005,,0.0,0.0
2.100130000000001,0.0,,
2.2000000000000006,,0.0,0.0
2.200130000000001,0.0,,
2.3000000000000007,,0.0,0.0
2.300130000000001,0.0,,
2.400000000000001,,0.0,0.0
2.400130000000001,0.0,,
2.500000000000001,,0.0,0.0
2.5001300000000013,0.0,,
2.600000000000001,,0.0,0.0
2.6001300000000014,0.0,,
2.700000000000001,,0.0,0.0
2.7001300000000015,0.0,,
2.800000000000001,,0.0,0.0
2.8001300000000016,0.0,,
2.9000000000000012,,0.0,0.0
2.9001300000000017,0.0,,
3.0000000000000013,,0.0,0.0
3.0001300000000017,0.0,,
3.1000000000000014,,0.0,0.0
3.100130000000002,0.0,,
3.2000000000000015,,0.0,0.0
3.200130000000002,0.0,,
3.3000000000000016,,0.0,0.0
3.300130000000002,0.0,,
3.4000000000000017,,0.0,0.0
3.400130000000002,0.0,,
3.5000000000000018,,0.0,0.0
3.500130000000002,0.0,,
3.600000000000002,,0.0,0.0
3.6001300000000023,0.0,,
3.700000000000002,,0.0,0.0
3.7001300000000024,0.0,,
3.800000000000002,,0.0,0.0
3.8001300000000025,0.0,,
3.900000000000002,,0.0,0.0
3.9001300000000025,0.0,,
4.000000000000002,,0.0,0.0
4.000130000000002,0.0,,
4.100000000000001,,0.0,0.0
4.100130000000002,0.0,,
4.200000000000001,,0.0,0.0
4.2001300000000015,0.0,,
4.300000000000001,,0.0,0.0
4.300130000000001,0.0,,
4.4,,0.0,0.0
4.400130000000001,0.0,,
4.5,,0.0,0.0
4.50013,0.0,,
4.6,,0.0,0.0
4.60013,0.0,,
4.699999999999999,,0.0,0.0
4.70013,0.0,,
4.799999999999999,,0.0,0.0
4.800129999999999,0.0,,
4.899999999999999,,0.0,0.0
4.900129999999999,0.0,,
4.999999999999998,,0.0,0.0
5.0,,,1.0
5.000129999999999,0.0,,
5.099999999999998,,0.0,1.0
5.099999999999998,,0.0,0.0
5.099999999999998,,0.0,0.0
5.100129999999997,,,0.0
5.100129999999998,0.0,,
5.1999999999999975,,0.0,
5.200129999999997,,,0.0
5.200129999999998,0.0,,
5.299999999999997,,0.0,
5.300129999999997,,,0.0
5.300129999999998,0.0,,
5.399999999999997,,0.0,
5.400129999999996,,,0.0
5.400129999999997,0.0,,
5.4999999999999964,,0.0,
5.500129999999996,,,0.0
5.500129999999997,0.0,,
5.599999999999996,,0.0,
5.600129999999996,,,0.0
5.6001299999999965,0.0,,
5.699999999999996,,0.0,
5.700129999999995,,,0.0
5.700129999999996,0.0,,
5.799999999999995,,0.0,
5.800129999999995,,,0.0
5.800129999999996,0.0,,
5.899999999999995,,0.0,
5.9001299999999945,,,0.0
5.900129999999995,0.0,,
5.999999999999995,,0.0,
6.000129999999994,,,0.0
6.000129999999995,0.0,,
6.099999999999994,,0.0,
6.100129999999994,,,0.0
6.100129999999995,0.0,,
6.199999999999994,,0.0,
6.2001299999999935,,,0.0
6.200129999999994,0.0,,
6.299999999999994,,0.0,
6.300129999999993,,,0.0
6.300129999999994,0.0,,
6.399999999999993,,0.0,
6.400129999999993,,,0.0
6.400129999999994,0.0,,
6.499999999999993,,0.0,
6.5,,,1.0
6.500129999999992,,,1.0
6.500129999999992,,,0.0
6.500129999999992,,,0.0
6.500129999999993,0.0,,
6.500259999999992,,,0.0
6.5999999999999925,,0.0,
6.600129999999993,0.0,,
6.600259999999992,,,0.0
6.699999999999992,,0.0,
6.700129999999993,0.0,,
6.700259999999991,,,0.0
6.799999999999992,,0.0,
6.800129999999992,0.0,,
6.800259999999991,,,0.0
6.8999999999999915,,0.0,
6.900129999999992,0.0,,
6.9002599999999905,,,0.0
6.999999999999991,,0.0,
7.0001299999999915,0.0,,
7.00025999999999,,,0.0
7.099999999999991,,0.0,
7.100129999999991,0.0,,
7.10025999999999,,,0.0
7.19999999999999,,0.0,
7.200129999999991,0.0,,
7.2002599999999894,,,0.0
7.29999999999999,,0.0,
7.3001299999999905,0.0,,
7.300259999999989,,,0.0
7.39999999999999,,0.0,
7.40012999999999,0.0,,
7.400259999999989,,,0.0
7.499999999999989,,0.0,
7.50012999999999,0.0,,
7.500259999999988,,,0.0
7.599999999999989,,0.0,
7.600129999999989,0.0,,
7.600259999999988,,,0.0
7.699999999999989,,0.0,
7.700129999999989,0.0,,
7.700259999999988,,,0.0
7.799999999999988,,0.0,
7.800129999999989,0.0,,
7.800259999999987,,,0.0
7.899999999999988,,0.0,
7.900129999999988,0.0,,
7.900259999999987,,,0.0
7.999999999999988,,0.0,
8.000129999999988,0.0,,
8.000259999999987,,,0.0
8.099999999999987,,0.0,
8.100129999999988,0.0,,
8.100259999999986,,,0.0
8.199999999999987,,0.0,
8.200129999999987,0.0,,
8.200259999999986,,,0.0
8.299999999999986,,0.0,
8.300129999999987,0.0,,
8.300259999999986,,,0.0
8.399999999999986,,0.0,
8.400129999999987,0.0,,
8.400259999999985,,,0.0
8.499999999999986,,0.0,
8.5,1.0,,
8.5,2.0,,
8.500129999999986,2.0,,
8.500129999999986,1.0,,
8.500129999999986,1.0,,
8.500259999999985,,,0.0
8.500259999999987,1.0,,
8.500259999999987,0.0,,
8.500259999999987,0.0,,
8.500389999999987,0.0,,
8.599999999999985,,0.0,
8.600259999999984,,,0.0
8.600389999999987,0.0,,
8.699999999999985,,0.0,
8.700259999999984,,,0.0
8.700389999999986,0.0,,
8.799999999999985,,0.0,
8.800259999999984,,,0.0
8.800389999999986,0.0,,
8.899999999999984,,0.0,
8.900259999999983,,,0.0
8.900389999999986,0.0,,
8.999999999999984,,0.0,
9.0,,1.0,
9.000259999999983,,,0.0
9.000389999999985,0.0,,
9.099999999999984,,1.0,
9.099999999999984,,0.0,
9.099999999999984,,0.0,
9.100129999999984,,0.0,
9.100259999999983,,,0.0
9.100389999999985,0.0,,
9.200129999999984,,0.0,
9.200259999999982,,,0.0
9.200389999999985,0.0,,
9.300129999999983,,0.0,
9.300259999999982,,,0.0
9.300389999999984,0.0,,
9.400129999999983,,0.0,
9.400259999999982,,,0.0
9.400389999999984,0.0,,
9.500129999999983,,0.0,
9.500259999999981,,,0.0
9.500389999999983,0.0,,
9.600129999999982,,0.0,
9.600259999999981,,,0.0
9.600389999999983,0.0,,
9.700129999999982,,0.0,
9.70025999999998,,,0.0
9.700389999999983,0.0,,
9.800129999999982,,0.0,
9.80025999999998,,,0.0
9.800389999999982,0.0,,
9.900129999999981,,0.0,
9.90025999999998,,,0.0
9.900389999999982,0.0,,
10.0,,1.0,
10.00012999999998,,1.0,
10.00012999999998,,0.0,
10.00012999999998,,0.0,
10.00025999999998,,,0.0
10.000259999999981,,0.0,
10.000389999999982,0.0,,
10.10025999999998,,,0.0
10.100259999999981,,0.0,
10.100389999999981,0.0,,
10.200259999999979,,,0.0
10.20025999999998,,0.0,
10.200389999999981,0.0,,
10.300259999999978,,,0.0
10.30025999999998,,0.0,
10.30038999999998,0.0,,
10.400259999999978,,,0.0
10.40025999999998,,0.0,
10.40038999999998,0.0,,
10.5,,,1.0
10.500259999999978,,,1.0
10.500259999999978,,,0.0
10.500259999999978,,,0.0
10.50025999999998,,0.0,
10.500389999999978,,,0.0
10.50038999999998,0.0,,
10.60025999999998,,0.0,
10.600389999999978,,,0.0
10.60038999999998,0.0,,
10.700259999999979,,0.0,
10.700389999999977,,,0.0
10.70038999999998,0.0,,
10.800259999999978,,0.0,
10.800389999999977,,,0.0
10.800389999999979,0.0,,
10.900259999999978,,0.0,
10.900389999999977,,,0.0
10.900389999999978,0.0,,
11.0,,1.0,
11.000259999999978,,1.0,
11.000259999999978,,0.0,
11.000259999999978,,0.0,
11.000389999999976,,,0.0
11.000389999999978,0.0,0.0,
11.100389999999976,,,0.0
11.100389999999978,0.0,0.0,
11.200389999999976,,,0.0
11.200389999999977,0.0,0.0,
11.300389999999975,,,0.0
11.300389999999977,0.0,0.0,
11.400389999999975,,,0.0
11.400389999999977,0.0,0.0,
11.500389999999975,,,0.0
11.500389999999976,0.0,0.0,
11.600389999999974,,,0.0
11.600389999999976,0.0,0.0,
11.700389999999974,,,0.0
11.700389999999976,0.0,0.0,
11.800389999999974,,,0.0
11.800389999999975,0.0,0.0,
11.900389999999973,,,0.0
11.900389999999975,0.0,0.0,
12.000389999999973,,,0.0
12.000389999999975,0.0,0.0,
12.100389999999972,,,0.0
12.100389999999974,0.0,0.0,
12.200389999999972,,,0.0
12.200389999999974,0.0,0.0,
12.300389999999972,,,0.0
12.300389999999974,0.0,0.0,
12.400389999999971,,,0.0
12.400389999999973,0.0,0.0,
12.500389999999971,,,0.0
12.500389999999973,0.0,0.0,
12.60038999999997,,,0.0
12.600389999999972,0.0,0.0,
12.70038999999997,,,0.0
12.700389999999972,0.0,0.0,
12.80038999999997,,,0.0
12.800389999999972,0.0,0.0,
12.90038999999997,,,0.0
12.900389999999971,0.0,0.0,
13.00038999999997,,,0.0
13.000389999999971,0.0,0.0,
13.100389999999969,,,0.0
13.10038999999997,0.0,0.0,
13.200389999999969,,,0.0
13.20038999999997,0.0,0.0,
13.300389999999968,,,0.0
13.30038999999997,0.0,0.0,
13.400389999999968,,,0.0
13.40038999999997,0.0,0.0,
13.500389999999967,,,0.0
13.50038999999997,0.0,0.0,
13.600389999999967,,,0.0
13.600389999999969,0.0,0.0,
13.700389999999967,,,0.0
13.700389999999969,0.0,0.0,
13.800389999999966,,,0.0
13.800389999999968,0.0,0.0,
13.900389999999966,,,0.0
13.900389999999968,0.0,0.0,
14.000389999999966,,,0.0
14.000389999999967,0.0,0.0,
14.100389999999965,,,0.0
14.100389999999967,0.0,0.0,
14.200389999999965,,,0.0
14.200389999999967,0.0,0.0,
14.300389999999965,,,0.0
14.300389999999966,0.0,0.0,
14.400389999999964,,,0.0
14.400389999999966,0.0,0.0,
14.500389999999964,,,0.0
14.500389999999966,0.0,0.0,
14.600389999999964,,,0.0
14.600389999999965,0.0,0.0,
14.700389999999963,,,0.0
14.700389999999965,0.0,0.0,
14.800389999999963,,,0.0
14.800389999999965,0.0,0.0,
14.900389999999962,,,0.0
14.900389999999964,0.0,0.0,
15.000389999999962,,,0.0
15.000389999999964,0.0,0.0,
15.100389999999962,,,0.0
15.100389999999964,0.0,0.0,
15.200389999999961,,,0.0
15.200389999999963,0.0,0.0,
15.300389999999961,,,0.0
15.300389999999963,0.0,0.0,
15.40038999999996,,,0.0
15.400389999999962,0.0,0.0,
15.50038999999996,,,0.0
15.500389999999962,0.0,0.0,
15.60038999999996,,,0.0
15.600389999999962,0.0,0.0,
15.70038999999996,,,0.0
15.700389999999961,0.0,0.0,
15.80038999999996,,,0.0
15.800389999999961,0.0,0.0,
15.900389999999959,,,0.0
15.90038999999996,0.0,0.0,
16.00038999999996,0.0,0.0,0.0
16.100389999999962,0.0,0.0,0.0
16.200389999999963,0.0,0.0,0.0
16.300389999999965,0.0,0.0,0.0
16.400389999999966,0.0,0.0,0.0
16.500389999999967,0.0,0.0,0.0
16.60038999999997,0.0,0.0,0.0
16.70038999999997,0.0,0.0,0.0
16.80038999999997,0.0,0.0,0.0
16.900389999999973,0.0,0.0,0.0
17.000389999999975,0.0,0.0,0.0
17.100389999999976,0.0,0.0,0.0
17.200389999999977,0.0,0.0,0.0
17.30038999999998,0.0,0.0,0.0
17.40038999999998,0.0,0.0,0.0
17.50038999999998,0.0,0.0,0.0
17.600389999999983,0.0,0.0,0.0
17.700389999999985,0.0,0.0,0.0
17.800389999999986,0.0,0.0,0.0
17.900389999999987,0.0,0.0,0.0
18.00038999999999,0.0,0.0,0.0
18.10038999999999,0.0,0.0,0.0
18.20038999999999,0.0,0.0,0.0
18.300389999999993,0.0,0.0,0.0
18.400389999999994,0.0,0.0,0.0
18.500389999999996,0.0,0.0,0.0
18.600389999999997,0.0,0.0,0.0
18.70039,0.0,0.0,0.0
18.80039,0.0,0.0,0.0
18.90039,0.0,0.0,0.0
19.000390000000003,0.0,0.0,0.0
19.100390000000004,0.0,0.0,0.0
19.200390000000006,0.0,0.0,0.0
19.300390000000007,0.0,0.0,0.0
19.40039000000001,0.0,0.0,0.0
19.50039000000001,0.0,0.0,0.0
19.60039000000001,0.0,0.0,0.0
19.700390000000013,0.0,0.0,0.0
19.800390000000014,0.0,0.0,0.0
19.900390000000016,0.0,0.0,0.0
20.000390000000017,0.0,0.0,0.0
20.10039000000002,0.0,0.0,0.0
20.20039000000002,0.0,0.0,0.0
20.30039000000002,0.0,0.0,0.0
20.400390000000023,0.0,0.0,0.0
20.500390000000024,0.0,0.0,0.0
20.600390000000026,0.0,0.0,0.0
20.700390000000027,0.0,0.0,0.0
20.80039000000003,0.0,0.0,0.0
20.90039000000003,0.0,0.0,0.0
21.00039000000003,0.0,0.0,0.0
21.100390000000033,0.0,0.0,0.0
21.200390000000034,0.0,0.0,0.0
21.300390000000036,0.0,0.0,0.0
21.400390000000037,0.0,0.0,0.0
21.50039000000004,0.0,0.0,0.0
21.60039000000004,0.0,0.0,0.0
21.70039000000004,0.0,0.0,0.0
21.800390000000043,0.0,0.0,0.0
21.900390000000044,0.0,0.0,0.0
22.000390000000046,0.0,0.0,0.0
22.100390000000047,0.0,0.0,0.0
22.20039000000005,0.0,0.0,0.0
22.30039000000005,0.0,0.0,0.0
22.40039000000005,0.0,0.0,0.0
22.500390000000053,0.0,0.0,0.0
22.600390000000054,0.0,0.0,0.0
22.700390000000056,0.0,0.0,0.0
22.800390000000057,0.0,0.0,0.0
22.90039000000006,0.0,0.0,0.0
23.00039000000006,0.0,0.0,0.0
23.10039000000006,0.0,0.0,0.0
23.200390000000063,0.0,0.0,0.0
23.300390000000064,0.0,0.0,0.0
23.400390000000066,0.0,0.0,0.0
23.500390000000067,0.0,0.0,0.0
23.60039000000007,0.0,0.0,0.0
23.70039000000007,0.0,0.0,0.0
23.80039000000007,0.0,0.0,0.0
23.900390000000073,0.0,0.0,0.0
24.000390000000074,0.0,0.0,0.0
24.100390000000075,0.0,0.0,0.0
24.200390000000077,0.0,0.0,0.0
24.30039000000008,0.0,0.0,0.0
24.40039000000008,0.0,0.0,0.0
24.50039000000008,0.0,0.0,0.0
24.600390000000083,0.0,0.0,0.0
24.700390000000084,0.0,0.0,0.0
24.800390000000085,0.0,0.0,0.0
24.900390000000087,0.0,0.0,0.0
25.00039000000009,0.0,0.0,0.0
25.10039000000009,0.0,0.0,0.0
25.20039000000009,0.0,0.0,0.0
25.300390000000093,0.0,0.0,0.0
25.400390000000094,0.0,0.0,0.0
25.500390000000095,0.0,0.0,0.0
25.600390000000097,0.0,0.0,0.0
25.700390000000098,0.0,0.0,0.0
25.8003900000001,0.0,0.0,0.0
25.9003900000001,0.0,0.0,0.0
26.000390000000102,0.0,0.0,0.0
26.100390000000104,0.0,0.0,0.0
26.200390000000105,0.0,0.0,0.0
26.300390000000107,0.0,0.0,0.0
26.400390000000108,0.0,0.0,0.0
26.50039000000011,0.0,0.0,0.0
26.60039000000011,0.0,0.0,0.0
26.700390000000112,0.0,0.0,0.0
26.800390000000114,0.0,0.0,0.0
26.900390000000115,0.0,0.0,0.0
27.000390000000117,0.0,0.0,0.0
27.100390000000118,0.0,0.0,0.0
27.20039000000012,0.0,0.0,0.0
27.30039000000012,0.0,0.0,0.0
27.400390000000122,0.0,0.0,0.0
27.500390000000124,0.0,0.0,0.0
27.600390000000125,0.0,0.0,0.0
27.700390000000127,0.0,0.0,0.0
27.800390000000128,0.0,0.0,0.0
27.90039000000013,0.0,0.0,0.0
28.00039000000013,0.0,0.0,0.0
28.100390000000132,0.0,0.0,0.0
28.200390000000134,0.0,0.0,0.0
28.300390000000135,0.0,0.0,0.0
28.400390000000137,0.0,0.0,0.0
28.500390000000138,0.0,0.0,0.0
28.60039000000014,0.0,0.0,0.0
28.70039000000014,0.0,0.0,0.0
28.800390000000142,0.0,0.0,0.0
28.900390000000144,0.0,0.0,0.0
29.000390000000145,0.0,0.0,0.0
29.100390000000147,0.0,0.0,0.0
29.200390000000148,0.0,0.0,0.0
29.30039000000015,0.0,0.0,0.0
29.40039000000015,0.0,0.0,0.0
29.500390000000152,0.0,0.0,0.0
29.600390000000154,0.0,0.0,0.0
29.700390000000155,0.0,0.0,0.0
29.800390000000156,0.0,0.0,0.0
29.900390000000158,0.0,0.0,0.0
30.00039000000016,0.0,0.0,0.0
30.10039000000016,0.0,0.0,0.0
30.200390000000162,0.0,0.0,0.0
30.300390000000164,0.0,0.0,0.0
30.400390000000165,0.0,0.0,0.0
30.500390000000166,0.0,0.0,0.0
30.600390000000168,0.0,0.0,0.0
30.70039000000017,0.0,0.0,0.0
30.80039000000017,0.0,0.0,0.0
30.900390000000172,0.0,0.0,0.0
31.000390000000174,0.0,0.0,0.0
31.100390000000175,0.0,0.0,0.0
31.200390000000176,0.0,0.0,0.0
31.300390000000178,0.0,0.0,0.0
31.40039000000018,0.0,0.0,0.0
31.50039000000018,0.0,0.0,0.0
31.600390000000182,0.0,0.0,0.0
31.700390000000183,0.0,0.0,0.0
31.800390000000185,0.0,0.0,0.0
31.900390000000186,0.0,0.0,0.0
32.00039000000019,0.0,0.0,0.0
32.10039000000019,0.0,0.0,0.0
32.20039000000019,0.0,0.0,0.0
32.30039000000019,0.0,0.0,0.0
32.40039000000019,0.0,0.0,0.0
32.500390000000195,0.0,0.0,0.0
32.600390000000196,0.0,0.0,0.0
32.7003900000002,0.0,0.0,0.0
32.8003900000002,0.0,0.0,0.0
32.9003900000002,0.0,0.0,0.0
33.0003900000002,0.0,0.0,0.0
33.1003900000002,0.0,0.0,0.0
33.200390000000205,0.0,0.0,0.0
33.300390000000206,0.0,0.0,0.0
33.40039000000021,0.0,0.0,0.0
33.50039000000021,0.0,0.0,0.0
33.60039000000021,0.0,0.0,0.0
33.70039000000021,0.0,0.0,0.0
33.80039000000021,0.0,0.0,0.0
33.900390000000215,0.0,0.0,0.0
34.000390000000216,0.0,0.0,0.0
34.10039000000022,0.0,0.0,0.0
34.20039000000022,0.0,0.0,0.0
34.30039000000022,0.0,0.0,0.0
34.40039000000022,0.0,0.0,0.0
34.50039000000022,0.0,0.0,0.0
34.600390000000225,0.0,0.0,0.0
34.700390000000226,0.0,0.0,0.0
34.80039000000023,0.0,0.0,0.0
34.90039000000023,0.0,0.0,0.0
35.00039000000023,0.0,0.0,0.0
35.10039000000023,0.0,0.0,0.0
35.20039000000023,0.0,0.0,0.0
35.300390000000235,0.0,0.0,0.0
35.400390000000236,0.0,0.0,0.0
35.50039000000024,0.0,0.0,0.0
35.60039000000024,0.0,0.0,0.0
35.70039000000024,0.0,0.0,0.0
35.80039000000024,0.0,0.0,0.0
35.90039000000024,0.0,0.0,0.0
36.000390000000245,0.0,0.0,0.0
36.100390000000246,0.0,0.0,0.0
36.20039000000025,0.0,0.0,0.0
36.30039000000025,0.0,0.0,0.0
36.40039000000025,0.0,0.0,0.0
36.50039000000025,0.0,0.0,0.0
36.60039000000025,0.0,0.0,0.0
36.700390000000255,0.0,0.0,0.0
36.800390000000256,0.0,0.0,0.0
36.90039000000026,0.0,0.0,0.0
37.00039000000026,0.0,0.0,0.0
37.10039000000026,0.0,0.0,0.0
37.20039000000026,0.0,0.0,0.0
37.30039000000026,0.0,0.0,0.0
37.400390000000264,0.0,0.0,0.0
37.500390000000266,0.0,0.0,0.0
37.60039000000027,0.0,0.0,0.0
37.70039000000027,0.0,0.0,0.0
37.80039000000027,0.0,0.0,0.0
37.90039000000027,0.0,0.0,0.0
38.00039000000027,0.0,0.0,0.0
38.100390000000274,0.0,0.0,0.0
38.200390000000276,0.0,0.0,0.0
38.30039000000028,0.0,0.0,0.0
38.40039000000028,0.0,0.0,0.0
38.50039000000028,0.0,0.0,0.0
38.60039000000028,0.0,0.0,0.0
38.70039000000028,0.0,0.0,0.0
38.800390000000284,0.0,0.0,0.0
38.900390000000286,0.0,0.0,0.0
39.00039000000029,0.0,0.0,0.0
39.10039000000029,0.0,0.0,0.0
39.20039000000029,0.0,0.0,0.0
39.30039000000029,0.0,0.0,0.0
39.40039000000029,0.0,0.0,0.0
39.500390000000294,0.0,0.0,0.0
39.600390000000296,0.0,0.0,0.0
39.7003900000003,0.0,0.0,0.0
39.8003900000003,0.0,0.0,0.0
39.9003900000003,0.0,0.0,0.0
40.0003900000003,0.0,0.0,0.0
40.1003900000003,0.0,0.0,0.0
40.200390000000304,0.0,0.0,0.0
40.300390000000306,0.0,0.0,0.0
40.40039000000031,0.0,0.0,0.0
40.50039000000031,0.0,0.0,0.0
40.60039000000031,0.0,0.0,0.0
40.70039000000031,0.0,0.0,0.0
40.80039000000031,0.0,0.0,0.0
40.900390000000314,0.0,0.0,0.0
41.000390000000316,0.0,0.0,0.0
41.10039000000032,0.0,0.0,0.0
41.20039000000032,0.0,0.0,0.0
41.30039000000032,0.0,0.0,0.0
41.40039000000032,0.0,0.0,0.0
41.50039000000032,0.0,0.0,0.0
41.600390000000324,0.0,0.0,0.0
41.700390000000326,0.0,0.0,0.0
41.80039000000033,0.0,0.0,0.0
41.90039000000033,0.0,0.0,0.0
42.00039000000033,0.0,0.0,0.0
42.10039000000033,0.0,0.0,0.0
42.20039000000033,0.0,0.0,0.0
42.300390000000334,0.0,0.0,0.0
42.400390000000336,0.0,0.0,0.0
42.50039000000034,0.0,0.0,0.0
42.60039000000034,0.0,0.0,0.0
42.70039000000034,0.0,0.0,0.0
42.80039000000034,0.0,0.0,0.0
42.90039000000034,0.0,0.0,0.0
43.000390000000344,0.0,0.0,0.0
43.100390000000345,0.0,0.0,0.0
43.20039000000035,0.0,0.0,0.0
43.30039000000035,0.0,0.0,0.0
43.40039000000035,0.0,0.0,0.0
43.50039000000035,0.0,0.0,0.0
43.60039000000035,0.0,0.0,0.0
43.700390000000354,0.0,0.0,0.0
43.800390000000355,0.0,0.0,0.0
43.90039000000036,0.0,0.0,0.0
44.00039000000036,0.0,0.0,0.0
44.10039000000036,0.0,0.0,0.0
44.20039000000036,0.0,0.0,0.0
44.30039000000036,0.0,0.0,0.0
44.400390000000364,0.0,0.0,0.0
44.500390000000365,0.0,0.0,0.0
44.60039000000037,0.0,0.0,0.0
44.70039000000037,0.0,0.0,0.0
44.80039000000037,0.0,0.0,0.0
44.90039000000037,0.0,0.0,0.0
45.00039000000037,0.0,0.0,0.0
45.100390000000374,0.0,0.0,0.0
45.200390000000375,0.0,0.0,0.0
45.30039000000038,0.0,0.0,0.0
45.40039000000038,0.0,0.0,0.0
45.50039000000038,0.0,0.0,0.0
45.60039000000038,0.0,0.0,0.0
45.70039000000038,0.0,0.0,0.0
45.800390000000384,0.0,0.0,0.0
45.900390000000385,0.0,0.0,0.0
46.00039000000039,0.0,0.0,0.0
46.10039000000039,0.0,0.0,0.0
46.20039000000039,0.0,0.0,0.0
46.30039000000039,0.0,0.0,0.0
46.40039000000039,0.0,0.0,0.0
46.500390000000394,0.0,0.0,0.0
46.600390000000395,0.0,0.0,0.0
46.7003900000004,0.0,0.0,0.0
46.8003900000004,0.0,0.0,0.0
46.9003900000004,0.0,0.0,0.0
47.0003900000004,0.0,0.0,0.0
47.1003900000004,0.0,0.0,0.0
47.200390000000404,0.0,0.0,0.0
47.300390000000405,0.0,0.0,0.0
47.40039000000041,0.0,0.0,0.0
47.50039000000041,0.0,0.0,0.0
47.60039000000041,0.0,0.0,0.0
47.70039000000041,0.0,0.0,0.0
47.80039000000041,0.0,0.0,0.0
47.900390000000414,0.0,0.0,0.0
48.000390000000415,0.0,0.0,0.0
48.10039000000042,0.0,0.0,0.0
48.20039000000042,0.0,0.0,0.0
48.30039000000042,0.0,0.0,0.0
48.40039000000042,0.0,0.0,0.0
48.50039000000042,0.0,0.0,0.0
48.600390000000424,0.0,0.0,0.0
48.700390000000425,0.0,0.0,0.0
48.80039000000043,0.0,0.0,0.0
48.90039000000043,0.0,0.0,0.0
49.00039000000043,0.0,0.0,0.0
49.10039000000043,0.0,0.0,0.0
49.20039000000043,0.0,0.0,0.0
49.300390000000434,0.0,0.0,0.0
49.400390000000435,0.0,0.0,0.0
49.500390000000436,0.0,0.0,0.0
49.60039000000044,0.0,0.0,0.0
49.70039000000044,0.0,0.0,0.0
49.80039000000044,0.0,0.0,0.0
49.90039000000044,0.0,0.0,0.0
50.00039000000044,0.0,0.0,0.0
50.100390000000445,0.0,0.0,0.0
50.200390000000446,0.0,0.0,0.0
50.30039000000045,0.0,0.0,0.0
50.40039000000045,0.0,0.0,0.0
50.50039000000045,0.0,0.0,0.0
50.60039000000045,0.0,0.0,0.0
50.70039000000045,0.0,0.0,0.0
50.800390000000455,0.0,0.0,0.0
50.900390000000456,0.0,0.0,0.0
51.00039000000046,0.0,0.0,0.0
51.10039000000046,0.0,0.0,0.0
51.20039000000046,0.0,0.0,0.0
51.30039000000046,0.0,0.0,0.0
51.40039000000046,0.0,0.0,0.0
51.500390000000465,0.0,0.0,0.0
51.600390000000466,0.0,0.0,0.0
51.70039000000047,0.0,0.0,0.0
51.80039000000047,0.0,0.0,0.0
51.90039000000047,0.0,0.0,0.0
52.00039000000047,0.0,0.0,0.0
52.10039000000047,0.0,0.0,0.0
52.200390000000475,0.0,0.0,0.0
52.300390000000476,0.0,0.0,0.0
52.40039000000048,0.0,0.0,0.0
52.50039000000048,0.0,0.0,0.0
52.60039000000048,0.0,0.0,0.0
52.70039000000048,0.0,0.0,0.0
52.80039000000048,0.0,0.0,0.0
52.900390000000485,0.0,0.0,0.0
53.000390000000486,0.0,0.0,0.0
53.10039000000049,0.0,0.0,0.0
53.20039000000049,0.0,0.0,0.0
53.30039000000049,0.0,0.0,0.0
53.40039000000049,0.0,0.0,0.0
53.50039000000049,0.0,0.0,0.0
53.600390000000495,0.0,0.0,0.0
53.700390000000496,0.0,0.0,0.0
53.8003900000005,0.0,0.0,0.0
53.9003900000005,0.0,0.0,0.0
54.0003900000005,0.0,0.0,0.0
54.1003900000005,0.0,0.0,0.0
54.2003900000005,0.0,0.0,0.0
54.300390000000505,0.0,0.0,0.0
54.400390000000506,0.0,0.0,0.0
54.50039000000051,0.0,0.0,0.0
54.60039000000051,0.0,0.0,0.0
54.70039000000051,0.0,0.0,0.0
54.80039000000051,0.0,0.0,0.0
54.90039000000051,0.0,0.0,0.0
55.000390000000515,0.0,0.0,0.0
55.100390000000516,0.0,0.0,0.0
55.20039000000052,0.0,0.0,0.0
55.30039000000052,0.0,0.0,0.0
55.40039000000052,0.0,0.0,0.0
55.50039000000052,0.0,0.0,0.0
55.60039000000052,0.0,0.0,0.0
55.700390000000525,0.0,0.0,0.0
55.800390000000526,0.0,0.0,0.0
55.90039000000053,0.0,0.0,0.0
56.00039000000053,0.0,0.0,0.0
56.10039000000053,0.0,0.0,0.0
56.20039000000053,0.0,0.0,0.0
56.30039000000053,0.0,0.0,0.0
56.400390000000534,0.0,0.0,0.0
56.500390000000536,0.0,0.0,0.0
56.60039000000054,0.0,0.0,0.0
56.70039000000054,0.0,0.0,0.0
56.80039000000054,0.0,0.0,0.0
56.90039000000054,0.0,0.0,0.0
57.00039000000054,0.0,0.0,0.0
57.100390000000544,0.0,0.0,0.0
57.200390000000546,0.0,0.0,0.0
57.30039000000055,0.0,0.0,0.0
57.40039000000055,0.0,0.0,0.0
57.50039000000055,0.0,0.0,0.0
57.60039000000055,0.0,0.0,0.0
57.70039000000055,0.0,0.0,0.0
57.800390000000554,0.0,0.0,0.0
57.900390000000556,0.0,0.0,0.0
58.00039000000056,0.0,0.0,0.0
58.10039000000056,0.0,0.0,0.0
58.20039000000056,0.0,0.0,0.0
58.30039000000056,0.0,0.0,0.0
58.40039000000056,0.0,0.0,0.0
58.500390000000564,0.0,0.0,0.0
58.600390000000566,0.0,0.0,0.0
58.70039000000057,0.0,0.0,0.0
58.80039000000057,0.0,0.0,0.0
58.90039000000057,0.0,0.0,0.0
59.00039000000057,0.0,0.0,0.0
59.10039000000057,0.0,0.0,0.0
59.200390000000574,0.0,0.0,0.0
59.300390000000576,0.0,0.0,0.0
59.40039000000058,0.0,0.0,0.0
59.50039000000058,0.0,0.0,0.0
59.60039000000058,0.0,0.0,0.0
59.70039000000058,0.0,0.0,0.0
59.80039000000058,0.0,0.0,0.0
59.900390000000584,0.0,0.0,0.0
60.000390000000586,0.0,0.0,0.0
60.10039000000059,0.0,0.0,0.0
60.20039000000059,0.0,0.0,0.0
60.30039000000059,0.0,0.0,0.0
60.40039000000059,0.0,0.0,0.0
60.50039000000059,0.0,0.0,0.0
60.600390000000594,0.0,0.0,0.0
60.700390000000596,0.0,0.0,0.0
60.8003900000006,0.0,0.0,0.0
60.9003900000006,0.0,0.0,0.0
61.0003900000006,0.0,0.0,0.0
61.1003900000006,0.0,0.0,0.0
61.2003900000006,0.0,0.0,0.0
61.300390000000604,0.0,0.0,0.0
61.400390000000606,0.0,0.0,0.0
61.50039000000061,0.0,0.0,0.0
61.60039000000061,0.0,0.0,0.0
61.70039000000061,0.0,0.0,0.0
61.80039000000061,0.0,0.0,0.0
61.90039000000061,0.0,0.0,0.0
62.000390000000614,0.0,0.0,0.0
62.100390000000615,0.0,0.0,0.0
62.20039000000062,0.0,0.0,0.0
62.30039000000062,0.0,0.0,0.0
62.40039000000062,0.0,0.0,0.0
62.50039000000062,0.0,0.0,0.0
62.60039000000062,0.0,0.0,0.0
62.700390000000624,0.0,0.0,0.0
62.800390000000625,0.0,0.0,0.0
62.90039000000063,0.0,0.0,0.0
63.00039000000063,0.0,0.0,0.0
63.10039000000063,0.0,0.0,0.0
63.20039000000063,0.0,0.0,0.0
63.30039000000063,0.0,0.0,0.0
63.400390000000634,0.0,0.0,0.0
63.500390000000635,0.0,0.0,0.0
63.60039000000064,0.0,0.0,0.0
63.70039000000064,0.0,0.0,0.0
63.80039000000064,0.0,0.0,0.0
63.90039000000064,0.0,0.0,0.0
64.00039000000064,0.0,0.0,0.0
64.10039000000063,0.0,0.0,0.0
64.20039000000062,0.0,0.0,0.0
64.30039000000062,0.0,0.0,0.0
64.40039000000061,0.0,0.0,0.0
64.5003900000006,0.0,0.0,0.0
64.6003900000006,0.0,0.0,0.0
64.7003900000006,0.0,0.0,0.0
64.80039000000059,0.0,0.0,0.0
64.90039000000058,0.0,0.0,0.0
65.00039000000058,0.0,0.0,0.0
65.10039000000057,0.0,0.0,0.0
65.20039000000057,0.0,0.0,0.0
65.30039000000056,0.0,0.0,0.0
65.40039000000056,0.0,0.0,0.0
65.50039000000055,0.0,0.0,0.0
65.60039000000054,0.0,0.0,0.0
65.70039000000054,0.0,0.0,0.0
65.80039000000053,0.0,0.0,0.0
65.90039000000053,0.0,0.0,0.0
66.00039000000052,0.0,0.0,0.0
66.10039000000052,0.0,0.0,0.0
66.20039000000051,0.0,0.0,0.0
66.3003900000005,0.0,0.0,0.0
66.4003900000005,0.0,0.0,0.0
66.5003900000005,0.0,0.0,0.0
66.60039000000049,0.0,0.0,0.0
66.70039000000048,0.0,0.0,0.0
66.80039000000048,0.0,0.0,0.0
66.90039000000047,0.0,0.0,0.0
67.00039000000046,0.0,0.0,0.0
67.10039000000046,0.0,0.0,0.0
67.20039000000045,0.0,0.0,0.0
67.30039000000045,0.0,0.0,0.0
67.40039000000044,0.0,0.0,0.0
67.50039000000044,0.0,0.0,0.0
67.60039000000043,0.0,0.0,0.0
67.70039000000043,0.0,0.0,0.0
67.80039000000042,0.0,0.0,0.0
67.90039000000041,0.0,0.0,0.0
68.00039000000041,0.0,0.0,0.0
68.1003900000004,0.0,0.0,0.0
68.2003900000004,0.0,0.0,0.0
68.30039000000039,0.0,0.0,0.0
68.40039000000039,0.0,0.0,0.0
68.50039000000038,0.0,0.0,0.0
68.60039000000037,0.0,0.0,0.0
68.70039000000037,0.0,0.0,0.0
68.80039000000036,0.0,0.0,0.0
68.90039000000036,0.0,0.0,0.0
69.00039000000035,0.0,0.0,0.0
69.10039000000035,0.0,0.0,0.0
69.20039000000034,0.0,0.0,0.0
69.30039000000033,0.0,0.0,0.0
69.40039000000033,0.0,0.0,0.0
69.50039000000032,0.0,0.0,0.0
69.60039000000032,0.0,0.0,0.0
69.70039000000031,0.0,0.0,0.0
69.8003900000003,0.0,0.0,0.0
69.9003900000003,0.0,0.0,0.0
70.0003900000003,0.0,0.0,0.0
70.10039000000029,0.0,0.0,0.0
70.20039000000028,0.0,0.0,0.0
70.30039000000028,0.0,0.0,0.0
70.40039000000027,0.0,0.0,0.0
70.50039000000027,0.0,0.0,0.0
70.60039000000026,0.0,0.0,0.0
70.70039000000025,0.0,0.0,0.0
70.80039000000025,0.0,0.0,0.0
70.90039000000024,0.0,0.0,0.0
71.00039000000024,0.0,0.0,0.0
71.10039000000023,0.0,0.0,0.0
71.20039000000023,0.0,0.0,0.0
71.30039000000022,0.0,0.0,0.0
71.40039000000021,0.0,0.0,0.0
71.50039000000021,0.0,0.0,0.0
71.6003900000002,0.0,0.0,0.0
71.7003900000002,0.0,0.0,0.0
71.80039000000019,0.0,0.0,0.0
71.90039000000019,0.0,0.0,0.0
72.00039000000018,0.0,0.0,0.0
72.10039000000017,0.0,0.0,0.0
72.20039000000017,0.0,0.0,0.0
72.30039000000016,0.0,0.0,0.0
72.40039000000016,0.0,0.0,0.0
72.50039000000015,0.0,0.0,0.0
72.60039000000015,0.0,0.0,0.0
72.70039000000014,0.0,0.0,0.0
72.80039000000014,0.0,0.0,0.0
72.90039000000013,0.0,0.0,0.0
73.00039000000012,0.0,0.0,0.0
73.10039000000012,0.0,0.0,0.0
73.20039000000011,0.0,0.0,0.0
73.3003900000001,0.0,0.0,0.0
73.4003900000001,0.0,0.0,0.0
73.5003900000001,0.0,0.0,0.0
73.60039000000009,0.0,0.0,0.0
73.70039000000008,0.0,0.0,0.0
73.80039000000008,0.0,0.0,0.0
73.90039000000007,0.0,0.0,0.0
74.00039000000007,0.0,0.0,0.0
74.10039000000006,0.0,0.0,0.0
74.20039000000006,0.0,0.0,0.0
74.30039000000005,0.0,0.0,0.0
74.40039000000004,0.0,0.0,0.0
74.50039000000004,0.0,0.0,0.0
74.60039000000003,0.0,0.0,0.0
74.70039000000003,0.0,0.0,0.0
74.80039000000002,0.0,0.0,0.0
74.90039000000002,0.0,0.0,0.0
75.00039000000001,0.0,0.0,0.0
75.10039,0.0,0.0,0.0
75.20039,0.0,0.0,0.0
75.30039,0.0,0.0,0.0
75.40038999999999,0.0,0.0,0.0
75.50038999999998,0.0,0.0,0.0
75.60038999999998,0.0,0.0,0.0
75.70038999999997,0.0,0.0,0.0
75.80038999999996,0.0,0.0,0.0
75.90038999999996,0.0,0.0,0.0
76.00038999999995,0.0,0.0,0.0
76.10038999999995,0.0,0.0,0.0
76.20038999999994,0.0,0.0,0.0
76.30038999999994,0.0,0.0,0.0
76.40038999999993,0.0,0.0,0.0
76.50038999999992,0.0,0.0,0.0
76.60038999999992,0.0,0.0,0.0
76.70038999999991,0.0,0.0,0.0
76.80038999999991,0.0,0.0,0.0
76.9003899999999,0.0,0.0,0.0
77.0003899999999,0.0,0.0,0.0
77.10038999999989,0.0,0.0,0.0
77.20038999999989,0.0,0.0,0.0
77.30038999999988,0.0,0.0,0.0
77.40038999999987,0.0,0.0,0.0
77.50038999999987,0.0,0.0,0.0
77.60038999999986,0.0,0.0,0.0
77.70038999999986,0.0,0.0,0.0
77.80038999999985,0.0,0.0,0.0
77.90038999999985,0.0,0.0,0.0
78.00038999999984,0.0,0.0,0.0
78.10038999999983,0.0,0.0,0.0
78.20038999999983,0.0,0.0,0.0
78.30038999999982,0.0,0.0,0.0
78.40038999999982,0.0,0.0,0.0
78.50038999999981,0.0,0.0,0.0
78.6003899999998,0.0,0.0,0.0
78.7003899999998,0.0,0.0,0.0
78.8003899999998,0.0,0.0,0.0
78.90038999999979,0.0,0.0,0.0
79.00038999999978,0.0,0.0,0.0
79.10038999999978,0.0,0.0,0.0
79.20038999999977,0.0,0.0,0.0
79.30038999999977,0.0,0.0,0.0
79.40038999999976,0.0,0.0,0.0
79.50038999999975,0.0,0.0,0.0
79.60038999999975,0.0,0.0,0.0
79.70038999999974,0.0,0.0,0.0
79.80038999999974,0.0,0.0,0.0
79.90038999999973,0.0,0.0,0.0
80.00038999999973,0.0,0.0,0.0
80.10038999999972,0.0,0.0,0.0
80.20038999999971,0.0,0.0,0.0
80.30038999999971,0.0,0.0,0.0
80.4003899999997,0.0,0.0,0.0
80.5003899999997,0.0,0.0,0.0
80.60038999999969,0.0,0.0,0.0
80.70038999999969,0.0,0.0,0.0
80.80038999999968,0.0,0.0,0.0
80.90038999999967,0.0,0.0,0.0
81.00038999999967,0.0,0.0,0.0
81.10038999999966,0.0,0.0,0.0
81.20038999999966,0.0,0.0,0.0
81.30038999999965,0.0,0.0,0.0
81.40038999999965,0.0,0.0,0.0
81.50038999999964,0.0,0.0,0.0
81.60038999999963,0.0,0.0,0.0
81.70038999999963,0.0,0.0,0.0
81.80038999999962,0.0,0.0,0.0
81.90038999999962,0.0,0.0,0.0
82.00038999999961,0.0,0.0,0.0
82.1003899999996,0.0,0.0,0.0
82.2003899999996,0.0,0.0,0.0
82.3003899999996,0.0,0.0,0.0
82.40038999999959,0.0,0.0,0.0
82.50038999999958,0.0,0.0,0.0
82.60038999999958,0.0,0.0,0.0
82.70038999999957,0.0,0.0,0.0
82.80038999999957,0.0,0.0,0.0
82.90038999999956,0.0,0.0,0.0
83.00038999999956,0.0,0.0,0.0
83.10038999999955,0.0,0.0,0.0
83.20038999999954,0.0,0.0,0.0
83.30038999999954,0.0,0.0,0.0
83.40038999999953,0.0,0.0,0.0
83.50038999999953,0.0,0.0,0.0
83.60038999999952,0.0,0.0,0.0
83.70038999999952,0.0,0.0,0.0
83.80038999999951,0.0,0.0,0.0
83.9003899999995,0.0,0.0,0.0
84.0003899999995,0.0,0.0,0.0
84.10038999999949,0.0,0.0,0.0
84.20038999999949,0.0,0.0,0.0
84.30038999999948,0.0,0.0,0.0
84.40038999999948,0.0,0.0,0.0
84.50038999999947,0.0,0.0,0.0
84.60038999999946,0.0,0.0,0.0
84.70038999999946,0.0,0.0,0.0
84.80038999999945,0.0,0.0,0.0
84.90038999999945,0.0,0.0,0.0
85.00038999999944,0.0,0.0,0.0
85.10038999999944,0.0,0.0,0.0
85.20038999999943,0.0,0.0,0.0
85.30038999999942,0.0,0.0,0.0
85.40038999999942,0.0,0.0,0.0
85.50038999999941,0.0,0.0,0.0
85.60038999999941,0.0,0.0,0.0
85.7003899999994,0.0,0.0,0.0
85.8003899999994,0.0,0.0,0.0
85.90038999999939,0.0,0.0,0.0
86.00038999999938,0.0,0.0,0.0
86.10038999999938,0.0,0.0,0.0
86.20038999999937,0.0,0.0,0.0
86.30038999999937,0.0,0.0,0.0
86.40038999999936,0.0,0.0,0.0
86.50038999999936,0.0,0.0,0.0
86.60038999999935,0.0,0.0,0.0
86.70038999999935,0.0,0.0,0.0
86.80038999999934,0.0,0.0,0.0
86.90038999999933,0.0,0.0,0.0
87.00038999999933,0.0,0.0,0.0
87.10038999999932,0.0,0.0,0.0
87.20038999999932,0.0,0.0,0.0
87.30038999999931,0.0,0.0,0.0
87.4003899999993,0.0,0.0,0.0
87.5003899999993,0.0,0.0,0.0
87.6003899999993,0.0,0.0,0.0
87.70038999999929,0.0,0.0,0.0
87.80038999999928,0.0,0.0,0.0
87.90038999999928,0.0,0.0,0.0
88.00038999999927,0.0,0.0,0.0
88.10038999999927,0.0,0.0,0.0
88.20038999999926,0.0,0.0,0.0
88.30038999999925,0.0,0.0,0.0
88.40038999999925,0.0,0.0,0.0
88.50038999999924,0.0,0.0,0.0
88.60038999999924,0.0,0.0,0.0
88.70038999999923,0.0,0.0,0.0
88.80038999999923,0.0,0.0,0.0
88.90038999999922,0.0,0.0,0.0
89.00038999999921,0.0,0.0,0.0
89.10038999999921,0.0,0.0,0.0
89.2003899999992,0.0,0.0,0.0
89.3003899999992,0.0,0.0,0.0
89.40038999999919,0.0,0.0,0.0
89.50038999999919,0.0,0.0,0.0
89.60038999999918,0.0,0.0,0.0
89.70038999999917,0.0,0.0,0.0
89.80038999999917,0.0,0.0,0.0
89.90038999999916,0.0,0.0,0.0
90.00038999999916,0.0,0.0,0.0
90.10038999999915,0.0,0.0,0.0
90.20038999999915,0.0,0.0,0.0
90.30038999999914,0.0,0.0,0.0
90.40038999999913,0.0,0.0,0.0
90.50038999999913,0.0,0.0,0.0
90.60038999999912,0.0,0.0,0.0
90.70038999999912,0.0,0.0,0.0
90.80038999999911,0.0,0.0,0.0
90.9003899999991,0.0,0.0,0.0
91.0003899999991,0.0,0.0,0.0
91.1003899999991,0.0,0.0,0.0
91.20038999999909,0.0,0.0,0.0
91.30038999999908,0.0,0.0,0.0
91.40038999999908,0.0,0.0,0.0
91.50038999999907,0.0,0.0,0.0
91.60038999999907,0.0,0.0,0.0
91.70038999999906,0.0,0.0,0.0
91.80038999999906,0.0,0.0,0.0
91.90038999999905,0.0,0.0,0.0
92.00038999999904,0.0,0.0,0.0
92.10038999999904,0.0,0.0,0.0
92.20038999999903,0.0,0.0,0.0
92.30038999999903,0.0,0.0,0.0
92.40038999999902,0.0,0.0,0.0
92.50038999999902,0.0,0.0,0.0
92.60038999999901,0.0,0.0,0.0
92.700389999999,0.0,0.0,0.0
92.800389999999,0.0,0.0,0.0
92.90038999999899,0.0,0.0,0.0
93.00038999999899,0.0,0.0,0.0
93.10038999999898,0.0,0.0,0.0
93.20038999999898,0.0,0.0,0.0
93.30038999999897,0.0,0.0,0.0
93.40038999999896,0.0,0.0,0.0
93.50038999999896,0.0,0.0,0.0
93.60038999999895,0.0,0.0,0.0
93.70038999999895,0.0,0.0,0.0
93.80038999999894,0.0,0.0,0.0
93.90038999999894,0.0,0.0,0.0
94.00038999999893,0.0,0.0,0.0
94.10038999999892,0.0,0.0,0.0
94.20038999999892,0.0,0.0,0.0
94.30038999999891,0.0,0.0,0.0
94.40038999999891,0.0,0.0,0.0
94.5003899999989,0.0,0.0,0.0
94.6003899999989,0.0,0.0,0.0
94.70038999999889,0.0,0.0,0.0
94.80038999999888,0.0,0.0,0.0
94.90038999999888,0.0,0.0,0.0
95.00038999999887,0.0,0.0,0.0
95.10038999999887,0.0,0.0,0.0
95.20038999999886,0.0,0.0,0.0
95.30038999999886,0.0,0.0,0.0
95.40038999999885,0.0,0.0,0.0
95.50038999999884,0.0,0.0,0.0
95.60038999999884,0.0,0.0,0.0
95.70038999999883,0.0,0.0,0.0
95.80038999999883,0.0,0.0,0.0
95.90038999999882,0.0,0.0,0.0
96.00038999999882,0.0,0.0,0.0
96.10038999999881,0.0,0.0,0.0
96.2003899999988,0.0,0.0,0.0
96.3003899999988,0.0,0.0,0.0
96.4003899999988,0.0,0.0,0.0
96.50038999999879,0.0,0.0,0.0
96.60038999999878,0.0,0.0,0.0
96.70038999999878,0.0,0.0,0.0
96.80038999999877,0.0,0.0,0.0
96.90038999999877,0.0,0.0,0.0
97.00038999999876,0.0,0.0,0.0
97.10038999999875,0.0,0.0,0.0
97.20038999999875,0.0,0.0,0.0
97.30038999999874,0.0,0.0,0.0
97.40038999999874,0.0,0.0,0.0
97.50038999999873,0.0,0.0,0.0
97.60038999999873,0.0,0.0,0.0
97.70038999999872,0.0,0.0,0.0
97.80038999999871,0.0,0.0,0.0
97.90038999999871,0.0,0.0,0.0
98.0003899999987,0.0,0.0,0.0
98.1003899999987,0.0,0.0,0.0
98.20038999999869,0.0,0.0,0.0
98.30038999999869,0.0,0.0,0.0
98.40038999999868,0.0,0.0,0.0
98.50038999999867,0.0,0.0,0.0
98.60038999999867,0.0,0.0,0.0
98.70038999999866,0.0,0.0,0.0
98.80038999999866,0.0,0.0,0.0
98.90038999999865,0.0,0.0,0.0
99.00038999999865,0.0,0.0,0.0
99.10038999999864,0.0,0.0,0.0
99.20038999999863,0.0,0.0,0.0
99.30038999999863,0.0,0.0,0.0
99.40038999999862,0.0,0.0,0.0
99.50038999999862,0.0,0.0,0.0
99.60038999999861,0.0,0.0,0.0
99.7003899999986,0.0,0.0,0.0
99.8003899999986,0.0,0.0,0.0
99.9003899999986,0.0,0.0,0.0
100.00038999999859,0.0,0.0,0.0
100.10038999999858,0.0,0.0,0.0
100.20038999999858,0.0,0.0,0.0
100.30038999999857,0.0,0.0,0.0
100.40038999999857,0.0,0.0,0.0
100.50038999999856,0.0,0.0,0.0
100.60038999999855,0.0,0.0,0.0
100.70038999999855,0.0,0.0,0.0
100.80038999999854,0.0,0.0,0.0
100.90038999999854,0.0,0.0,0.0
101.00038999999853,0.0,0.0,0.0
101.10038999999853,0.0,0.0,0.0
101.20038999999852,0.0,0.0,0.0
101.30038999999852,0.0,0.0,0.0
101.40038999999851,0.0,0.0,0.0
101.5003899999985,0.0,0.0,0.0
101.6003899999985,0.0,0.0,0.0
101.70038999999849,0.0,0.0,0.0
101.80038999999849,0.0,0.0,0.0
101.90038999999848,0.0,0.0,0.0
102.00038999999848,0.0,0.0,0.0
102.10038999999847,0.0,0.0,0.0
102.20038999999846,0.0,0.0,0.0
102.30038999999846,0.0,0.0,0.0
102.40038999999845,0.0,0.0,0.0
102.50038999999845,0.0,0.0,0.0
102.60038999999844,0.0,0.0,0.0
102.70038999999844,0.0,0.0,0.0
102.80038999999843,0.0,0.0,0.0
102.90038999999842,0.0,0.0,0.0
103.00038999999842,0.0,0.0,0.0
103.10038999999841,0.0,0.0,0.0
103.20038999999841,0.0,0.0,0.0
103.3003899999984,0.0,0.0,0.0
103.4003899999984,0.0,0.0,0.0
103.50038999999839,0.0,0.0,0.0
103.60038999999838,0.0,0.0,0.0
103.70038999999838,0.0,0.0,0.0
103.80038999999837,0.0,0.0,0.0
103.90038999999837,0.0,0.0,0.0
104.00038999999836,0.0,0.0,0.0
104.10038999999836,0.0,0.0,0.0
104.20038999999835,0.0,0.0,0.0
104.30038999999834,0.0,0.0,0.0
104.40038999999834,0.0,0.0,0.0
104.50038999999833,0.0,0.0,0.0
104.60038999999833,0.0,0.0,0.0
104.70038999999832,0.0,0.0,0.0
104.80038999999832,0.0,0.0,0.0
104.90038999999831,0.0,0.0,0.0
105.0003899999983,0.0,0.0,0.0
105.1003899999983,0.0,0.0,0.0
105.2003899999983,0.0,0.0,0.0
105.30038999999829,0.0,0.0,0.0
105.40038999999828,0.0,0.0,0.0
105.50038999999828,0.0,0.0,0.0
105.60038999999827,0.0,0.0,0.0
105.70038999999827,0.0,0.0,0.0
105.80038999999826,0.0,0.0,0.0
105.90038999999825,0.0,0.0,0.0
106.00038999999825,0.0,0.0,0.0
106.10038999999824,0.0,0.0,0.0
106.20038999999824,0.0,0.0,0.0
106.30038999999823,0.0,0.0,0.0
106.40038999999823,0.0,0.0,0.0
106.50038999999822,0.0,0.0,0.0
106.60038999999821,0.0,0.0,0.0
106.70038999999821,0.0,0.0,0.0
106.8003899999982,0.0,0.0,0.0
106.9003899999982,0.0,0.0,0.0
107.00038999999819,0.0,0.0,0.0
107.10038999999819,0.0,0.0,0.0
107.20038999999818,0.0,0.0,0.0
107.30038999999817,0.0,0.0,0.0
107.40038999999817,0.0,0.0,0.0
107.50038999999816,0.0,0.0,0.0
107.60038999999816,0.0,0.0,0.0
107.70038999999815,0.0,0.0,0.0
107.80038999999815,0.0,0.0,0.0
107.90038999999814,0.0,0.0,0.0
108.00038999999813,0.0,0.0,0.0
108.10038999999813,0.0,0.0,0.0
108.20038999999812,0.0,0.0,0.0
108.30038999999812,0.0,0.0,0.0
108.40038999999811,0.0,0.0,0.0
108.5003899999981,0.0,0.0,0.0
108.6003899999981,0.0,0.0,0.0
108.7003899999981,0.0,0.0,0.0
108.80038999999809,0.0,0.0,0.0
108.90038999999808,0.0,0.0,0.0
109.00038999999808,0.0,0.0,0.0
109.10038999999807,0.0,0.0,0.0
109.20038999999807,0.0,0.0,0.0
109.30038999999806,0.0,0.0,0.0
109.40038999999805,0.0,0.0,0.0
109.50038999999805,0.0,0.0,0.0
109.60038999999804,0.0,0.0,0.0
109.70038999999804,0.0,0.0,0.0
109.80038999999803,0.0,0.0,0.0
109.90038999999803,0.0,0.0,0.0
110.00038999999802,0.0,0.0,0.0
110.10038999999801,0.0,0.0,0.0
110.20038999999801,0.0,0.0,0.0
110.300389999998,0.0,0.0,0.0
110.400389999998,0.0,0.0,0.0
110.50038999999799,0.0,0.0,0.0
110.60038999999799,0.0,0.0,0.0
110.70038999999798,0.0,0.0,0.0
110.80038999999798,0.0,0.0,0.0
110.90038999999797,0.0,0.0,0.0
111.00038999999796,0.0,0.0,0.0
111.10038999999796,0.0,0.0,0.0
111.20038999999795,0.0,0.0,0.0
111.30038999999795,0.0,0.0,0.0
111.40038999999794,0.0,0.0,0.0
111.50038999999794,0.0,0.0,0.0
111.60038999999793,0.0,0.0,0.0
111.70038999999792,0.0,0.0,0.0
111.80038999999792,0.0,0.0,0.0
111.90038999999791,0.0,0.0,0.0
112.0003899999979,0.0,0.0,0.0
112.1003899999979,0.0,0.0,0.0
112.2003899999979,0.0,0.0,0.0
112.30038999999789,0.0,0.0,0.0
112.40038999999788,0.0,0.0,0.0
112.50038999999788,0.0,0.0,0.0
112.60038999999787,0.0,0.0,0.0
112.70038999999787,0.0,0.0,0.0
112.80038999999786,0.0,0.0,0.0
112.90038999999786,0.0,0.0,0.0
113.00038999999785,0.0,0.0,0.0
113.10038999999784,0.0,0.0,0.0
113.20038999999784,0.0,0.0,0.0
113.30038999999783,0.0,0.0,0.0
113.40038999999783,0.0,0.0,0.0
113.50038999999782,0.0,0.0,0.0
113.60038999999782,0.0,0.0,0.0
113.70038999999781,0.0,0.0,0.0
113.8003899999978,0.0,0.0,0.0
113.9003899999978,0.0,0.0,0.0
114.0003899999978,0.0,0.0,0.0
114.10038999999779,0.0,0.0,0.0
114.20038999999778,0.0,0.0,0.0
114.30038999999778,0.0,0.0,0.0
114.40038999999777,0.0,0.0,0.0
114.50038999999776,0.0,0.0,0.0
114.60038999999776,0.0,0.0,0.0
114.70038999999775,0.0,0.0,0.0
114.80038999999775,0.0,0.0,0.0
114.90038999999774,0.0,0.0,0.0
115.00038999999774,0.0,0.0,0.0
115.10038999999773,0.0,0.0,0.0
115.20038999999772,0.0,0.0,0.0
115.30038999999772,0.0,0.0,0.0
115.40038999999771,0.0,0.0,0.0
115.50038999999771,0.0,0.0,0.0
115.6003899999977,0.0,0.0,0.0
115.7003899999977,0.0,0.0,0.0
115.80038999999769,0.0,0.0,0.0
115.90038999999769,0.0,0.0,0.0
116.00038999999768,0.0,0.0,0.0
116.10038999999767,0.0,0.0,0.0
116.20038999999767,0.0,0.0,0.0
116.30038999999766,0.0,0.0,0.0
116.40038999999766,0.0,0.0,0.0
116.50038999999765,0.0,0.0,0.0
116.60038999999765,0.0,0.0,0.0
116.70038999999764,0.0,0.0,0.0
116.80038999999763,0.0,0.0,0.0
116.90038999999763,0.0,0.0,0.0
117.00038999999762,0.0,0.0,0.0
117.10038999999762,0.0,0.0,0.0
117.20038999999761,0.0,0.0,0.0
117.3003899999976,0.0,0.0,0.0
117.4003899999976,0.0,0.0,0.0
117.5003899999976,0.0,0.0,0.0
117.60038999999759,0.0,0.0,0.0
117.70038999999758,0.0,0.0,0.0
117.80038999999758,0.0,0.0,0.0
117.90038999999757,0.0,0.0,0.0
118.00038999999757,0.0,0.0,0.0
118.10038999999756,0.0,0.0,0.0
118.20038999999755,0.0,0.0,0.0
118.30038999999755,0.0,0.0,0.0
118.40038999999754,0.0,0.0,0.0
118.50038999999754,0.0,0.0,0.0
118.60038999999753,0.0,0.0,0.0
118.70038999999753,0.0,0.0,0.0
118.80038999999752,0.0,0.0,0.0
118.90038999999751,0.0,0.0,0.0
119.00038999999751,0.0,0.0,0.0
119.1003899999975,0.0,0.0,0.0
119.2003899999975,0.0,0.0,0.0
119.30038999999749,0.0,0.0,0.0
119.40038999999749,0.0,0.0,0.0
119.50038999999748,0.0,0.0,0.0
119.60038999999747,0.0,0.0,0.0
119.70038999999747,0.0,0.0,0.0
119.80038999999746,0.0,0.0,0.0
119.90038999999746,0.0,0.0,0.0
120.00038999999745,0.0,0.0,0.0
120.10038999999745,0.0,0.0,0.0
120.20038999999744,0.0,0.0,0.0
120.30038999999744,0.0,0.0,0.0
120.40038999999743,0.0,0.0,0.0
120.50038999999742,0.0,0.0,0.0
120.60038999999742,0.0,0.0,0.0
120.70038999999741,0.0,0.0,0.0
120.8003899999974,0.0,0.0,0.0
120.9003899999974,0.0,0.0,0.0
121.0003899999974,0.0,0.0,0.0
121.10038999999739,0.0,0.0,0.0
121.20038999999738,0.0,0.0,0.0
121.30038999999738,0.0,0.0,0.0
121.40038999999737,0.0,0.0,0.0
121.50038999999737,0.0,0.0,0.0
121.60038999999736,0.0,0.0,0.0
121.70038999999736,0.0,0.0,0.0
121.80038999999735,0.0,0.0,0.0
121.90038999999734,0.0,0.0,0.0
122.00038999999734,0.0,0.0,0.0
122.10038999999733,0.0,0.0,0.0
122.20038999999733,0.0,0.0,0.0
122.30038999999732,0.0,0.0,0.0
122.40038999999732,0.0,0.0,0.0
122.50038999999731,0.0,0.0,0.0
122.6003899999973,0.0,0.0,0.0
122.7003899999973,0.0,0.0,0.0
122.8003899999973,0.0,0.0,0.0
122.90038999999729,0.0,0.0,0.0
123.00038999999728,0.0,0.0,0.0
123.10038999999728,0.0,0.0,0.0
123.20038999999727,0.0,0.0,0.0
123.30038999999726,0.0,0.0,0.0
123.40038999999726,0.0,0.0,0.0
123.50038999999725,0.0,0.0,0.0
123.60038999999725,0.0,0.0,0.0
123.70038999999724,0.0,0.0,0.0
123.80038999999724,0.0,0.0,0.0
123.90038999999723,0.0,0.0,0.0
124.00038999999722,0.0,0.0,0.0
124.10038999999722,0.0,0.0,0.0
124.20038999999721,0.0,0.0,0.0
124.30038999999721,0.0,0.0,0.0
124.4003899999972,0.0,0.0,0.0
124.5003899999972,0.0,0.0,0.0
124.60038999999719,0.0,0.0,0.0
124.70038999999718,0.0,0.0,0.0
124.80038999999718,0.0,0.0,0.0
124.90038999999717,0.0,0.0,0.0
125.00038999999717,0.0,0.0,0.0
125.10038999999716,0.0,0.0,0.0
125.20038999999716,0.0,0.0,0.0
125.30038999999715,0.0,0.0,0.0
125.40038999999715,0.0,0.0,0.0
125.50038999999714,0.0,0.0,0.0
125.60038999999713,0.0,0.0,0.0
125.70038999999713,0.0,0.0,0.0
125.80038999999712,0.0,0.0,0.0
125.90038999999712,0.0,0.0,0.0
126.00038999999711,0.0,0.0,0.0
126.1003899999971,0.0,0.0,0.0
126.2003899999971,0.0,0.0,0.0
126.3003899999971,0.0,0.0,0.0
126.40038999999709,0.0,0.0,0.0
126.50038999999708,0.0,0.0,0.0
126.60038999999708,0.0,0.0,0.0
126.70038999999707,0.0,0.0,0.0
126.80038999999707,0.0,0.0,0.0
126.90038999999706,0.0,0.0,0.0
127.00038999999705,0.0,0.0,0.0
127.10038999999705,0.0,0.0,0.0
127.20038999999704,0.0,0.0,0.0
127.30038999999704,0.0,0.0,0.0
127.40038999999703,0.0,0.0,0.0
127.50038999999703,0.0,0.0,0.0
127.60038999999702,0.0,0.0,0.0
127.70038999999701,0.0,0.0,0.0
127.80038999999701,0.0,0.0,0.0
127.900389999997,0.0,0.0,0.0
128.000389999997,0.0,0.0,0.0
128.100389999997,0.0,0.0,0.0
128.200389999997,0.0,0.0,0.0
128.30038999999698,0.0,0.0,0.0
128.40038999999697,0.0,0.0,0.0
128.50038999999697,0.0,0.0,0.0
128.60038999999696,0.0,0.0,0.0
128.70038999999696,0.0,0.0,0.0
128.80038999999695,0.0,0.0,0.0
128.90038999999695,0.0,0.0,0.0
129.00038999999694,0.0,0.0,0.0
129.10038999999693,0.0,0.0,0.0
129.20038999999693,0.0,0.0,0.0
129.30038999999692,0.0,0.0,0.0
129.40038999999692,0.0,0.0,0.0
129.5003899999969,0.0,0.0,0.0
129.6003899999969,0.0,0.0,0.0
129.7003899999969,0.0,0.0,0.0
129.8003899999969,0.0,0.0,0.0
129.9003899999969,0.0,0.0,0.0
130.00038999999688,0.0,0.0,0.0
130.10038999999688,0.0,0.0,0.0
130.20038999999687,0.0,0.0,0.0
130.30038999999687,0.0,0.0,0.0
130.40038999999686,0.0,0.0,0.0
130.50038999999686,0.0,0.0,0.0
130.60038999999685,0.0,0.0,0.0
130.70038999999684,0.0,0.0,0.0
130.80038999999684,0.0,0.0,0.0
130.90038999999683,0.0,0.0,0.0
131.00038999999683,0.0,0.0,0.0
131.10038999999682,0.0,0.0,0.0
131.20038999999682,0.0,0.0,0.0
131.3003899999968,0.0,0.0,0.0
131.4003899999968,0.0,0.0,0.0
131.5003899999968,0.0,0.0,0.0
131.6003899999968,0.0,0.0,0.0
131.7003899999968,0.0,0.0,0.0
131.80038999999678,0.0,0.0,0.0
131.90038999999678,0.0,0.0,0.0
132.00038999999677,0.0,0.0,0.0
132.10038999999676,0.0,0.0,0.0
132.20038999999676,0.0,0.0,0.0
132.30038999999675,0.0,0.0,0.0
132.40038999999675,0.0,0.0,0.0
132.50038999999674,0.0,0.0,0.0
132.60038999999674,0.0,0.0,0.0
132.70038999999673,0.0,0.0,0.0
132.80038999999672,0.0,0.0,0.0
132.90038999999672,0.0,0.0,0.0
133.0003899999967,0.0,0.0,0.0
133.1003899999967,0.0,0.0,0.0
133.2003899999967,0.0,0.0,0.0
133.3003899999967,0.0,0.0,0.0
133.4003899999967,0.0,0.0,0.0
133.50038999999668,0.0,0.0,0.0
133.60038999999668,0.0,0.0,0.0
133.70038999999667,0.0,0.0,0.0
133.80038999999667,0.0,0.0,0.0
133.90038999999666,0.0,0.0,0.0
134.00038999999666,0.0,0.0,0.0
134.10038999999665,0.0,0.0,0.0
134.20038999999664,0.0,0.0,0.0
134.30038999999664,0.0,0.0,0.0
134.40038999999663,0.0,0.0,0.0
134.50038999999663,0.0,0.0,0.0
134.60038999999662,0.0,0.0,0.0
134.70038999999662,0.0,0.0,0.0
134.8003899999966,0.0,0.0,0.0
134.9003899999966,0.0,0.0,0.0
135.0003899999966,0.0,0.0,0.0
135.1003899999966,0.0,0.0,0.0
135.2003899999966,0.0,0.0,0.0
135.30038999999658,0.0,0.0,0.0
135.40038999999658,0.0,0.0,0.0
135.50038999999657,0.0,0.0,0.0
135.60038999999657,0.0,0.0,0.0
135.70038999999656,0.0,0.0,0.0
135.80038999999655,0.0,0.0,0.0
135.90038999999655,0.0,0.0,0.0
136.00038999999654,0.0,0.0,0.0
136.10038999999654,0.0,0.0,0.0
136.20038999999653,0.0,0.0,0.0
136.30038999999653,0.0,0.0,0.0
136.40038999999652,0.0,0.0,0.0
136.50038999999651,0.0,0.0,0.0
136.6003899999965,0.0,0.0,0.0
136.7003899999965,0.0,0.0,0.0
136.8003899999965,0.0,0.0,0.0
136.9003899999965,0.0,0.0,0.0
137.0003899999965,0.0,0.0,0.0
137.10038999999648,0.0,0.0,0.0
137.20038999999647,0.0,0.0,0.0
137.30038999999647,0.0,0.0,0.0
137.40038999999646,0.0,0.0,0.0
137.50038999999646,0.0,0.0,0.0
137.60038999999645,0.0,0.0,0.0
137.70038999999645,0.0,0.0,0.0
137.80038999999644,0.0,0.0,0.0
137.90038999999643,0.0,0.0,0.0
138.00038999999643,0.0,0.0,0.0
138.10038999999642,0.0,0.0,0.0
138.20038999999642,0.0,0.0,0.0
138.3003899999964,0.0,0.0,0.0
138.4003899999964,0.0,0.0,0.0
138.5003899999964,0.0,0.0,0.0
138.6003899999964,0.0,0.0,0.0
138.7003899999964,0.0,0.0,0.0
138.80038999999638,0.0,0.0,0.0
138.90038999999638,0.0,0.0,0.0
139.00038999999637,0.0,0.0,0.0
139.10038999999637,0.0,0.0,0.0
139.20038999999636,0.0,0.0,0.0
139.30038999999636,0.0,0.0,0.0
139.40038999999635,0.0,0.0,0.0
139.50038999999634,0.0,0.0,0.0
139.60038999999634,0.0,0.0,0.0
139.70038999999633,0.0,0.0,0.0
139.80038999999633,0.0,0.0,0.0
139.90038999999632,0.0,0.0,0.0
140.00038999999632,0.0,0.0,0.0
140.1003899999963,0.0,0.0,0.0
140.2003899999963,0.0,0.0,0.0
140.3003899999963,0.0,0.0,0.0
140.4003899999963,0.0,0.0,0.0
140.5003899999963,0.0,0.0,0.0
140.60038999999628,0.0,0.0,0.0
140.70038999999628,0.0,0.0,0.0
140.80038999999627,0.0,0.0,0.0
140.90038999999626,0.0,0.0,0.0
141.00038999999626,0.0,0.0,0.0
141.10038999999625,0.0,0.0,0.0
141.20038999999625,0.0,0.0,0.0
141.30038999999624,0.0,0.0,0.0
141.40038999999624,0.0,0.0,0.0
141.50038999999623,0.0,0.0,0.0
141.60038999999622,0.0,0.0,0.0
141.70038999999622,0.0,0.0,0.0
141.8003899999962,0.0,0.0,0.0
141.9003899999962,0.0,0.0,0.0
142.0003899999962,0.0,0.0,0.0
142.1003899999962,0.0,0.0,0.0
142.2003899999962,0.0,0.0,0.0
142.30038999999618,0.0,0.0,0.0
142.40038999999618,0.0,0.0,0.0
142.50038999999617,0.0,0.0,0.0
142.60038999999617,0.0,0.0,0.0
142.70038999999616,0.0,0.0,0.0
142.80038999999616,0.0,0.0,0.0
142.90038999999615,0.0,0.0,0.0
143.00038999999614,0.0,0.0,0.0
143.10038999999614,0.0,0.0,0.0
143.20038999999613,0.0,0.0,0.0
143.30038999999613,0.0,0.0,0.0
143.40038999999612,0.0,0.0,0.0
143.50038999999612,0.0,0.0,0.0
143.6003899999961,0.0,0.0,0.0
143.7003899999961,0.0,0.0,0.0
143.8003899999961,0.0,0.0,0.0
143.9003899999961,0.0,0.0,0.0
144.0003899999961,0.0,0.0,0.0
144.10038999999608,0.0,0.0,0.0
144.20038999999608,0.0,0.0,0.0
144.30038999999607,0.0,0.0,0.0
144.40038999999607,0.0,0.0,0.0
144.50038999999606,0.0,0.0,0.0
144.60038999999605,0.0,0.0,0.0
144.70038999999605,0.0,0.0,0.0
144.80038999999604,0.0,0.0,0.0
144.90038999999604,0.0,0.0,0.0
145.00038999999603,0.0,0.0,0.0
145.10038999999603,0.0,0.0,0.0
145.20038999999602,0.0,0.0,0.0
145.300389999996,0.0,0.0,0.0
145.400389999996,0.0,0.0,0.0
145.500389999996,0.0,0.0,0.0
145.600389999996,0.0,0.0,0.0
145.700389999996,0.0,0.0,0.0
145.80038999999599,0.0,0.0,0.0
145.90038999999598,0.0,0.0,0.0
146.00038999999597,0.0,0.0,0.0
146.10038999999597,0.0,0.0,0.0
146.20038999999596,0.0,0.0,0.0
146.30038999999596,0.0,0.0,0.0
146.40038999999595,0.0,0.0,0.0
146.50038999999595,0.0,0.0,0.0
146.60038999999594,0.0,0.0,0.0
146.70038999999593,0.0,0.0,0.0
146.80038999999593,0.0,0.0,0.0
146.90038999999592,0.0,0.0,0.0
147.00038999999592,0.0,0.0,0.0
147.1003899999959,0.0,0.0,0.0
147.2003899999959,0.0,0.0,0.0
147.3003899999959,0.0,0.0,0.0
147.4003899999959,0.0,0.0,0.0
147.5003899999959,0.0,0.0,0.0
147.60038999999588,0.0,0.0,0.0
147.70038999999588,0.0,0.0,0.0
147.80038999999587,0.0,0.0,0.0
147.90038999999587,0.0,0.0,0.0
148.00038999999586,0.0,0.0,0.0
148.10038999999585,0.0,0.0,0.0
148.20038999999585,0.0,0.0,0.0
148.30038999999584,0.0,0.0,0.0
148.40038999999584,0.0,0.0,0.0
148.50038999999583,0.0,0.0,0.0
148.60038999999583,0.0,0.0,0.0
148.70038999999582,0.0,0.0,0.0
148.80038999999582,0.0,0.0,0.0
148.9003899999958,0.0,0.0,0.0
149.0003899999958,0.0,0.0,0.0
149.1003899999958,0.0,0.0,0.0
149.2003899999958,0.0,0.0,0.0
149.3003899999958,0.0,0.0,0.0
149.40038999999578,0.0,0.0,0.0
149.50038999999578,0.0,0.0,0.0
149.60038999999577,0.0,0.0,0.0
149.70038999999576,0.0,0.0,0.0
149.80038999999576,0.0,0.0,0.0
149.90038999999575,0.0,0.0,0.0
150.00038999999575,0.0,0.0,0.0
150.10038999999574,0.0,0.0,0.0
150.20038999999574,0.0,0.0,0.0
150.30038999999573,0.0,0.0,0.0
150.40038999999572,0.0,0.0,0.0
150.50038999999572,0.0,0.0,0.0
150.6003899999957,0.0,0.0,0.0
150.7003899999957,0.0,0.0,0.0
150.8003899999957,0.0,0.0,0.0
150.9003899999957,0.0,0.0,0.0
151.0003899999957,0.0,0.0,0.0
151.10038999999568,0.0,0.0,0.0
151.20038999999568,0.0,0.0,0.0
151.30038999999567,0.0,0.0,0.0
151.40038999999567,0.0,0.0,0.0
151.50038999999566,0.0,0.0,0.0
151.60038999999566,0.0,0.0,0.0
151.70038999999565,0.0,0.0,0.0
151.80038999999564,0.0,0.0,0.0
151.90038999999564,0.0,0.0,0.0
152.00038999999563,0.0,0.0,0.0
152.10038999999563,0.0,0.0,0.0
152.20038999999562,0.0,0.0,0.0
152.30038999999562,0.0,0.0,0.0
152.4003899999956,0.0,0.0,0.0
152.5003899999956,0.0,0.0,0.0
152.6003899999956,0.0,0.0,0.0
152.7003899999956,0.0,0.0,0.0
152.8003899999956,0.0,0.0,0.0
152.90038999999558,0.0,0.0,0.0
153.00038999999558,0.0,0.0,0.0
153.10038999999557,0.0,0.0,0.0
153.20038999999556,0.0,0.0,0.0
153.30038999999556,0.0,0.0,0.0
153.40038999999555,0.0,0.0,0.0
153.50038999999555,0.0,0.0,0.0
153.60038999999554,0.0,0.0,0.0
153.70038999999554,0.0,0.0,0.0
153.80038999999553,0.0,0.0,0.0
153.90038999999553,0.0,0.0,0.0
154.00038999999552,0.0,0.0,0.0
154.1003899999955,0.0,0.0,0.0
154.2003899999955,0.0,0.0,0.0
154.3003899999955,0.0,0.0,0.0
154.4003899999955,0.0,0.0,0.0
154.5003899999955,0.0,0.0,0.0
154.60038999999549,0.0,0.0,0.0
154.70038999999548,0.0,0.0,0.0
154.80038999999547,0.0,0.0,0.0
154.90038999999547,0.0,0.0,0.0
155.00038999999546,0.0,0.0,0.0
155.10038999999546,0.0,0.0,0.0
155.20038999999545,0.0,0.0,0.0
155.30038999999545,0.0,0.0,0.0
155.40038999999544,0.0,0.0,0.0
155.50038999999543,0.0,0.0,0.0
155.60038999999543,0.0,0.0,0.0
155.70038999999542,0.0,0.0,0.0
155.80038999999542,0.0,0.0,0.0
155.9003899999954,0.0,0.0,0.0
156.0003899999954,0.0,0.0,0.0
156.1003899999954,0.0,0.0,0.0
156.2003899999954,0.0,0.0,0.0
156.3003899999954,0.0,0.0,0.0
156.40038999999538,0.0,0.0,0.0
156.50038999999538,0.0,0.0,0.0
156.60038999999537,0.0,0.0,0.0
156.70038999999537,0.0,0.0,0.0
156.80038999999536,0.0,0.0,0.0
156.90038999999535,0.0,0.0,0.0
157.00038999999535,0.0,0.0,0.0
157.10038999999534,0.0,0.0,0.0
157.20038999999534,0.0,0.0,0.0
157.30038999999533,0.0,0.0,0.0
157.40038999999533,0.0,0.0,0.0
157.50038999999532,0.0,0.0,0.0
157.60038999999531,0.0,0.0,0.0
157.7003899999953,0.0,0.0,0.0
157.8003899999953,0.0,0.0,0.0
157.9003899999953,0.0,0.0,0.0
158.0003899999953,0.0,0.0,0.0
158.1003899999953,0.0,0.0,0.0
158.20038999999528,0.0,0.0,0.0
158.30038999999528,0.0,0.0,0.0
158.40038999999527,0.0,0.0,0.0
158.50038999999526,0.0,0.0,0.0
158.60038999999526,0.0,0.0,0.0
158.70038999999525,0.0,0.0,0.0
158.80038999999525,0.0,0.0,0.0
158.90038999999524,0.0,0.0,0.0
159.00038999999524,0.0,0.0,0.0
159.10038999999523,0.0,0.0,0.0
159.20038999999522,0.0,0.0,0.0
159.30038999999522,0.0,0.0,0.0
159.4003899999952,0.0,0.0,0.0
159.5003899999952,0.0,0.0,0.0
159.6003899999952,0.0,0.0,0.0
159.7003899999952,0.0,0.0,0.0
159.8003899999952,0.0,0.0,0.0
159.90038999999518,0.0,0.0,0.0
160.00038999999518,0.0,0.0,0.0
160.10038999999517,0.0,0.0,0.0
160.20038999999517,0.0,0.0,0.0
160.30038999999516,0.0,0.0,0.0
160.40038999999516,0.0,0.0,0.0
160.50038999999515,0.0,0.0,0.0
160.60038999999514,0.0,0.0,0.0
160.70038999999514,0.0,0.0,0.0
160.80038999999513,0.0,0.0,0.0
160.90038999999513,0.0,0.0,0.0
161.00038999999512,0.0,0.0,0.0
161.10038999999512,0.0,0.0,0.0
161.2003899999951,0.0,0.0,0.0
161.3003899999951,0.0,0.0,0.0
161.4003899999951,0.0,0.0,0.0
161.5003899999951,0.0,0.0,0.0
161.6003899999951,0.0,0.0,0.0
161.70038999999508,0.0,0.0,0.0
161.80038999999508,0.0,0.0,0.0
161.90038999999507,0.0,0.0,0.0
162.00038999999506,0.0,0.0,0.0
162.10038999999506,0.0,0.0,0.0
162.20038999999505,0.0,0.0,0.0
162.30038999999505,0.0,0.0,0.0
162.40038999999504,0.0,0.0,0.0
162.50038999999504,0.0,0.0,0.0
162.60038999999503,0.0,0.0,0.0
162.70038999999502,0.0,0.0,0.0
162.80038999999502,0.0,0.0,0.0
162.900389999995,0.0,0.0,0.0
163.000389999995,0.0,0.0,0.0
163.100389999995,0.0,0.0,0.0
163.200389999995,0.0,0.0,0.0
163.300389999995,0.0,0.0,0.0
163.40038999999499,0.0,0.0,0.0
163.50038999999498,0.0,0.0,0.0
163.60038999999497,0.0,0.0,0.0
163.70038999999497,0.0,0.0,0.0
163.80038999999496,0.0,0.0,0.0
163.90038999999496,0.0,0.0,0.0
164.00038999999495,0.0,0.0,0.0
164.10038999999495,0.0,0.0,0.0
164.20038999999494,0.0,0.0,0.0
164.30038999999493,0.0,0.0,0.0
164.40038999999493,0.0,0.0,0.0
164.50038999999492,0.0,0.0,0.0
164.60038999999492,0.0,0.0,0.0
164.7003899999949,0.0,0.0,0.0
164.8003899999949,0.0,0.0,0.0
164.9003899999949,0.0,0.0,0.0
165.0003899999949,0.0,0.0,0.0
165.1003899999949,0.0,0.0,0.0
165.20038999999488,0.0,0.0,0.0
165.30038999999488,0.0,0.0,0.0
165.40038999999487,0.0,0.0,0.0
165.50038999999487,0.0,0.0,0.0
165.60038999999486,0.0,0.0,0.0
165.70038999999485,0.0,0.0,0.0
165.80038999999485,0.0,0.0,0.0
165.90038999999484,0.0,0.0,0.0
166.00038999999484,0.0,0.0,0.0
166.10038999999483,0.0,0.0,0.0
166.20038999999483,0.0,0.0,0.0
166.30038999999482,0.0,0.0,0.0
166.40038999999481,0.0,0.0,0.0
166.5003899999948,0.0,0.0,0.0
166.6003899999948,0.0,0.0,0.0
166.7003899999948,0.0,0.0,0.0
166.8003899999948,0.0,0.0,0.0
166.9003899999948,0.0,0.0,0.0
167.00038999999478,0.0,0.0,0.0
167.10038999999477,0.0,0.0,0.0
167.20038999999477,0.0,0.0,0.0
167.30038999999476,0.0,0.0,0.0
167.40038999999476,0.0,0.0,0.0
167.50038999999475,0.0,0.0,0.0
167.60038999999475,0.0,0.0,0.0
167.70038999999474,0.0,0.0,0.0
167.80038999999474,0.0,0.0,0.0
167.90038999999473,0.0,0.0,0.0
168.00038999999472,0.0,0.0,0.0
168.10038999999472,0.0,0.0,0.0
168.2003899999947,0.0,0.0,0.0
168.3003899999947,0.0,0.0,0.0
168.4003899999947,0.0,0.0,0.0
168.5003899999947,0.0,0.0,0.0
168.6003899999947,0.0,0.0,0.0
168.70038999999468,0.0,0.0,0.0
168.80038999999468,0.0,0.0,0.0
168.90038999999467,0.0,0.0,0.0
169.00038999999467,0.0,0.0,0.0
169.10038999999466,0.0,0.0,0.0
169.20038999999466,0.0,0.0,0.0
169.30038999999465,0.0,0.0,0.0
169.40038999999464,0.0,0.0,0.0
169.50038999999464,0.0,0.0,0.0
169.60038999999463,0.0,0.0,0.0
169.70038999999463,0.0,0.0,0.0
169.80038999999462,0.0,0.0,0.0
169.90038999999462,0.0,0.0,0.0
170.0003899999946,0.0,0.0,0.0
170.1003899999946,0.0,0.0,0.0
170.2003899999946,0.0,0.0,0.0
170.3003899999946,0.0,0.0,0.0
170.4003899999946,0.0,0.0,0.0
170.50038999999458,0.0,0.0,0.0
170.60038999999458,0.0,0.0,0.0
170.70038999999457,0.0,0.0,0.0
170.80038999999456,0.0,0.0,0.0
170.90038999999456,0.0,0.0,0.0
171.00038999999455,0.0,0.0,0.0
171.10038999999455,0.0,0.0,0.0
171.20038999999454,0.0,0.0,0.0
171.30038999999454,0.0,0.0,0.0
171.40038999999453,0.0,0.0,0.0
171.50038999999452,0.0,0.0,0.0
171.60038999999452,0.0,0.0,0.0
171.7003899999945,0.0,0.0,0.0
171.8003899999945,0.0,0.0,0.0
171.9003899999945,0.0,0.0,0.0
172.0003899999945,0.0,0.0,0.0
172.1003899999945,0.0,0.0,0.0
172.20038999999448,0.0,0.0,0.0
172.30038999999448,0.0,0.0,0.0
172.40038999999447,0.0,0.0,0.0
172.50038999999447,0.0,0.0,0.0
172.60038999999446,0.0,0.0,0.0
172.70038999999446,0.0,0.0,0.0
172.80038999999445,0.0,0.0,0.0
172.90038999999445,0.0,0.0,0.0
173.00038999999444,0.0,0.0,0.0
173.10038999999443,0.0,0.0,0.0
173.20038999999443,0.0,0.0,0.0
173.30038999999442,0.0,0.0,0.0
173.40038999999442,0.0,0.0,0.0
173.5003899999944,0.0,0.0,0.0
173.6003899999944,0.0,0.0,0.0
173.7003899999944,0.0,0.0,0.0
173.8003899999944,0.0,0.0,0.0
173.9003899999944,0.0,0.0,0.0
174.00038999999438,0.0,0.0,0.0
174.10038999999438,0.0,0.0,0.0
174.20038999999437,0.0,0.0,0.0
174.30038999999437,0.0,0.0,0.0
174.40038999999436,0.0,0.0,0.0
174.50038999999435,0.0,0.0,0.0
174.60038999999435,0.0,0.0,0.0
174.70038999999434,0.0,0.0,0.0
174.80038999999434,0.0,0.0,0.0
174.90038999999433,0.0,0.0,0.0
175.00038999999433,0.0,0.0,0.0
175.10038999999432,0.0,0.0,0.0
175.20038999999431,0.0,0.0,0.0
175.3003899999943,0.0,0.0,0.0
175.4003899999943,0.0,0.0,0.0
175.5003899999943,0.0,0.0,0.0
175.6003899999943,0.0,0.0,0.0
175.7003899999943,0.0,0.0,0.0
175.80038999999428,0.0,0.0,0.0
175.90038999999427,0.0,0.0,0.0
176.00038999999427,0.0,0.0,0.0
176.10038999999426,0.0,0.0,0.0
176.20038999999426,0.0,0.0,0.0
176.30038999999425,0.0,0.0,0.0
176.40038999999425,0.0,0.0,0.0
176.50038999999424,0.0,0.0,0.0
176.60038999999423,0.0,0.0,0.0
176.70038999999423,0.0,0.0,0.0
176.80038999999422,0.0,0.0,0.0
176.90038999999422,0.0,0.0,0.0
177.0003899999942,0.0,0.0,0.0
177.1003899999942,0.0,0.0,0.0
177.2003899999942,0.0,0.0,0.0
177.3003899999942,0.0,0.0,0.0
177.4003899999942,0.0,0.0,0.0
177.50038999999418,0.0,0.0,0.0
177.60038999999418,0.0,0.0,0.0
177.70038999999417,0.0,0.0,0.0
177.80038999999417,0.0,0.0,0.0
177.90038999999416,0.0,0.0,0.0
178.00038999999416,0.0,0.0,0.0
178.10038999999415,0.0,0.0,0.0
178.20038999999414,0.0,0.0,0.0
178.30038999999414,0.0,0.0,0.0
178.40038999999413,0.0,0.0,0.0
178.50038999999413,0.0,0.0,0.0
178.60038999999412,0.0,0.0,0.0
178.70038999999412,0.0,0.0,0.0
178.8003899999941,0.0,0.0,0.0
178.9003899999941,0.0,0.0,0.0
179.0003899999941,0.0,0.0,0.0
179.1003899999941,0.0,0.0,0.0
179.2003899999941,0.0,0.0,0.0
179.30038999999408,0.0,0.0,0.0
179.40038999999408,0.0,0.0,0.0
179.50038999999407,0.0,0.0,0.0
179.60038999999406,0.0,0.0,0.0
179.70038999999406,0.0,0.0,0.0
179.80038999999405,0.0,0.0,0.0
179.90038999999405,0.0,0.0,0.0
180.00038999999404,0.0,0.0,0.0
180.10038999999404,0.0,0.0,0.0
180.20038999999403,0.0,0.0,0.0
180.30038999999402,0.0,0.0,0.0
180.40038999999402,0.0,0.0,0.0
180.500389999994,0.0,0.0,0.0
180.600389999994,0.0,0.0,0.0
180.700389999994,0.0,0.0,0.0
180.800389999994,0.0,0.0,0.0
180.900389999994,0.0,0.0,0.0
181.00038999999398,0.0,0.0,0.0
181.10038999999398,0.0,0.0,0.0
181.20038999999397,0.0,0.0,0.0
181.30038999999397,0.0,0.0,0.0
181.40038999999396,0.0,0.0,0.0
181.50038999999396,0.0,0.0,0.0
181.60038999999395,0.0,0.0,0.0
181.70038999999394,0.0,0.0,0.0
181.80038999999394,0.0,0.0,0.0
181.90038999999393,0.0,0.0,0.0
182.00038999999393,0.0,0.0,0.0
182.10038999999392,0.0,0.0,0.0
182.20038999999392,0.0,0.0,0.0
182.3003899999939,0.0,0.0,0.0
182.4003899999939,0.0,0.0,0.0
182.5003899999939,0.0,0.0,0.0
182.6003899999939,0.0,0.0,0.0
182.7003899999939,0.0,0.0,0.0
182.80038999999388,0.0,0.0,0.0
182.90038999999388,0.0,0.0,0.0
183.00038999999387,0.0,0.0,0.0
183.10038999999387,0.0,0.0,0.0
183.20038999999386,0.0,0.0,0.0
183.30038999999385,0.0,0.0,0.0
183.40038999999385,0.0,0.0,0.0
183.50038999999384,0.0,0.0,0.0
183.60038999999384,0.0,0.0,0.0
183.70038999999383,0.0,0.0,0.0
183.80038999999383,0.0,0.0,0.0
183.90038999999382,0.0,0.0,0.0
184.0003899999938,0.0,0.0,0.0
184.1003899999938,0.0,0.0,0.0
184.2003899999938,0.0,0.0,0.0
184.3003899999938,0.0,0.0,0.0
184.4003899999938,0.0,0.0,0.0
184.50038999999379,0.0,0.0,0.0
184.60038999999378,0.0,0.0,0.0
184.70038999999377,0.0,0.0,0.0
184.80038999999377,0.0,0.0,0.0
184.90038999999376,0.0,0.0,0.0
185.00038999999376,0.0,0.0,0.0
185.10038999999375,0.0,0.0,0.0
185.20038999999375,0.0,0.0,0.0
185.30038999999374,0.0,0.0,0.0
185.40038999999373,0.0,0.0,0.0
185.50038999999373,0.0,0.0,0.0
185.60038999999372,0.0,0.0,0.0
185.70038999999372,0.0,0.0,0.0
185.8003899999937,0.0,0.0,0.0
185.9003899999937,0.0,0.0,0.0
186.0003899999937,0.0,0.0,0.0
186.1003899999937,0.0,0.0,0.0
186.2003899999937,0.0,0.0,0.0
186.30038999999368,0.0,0.0,0.0
186.40038999999368,0.0,0.0,0.0
186.50038999999367,0.0,0.0,0.0
186.60038999999367,0.0,0.0,0.0
186.70038999999366,0.0,0.0,0.0
186.80038999999366,0.0,0.0,0.0
186.90038999999365,0.0,0.0,0.0
187.00038999999364,0.0,0.0,0.0
187.10038999999364,0.0,0.0,0.0
187.20038999999363,0.0,0.0,0.0
187.30038999999363,0.0,0.0,0.0
187.40038999999362,0.0,0.0,0.0
187.50038999999362,0.0,0.0,0.0
187.6003899999936,0.0,0.0,0.0
187.7003899999936,0.0,0.0,0.0
187.8003899999936,0.0,0.0,0.0
187.9003899999936,0.0,0.0,0.0
188.0003899999936,0.0,0.0,0.0
188.10038999999358,0.0,0.0,0.0
188.20038999999358,0.0,0.0,0.0
188.30038999999357,0.0,0.0,0.0
188.40038999999356,0.0,0.0,0.0
188.50038999999356,0.0,0.0,0.0
188.60038999999355,0.0,0.0,0.0
188.70038999999355,0.0,0.0,0.0
188.80038999999354,0.0,0.0,0.0
188.90038999999354,0.0,0.0,0.0
189.00038999999353,0.0,0.0,0.0
189.10038999999352,0.0,0.0,0.0
189.20038999999352,0.0,0.0,0.0
189.3003899999935,0.0,0.0,0.0
189.4003899999935,0.0,0.0,0.0
189.5003899999935,0.0,0.0,0.0
189.6003899999935,0.0,0.0,0.0
189.7003899999935,0.0,0.0,0.0
189.80038999999348,0.0,0.0,0.0
189.90038999999348,0.0,0.0,0.0
190.00038999999347,0.0,0.0,0.0
190.10038999999347,0.0,0.0,0.0
190.20038999999346,0.0,0.0,0.0
190.30038999999346,0.0,0.0,0.0
190.40038999999345,0.0,0.0,0.0
190.50038999999344,0.0,0.0,0.0
190.60038999999344,0.0,0.0,0.0
190.70038999999343,0.0,0.0,0.0
190.80038999999343,0.0,0.0,0.0
190.90038999999342,0.0,0.0,0.0
191.00038999999342,0.0,0.0,0.0
191.1003899999934,0.0,0.0,0.0
191.2003899999934,0.0,0.0,0.0
191.3003899999934,0.0,0.0,0.0
191.4003899999934,0.0,0.0,0.0
191.5003899999934,0.0,0.0,0.0
191.60038999999338,0.0,0.0,0.0
191.70038999999338,0.0,0.0,0.0
191.80038999999337,0.0,0.0,0.0
191.90038999999337,0.0,0.0,0.0
192.00038999999336,0.0,0.0,0.0
192.10038999999335,0.0,0.0,0.0
192.20038999999335,0.0,0.0,0.0
192.30038999999334,0.0,0.0,0.0
192.40038999999334,0.0,0.0,0.0
192.50038999999333,0.0,0.0,0.0
192.60038999999333,0.0,0.0,0.0
192.70038999999332,0.0,0.0,0.0
192.8003899999933,0.0,0.0,0.0
192.9003899999933,0.0,0.0,0.0
193.0003899999933,0.0,0.0,0.0
193.1003899999933,0.0,0.0,0.0
193.2003899999933,0.0,0.0,0.0
193.30038999999329,0.0,0.0,0.0
193.40038999999328,0.0,0.0,0.0
193.50038999999327,0.0,0.0,0.0
193.60038999999327,0.0,0.0,0.0
193.70038999999326,0.0,0.0,0.0
193.80038999999326,0.0,0.0,0.0
193.90038999999325,0.0,0.0,0.0
194.00038999999325,0.0,0.0,0.0
194.10038999999324,0.0,0.0,0.0
194.20038999999323,0.0,0.0,0.0
194.30038999999323,0.0,0.0,0.0
194.40038999999322,0.0,0.0,0.0
194.50038999999322,0.0,0.0,0.0
194.6003899999932,0.0,0.0,0.0
194.7003899999932,0.0,0.0,0.0
194.8003899999932,0.0,0.0,0.0
194.9003899999932,0.0,0.0,0.0
195.0003899999932,0.0,0.0,0.0
195.10038999999318,0.0,0.0,0.0
195.20038999999318,0.0,0.0,0.0
195.30038999999317,0.0,0.0,0.0
195.40038999999317,0.0,0.0,0.0
195.50038999999316,0.0,0.0,0.0
195.60038999999315,0.0,0.0,0.0
195.70038999999315,0.0,0.0,0.0
195.80038999999314,0.0,0.0,0.0
195.90038999999314,0.0,0.0,0.0
196.00038999999313,0.0,0.0,0.0
196.10038999999313,0.0,0.0,0.0
196.20038999999312,0.0,0.0,0.0
196.30038999999311,0.0,0.0,0.0
196.4003899999931,0.0,0.0,0.0
196.5003899999931,0.0,0.0,0.0
196.6003899999931,0.0,0.0,0.0
196.7003899999931,0.0,0.0,0.0
196.8003899999931,0.0,0.0,0.0
196.90038999999308,0.0,0.0,0.0
197.00038999999308,0.0,0.0,0.0
197.10038999999307,0.0,0.0,0.0
197.20038999999306,0.0,0.0,0.0
197.30038999999306,0.0,0.0,0.0
197.40038999999305,0.0,0.0,0.0
197.50038999999305,0.0,0.0,0.0
197.60038999999304,0.0,0.0,0.0
197.70038999999304,0.0,0.0,0.0
197.80038999999303,0.0,0.0,0.0
197.90038999999302,0.0,0.0,0.0
198.00038999999302,0.0,0.0,0.0
198.100389999993,0.0,0.0,0.0
198.200389999993,0.0,0.0,0.0
198.300389999993,0.0,0.0,0.0
198.400389999993,0.0,0.0,0.0
198.500389999993,0.0,0.0,0.0
198.60038999999298,0.0,0.0,0.0
198.70038999999298,0.0,0.0,0.0
198.80038999999297,0.0,0.0,0.0
198.90038999999297,0.0,0.0,0.0
199.00038999999296,0.0,0.0,0.0
199.10038999999296,0.0,0.0,0.0
199.20038999999295,0.0,0.0,0.0
199.30038999999294,0.0,0.0,0.0
199.40038999999294,0.0,0.0,0.0
199.50038999999293,0.0,0.0,0.0
199.60038999999293,0.0,0.0,0.0
199.70038999999292,0.0,0.0,0.0
199.80038999999292,0.0,0.0,0.0
199.9003899999929,0.0,0.0,0.0
