time,retransmissions,connection_id,src,dst
1.60016,0,52093,<entities.dtn.DTN object at 0x1180d1550>,<entities.processor.Processor object at 0x1180d1220>
3.60019,0,52093,<entities.dtn.DTN object at 0x1180d1550>,<entities.processor.Processor object at 0x1180d1220>
7.600219999999999,0,52093,<entities.dtn.DTN object at 0x1180d1550>,<entities.processor.Processor object at 0x1180d1220>
15.60025,0,52093,<entities.dtn.DTN object at 0x1180d1550>,<entities.processor.Processor object at 0x1180d1220>
31.60028,0,52093,<entities.dtn.DTN object at 0x1180d1550>,<entities.processor.Processor object at 0x1180d1220>
63.60031,0,52093,<entities.dtn.DTN object at 0x1180d1550>,<entities.processor.Processor object at 0x1180d1220>
123.60034,0,52093,<entities.dtn.DTN object at 0x1180d1550>,<entities.processor.Processor object at 0x1180d1220>
183.60037000000003,0,52093,<entities.dtn.DTN object at 0x1180d1550>,<entities.processor.Processor object at 0x1180d1220>
2.5001600000000006,0,56327,<entities.dtn.DTN object at 0x1180d1550>,<entities.processor.Processor object at 0x1180d1280>
4.500190000000001,0,56327,<entities.dtn.DTN object at 0x1180d1550>,<entities.processor.Processor object at 0x1180d1280>
8.50022,0,56327,<entities.dtn.DTN object at 0x1180d1550>,<entities.processor.Processor object at 0x1180d1280>
16.500249999999998,0,56327,<entities.dtn.DTN object at 0x1180d1550>,<entities.processor.Processor object at 0x1180d1280>
32.50028,0,56327,<entities.dtn.DTN object at 0x1180d1550>,<entities.processor.Processor object at 0x1180d1280>
64.50031,0,56327,<entities.dtn.DTN object at 0x1180d1550>,<entities.processor.Processor object at 0x1180d1280>
124.50034,0,56327,<entities.dtn.DTN object at 0x1180d1550>,<entities.processor.Processor object at 0x1180d1280>
184.50037,0,56327,<entities.dtn.DTN object at 0x1180d1550>,<entities.processor.Processor object at 0x1180d1280>
2.5001600000000006,0,70157,<entities.dtn.DTN object at 0x1180d1550>,<entities.processor.Processor object at 0x1076146d0>
4.500190000000001,0,70157,<entities.dtn.DTN object at 0x1180d1550>,<entities.processor.Processor object at 0x1076146d0>
8.50022,0,70157,<entities.dtn.DTN object at 0x1180d1550>,<entities.processor.Processor object at 0x1076146d0>
16.500249999999998,0,70157,<entities.dtn.DTN object at 0x1180d1550>,<entities.processor.Processor object at 0x1076146d0>
32.50028,0,70157,<entities.dtn.DTN object at 0x1180d1550>,<entities.processor.Processor object at 0x1076146d0>
64.50031,0,70157,<entities.dtn.DTN object at 0x1180d1550>,<entities.processor.Processor object at 0x1076146d0>
124.50034,0,70157,<entities.dtn.DTN object at 0x1180d1550>,<entities.processor.Processor object at 0x1076146d0>
184.50037,0,70157,<entities.dtn.DTN object at 0x1180d1550>,<entities.processor.Processor object at 0x1076146d0>
4.000290000000002,0,3816,<entities.dtn.DTN object at 0x1180d1550>,<entities.processor.Processor object at 0x1180b7ee0>
6.000320000000002,0,3816,<entities.dtn.DTN object at 0x1180d1550>,<entities.processor.Processor object at 0x1180b7ee0>
10.000350000000003,0,3816,<entities.dtn.DTN object at 0x1180d1550>,<entities.processor.Processor object at 0x1180b7ee0>
18.000380000000003,0,3816,<entities.dtn.DTN object at 0x1180d1550>,<entities.processor.Processor object at 0x1180b7ee0>
34.00041000000001,0,3816,<entities.dtn.DTN object at 0x1180d1550>,<entities.processor.Processor object at 0x1180b7ee0>
66.00044000000001,0,3816,<entities.dtn.DTN object at 0x1180d1550>,<entities.processor.Processor object at 0x1180b7ee0>
126.00047,0,3816,<entities.dtn.DTN object at 0x1180d1550>,<entities.processor.Processor object at 0x1180b7ee0>
186.00050000000002,0,3816,<entities.dtn.DTN object at 0x1180d1550>,<entities.processor.Processor object at 0x1180b7ee0>
4.647660000000006,0,95848,<entities.dtn.DTN object at 0x1180d1550>,<entities.processor.Processor object at 0x1068b4520>
6.647690000000006,0,95848,<entities.dtn.DTN object at 0x1180d1550>,<entities.processor.Processor object at 0x1068b4520>
10.647720000000007,0,95848,<entities.dtn.DTN object at 0x1180d1550>,<entities.processor.Processor object at 0x1068b4520>
18.647750000000006,0,95848,<entities.dtn.DTN object at 0x1180d1550>,<entities.processor.Processor object at 0x1068b4520>
34.647780000000004,0,95848,<entities.dtn.DTN object at 0x1180d1550>,<entities.processor.Processor object at 0x1068b4520>
66.64781,0,95848,<entities.dtn.DTN object at 0x1180d1550>,<entities.processor.Processor object at 0x1068b4520>
126.64784,0,95848,<entities.dtn.DTN object at 0x1180d1550>,<entities.processor.Processor object at 0x1068b4520>
186.64787,0,95848,<entities.dtn.DTN object at 0x1180d1550>,<entities.processor.Processor object at 0x1068b4520>
4.647790000000007,0,16845,<entities.dtn.DTN object at 0x1180d1550>,<entities.processor.Processor object at 0x1180dc8e0>
6.6478200000000065,0,16845,<entities.dtn.DTN object at 0x1180d1550>,<entities.processor.Processor object at 0x1180dc8e0>
10.647850000000007,0,16845,<entities.dtn.DTN object at 0x1180d1550>,<entities.processor.Processor object at 0x1180dc8e0>
18.647880000000004,0,16845,<entities.dtn.DTN object at 0x1180d1550>,<entities.processor.Processor object at 0x1180dc8e0>
34.64791,0,16845,<entities.dtn.DTN object at 0x1180d1550>,<entities.processor.Processor object at 0x1180dc8e0>
66.64793999999999,0,16845,<entities.dtn.DTN object at 0x1180d1550>,<entities.processor.Processor object at 0x1180dc8e0>
126.64796999999999,0,16845,<entities.dtn.DTN object at 0x1180d1550>,<entities.processor.Processor object at 0x1180dc8e0>
186.648,0,16845,<entities.dtn.DTN object at 0x1180d1550>,<entities.processor.Processor object at 0x1180dc8e0>
5.0002900000000015,0,56326,<entities.dtn.DTN object at 0x1180d1550>,<entities.processor.Processor object at 0x1180dca90>
7.000320000000001,0,56326,<entities.dtn.DTN object at 0x1180d1550>,<entities.processor.Processor object at 0x1180dca90>
11.000350000000003,0,56326,<entities.dtn.DTN object at 0x1180d1550>,<entities.processor.Processor object at 0x1180dca90>
19.000380000000003,0,56326,<entities.dtn.DTN object at 0x1180d1550>,<entities.processor.Processor object at 0x1180dca90>
35.00041000000001,0,56326,<entities.dtn.DTN object at 0x1180d1550>,<entities.processor.Processor object at 0x1180dca90>
67.00044000000001,0,56326,<entities.dtn.DTN object at 0x1180d1550>,<entities.processor.Processor object at 0x1180dca90>
127.00047,0,56326,<entities.dtn.DTN object at 0x1180d1550>,<entities.processor.Processor object at 0x1180dca90>
187.00050000000002,0,56326,<entities.dtn.DTN object at 0x1180d1550>,<entities.processor.Processor object at 0x1180dca90>
7.500419999999993,0,4876,<entities.dtn.DTN object at 0x1180d1550>,<entities.processor.Processor object at 0x1180b7c10>
9.500449999999994,0,4876,<entities.dtn.DTN object at 0x1180d1550>,<entities.processor.Processor object at 0x1180b7c10>
13.500479999999994,0,4876,<entities.dtn.DTN object at 0x1180d1550>,<entities.processor.Processor object at 0x1180b7c10>
21.500509999999995,0,4876,<entities.dtn.DTN object at 0x1180d1550>,<entities.processor.Processor object at 0x1180b7c10>
37.500539999999994,0,4876,<entities.dtn.DTN object at 0x1180d1550>,<entities.processor.Processor object at 0x1180b7c10>
69.50057,0,4876,<entities.dtn.DTN object at 0x1180d1550>,<entities.processor.Processor object at 0x1180b7c10>
129.5006,0,4876,<entities.dtn.DTN object at 0x1180d1550>,<entities.processor.Processor object at 0x1180b7c10>
189.50063,0,4876,<entities.dtn.DTN object at 0x1180d1550>,<entities.processor.Processor object at 0x1180b7c10>
8.81135999999993,0,85824,<entities.dtn.DTN object at 0x1180d1550>,<entities.processor.Processor object at 0x1180dcd00>
10.81138999999993,0,85824,<entities.dtn.DTN object at 0x1180d1550>,<entities.processor.Processor object at 0x1180dcd00>
14.81141999999993,0,85824,<entities.dtn.DTN object at 0x1180d1550>,<entities.processor.Processor object at 0x1180dcd00>
22.81144999999993,0,85824,<entities.dtn.DTN object at 0x1180d1550>,<entities.processor.Processor object at 0x1180dcd00>
38.81147999999993,0,85824,<entities.dtn.DTN object at 0x1180d1550>,<entities.processor.Processor object at 0x1180dcd00>
70.81150999999993,0,85824,<entities.dtn.DTN object at 0x1180d1550>,<entities.processor.Processor object at 0x1180dcd00>
130.81153999999995,0,85824,<entities.dtn.DTN object at 0x1180d1550>,<entities.processor.Processor object at 0x1180dcd00>
190.81156999999996,0,85824,<entities.dtn.DTN object at 0x1180d1550>,<entities.processor.Processor object at 0x1180dcd00>
18.000549999999972,0,22001,<entities.dtn.DTN object at 0x1180d1550>,<entities.processor.Processor object at 0x1180b7ee0>
20.00057999999997,0,22001,<entities.dtn.DTN object at 0x1180d1550>,<entities.processor.Processor object at 0x1180b7ee0>
24.00060999999997,0,22001,<entities.dtn.DTN object at 0x1180d1550>,<entities.processor.Processor object at 0x1180b7ee0>
32.00063999999997,0,22001,<entities.dtn.DTN object at 0x1180d1550>,<entities.processor.Processor object at 0x1180b7ee0>
48.00066999999997,0,22001,<entities.dtn.DTN object at 0x1180d1550>,<entities.processor.Processor object at 0x1180b7ee0>
80.00069999999997,0,22001,<entities.dtn.DTN object at 0x1180d1550>,<entities.processor.Processor object at 0x1180b7ee0>
140.00072999999998,0,22001,<entities.dtn.DTN object at 0x1180d1550>,<entities.processor.Processor object at 0x1180b7ee0>
20.491290000000074,0,7218,<entities.dtn.DTN object at 0x1180d1550>,<entities.processor.Processor object at 0x1180b7c10>
22.491320000000073,0,7218,<entities.dtn.DTN object at 0x1180d1550>,<entities.processor.Processor object at 0x1180b7c10>
26.49135000000007,0,7218,<entities.dtn.DTN object at 0x1180d1550>,<entities.processor.Processor object at 0x1180b7c10>
34.49138000000007,0,7218,<entities.dtn.DTN object at 0x1180d1550>,<entities.processor.Processor object at 0x1180b7c10>
50.49141000000007,0,7218,<entities.dtn.DTN object at 0x1180d1550>,<entities.processor.Processor object at 0x1180b7c10>
82.49144000000007,0,7218,<entities.dtn.DTN object at 0x1180d1550>,<entities.processor.Processor object at 0x1180b7c10>
142.49147000000008,0,7218,<entities.dtn.DTN object at 0x1180d1550>,<entities.processor.Processor object at 0x1180b7c10>
20.491420000000073,0,11019,<entities.dtn.DTN object at 0x1180d1550>,<entities.processor.Processor object at 0x1180d1220>
22.49145000000007,0,11019,<entities.dtn.DTN object at 0x1180d1550>,<entities.processor.Processor object at 0x1180d1220>
26.49148000000007,0,11019,<entities.dtn.DTN object at 0x1180d1550>,<entities.processor.Processor object at 0x1180d1220>
34.49151000000007,0,11019,<entities.dtn.DTN object at 0x1180d1550>,<entities.processor.Processor object at 0x1180d1220>
50.49154000000007,0,11019,<entities.dtn.DTN object at 0x1180d1550>,<entities.processor.Processor object at 0x1180d1220>
82.49157000000007,0,11019,<entities.dtn.DTN object at 0x1180d1550>,<entities.processor.Processor object at 0x1180d1220>
142.4916000000001,0,11019,<entities.dtn.DTN object at 0x1180d1550>,<entities.processor.Processor object at 0x1180d1220>
22.091550000000094,0,5905,<entities.dtn.DTN object at 0x1180d1550>,<entities.processor.Processor object at 0x1180b7ee0>
24.091580000000093,0,5905,<entities.dtn.DTN object at 0x1180d1550>,<entities.processor.Processor object at 0x1180b7ee0>
28.09161000000009,0,5905,<entities.dtn.DTN object at 0x1180d1550>,<entities.processor.Processor object at 0x1180b7ee0>
36.09164000000009,0,5905,<entities.dtn.DTN object at 0x1180d1550>,<entities.processor.Processor object at 0x1180b7ee0>
52.09167000000009,0,5905,<entities.dtn.DTN object at 0x1180d1550>,<entities.processor.Processor object at 0x1180b7ee0>
84.09170000000009,0,5905,<entities.dtn.DTN object at 0x1180d1550>,<entities.processor.Processor object at 0x1180b7ee0>
144.0917300000001,0,5905,<entities.dtn.DTN object at 0x1180d1550>,<entities.processor.Processor object at 0x1180b7ee0>
26.09168000000015,0,91060,<entities.dtn.DTN object at 0x1180d1550>,<entities.processor.Processor object at 0x1180d1220>
28.09171000000015,0,91060,<entities.dtn.DTN object at 0x1180d1550>,<entities.processor.Processor object at 0x1180d1220>
32.09174000000015,0,91060,<entities.dtn.DTN object at 0x1180d1550>,<entities.processor.Processor object at 0x1180d1220>
40.09177000000015,0,91060,<entities.dtn.DTN object at 0x1180d1550>,<entities.processor.Processor object at 0x1180d1220>
56.091800000000156,0,91060,<entities.dtn.DTN object at 0x1180d1550>,<entities.processor.Processor object at 0x1180d1220>
88.09183000000014,0,91060,<entities.dtn.DTN object at 0x1180d1550>,<entities.processor.Processor object at 0x1180d1220>
148.09186000000014,0,91060,<entities.dtn.DTN object at 0x1180d1550>,<entities.processor.Processor object at 0x1180d1220>
26.591810000000155,0,70798,<entities.dtn.DTN object at 0x1180d1550>,<entities.processor.Processor object at 0x1180b7c10>
28.591840000000154,0,70798,<entities.dtn.DTN object at 0x1180d1550>,<entities.processor.Processor object at 0x1180b7c10>
32.591870000000156,0,70798,<entities.dtn.DTN object at 0x1180d1550>,<entities.processor.Processor object at 0x1180b7c10>
40.59190000000016,0,70798,<entities.dtn.DTN object at 0x1180d1550>,<entities.processor.Processor object at 0x1180b7c10>
56.59193000000016,0,70798,<entities.dtn.DTN object at 0x1180d1550>,<entities.processor.Processor object at 0x1180b7c10>
88.59196000000016,0,70798,<entities.dtn.DTN object at 0x1180d1550>,<entities.processor.Processor object at 0x1180b7c10>
148.59199000000015,0,70798,<entities.dtn.DTN object at 0x1180d1550>,<entities.processor.Processor object at 0x1180b7c10>
29.66839000000024,0,43038,<entities.dtn.DTN object at 0x1180d1550>,<entities.processor.Processor object at 0x1180b7ee0>
31.66842000000024,0,43038,<entities.dtn.DTN object at 0x1180d1550>,<entities.processor.Processor object at 0x1180b7ee0>
35.66845000000024,0,43038,<entities.dtn.DTN object at 0x1180d1550>,<entities.processor.Processor object at 0x1180b7ee0>
43.668480000000244,0,43038,<entities.dtn.DTN object at 0x1180d1550>,<entities.processor.Processor object at 0x1180b7ee0>
59.668510000000246,0,43038,<entities.dtn.DTN object at 0x1180d1550>,<entities.processor.Processor object at 0x1180b7ee0>
91.66854000000025,0,43038,<entities.dtn.DTN object at 0x1180d1550>,<entities.processor.Processor object at 0x1180b7ee0>
151.66857000000024,0,43038,<entities.dtn.DTN object at 0x1180d1550>,<entities.processor.Processor object at 0x1180b7ee0>
30.068520000000245,0,17386,<entities.dtn.DTN object at 0x1180d1550>,<entities.processor.Processor object at 0x1180b7ee0>
32.06855000000025,0,17386,<entities.dtn.DTN object at 0x1180d1550>,<entities.processor.Processor object at 0x1180b7ee0>
36.06858000000025,0,17386,<entities.dtn.DTN object at 0x1180d1550>,<entities.processor.Processor object at 0x1180b7ee0>
44.068610000000255,0,17386,<entities.dtn.DTN object at 0x1180d1550>,<entities.processor.Processor object at 0x1180b7ee0>
60.06864000000026,0,17386,<entities.dtn.DTN object at 0x1180d1550>,<entities.processor.Processor object at 0x1180b7ee0>
92.06867000000025,0,17386,<entities.dtn.DTN object at 0x1180d1550>,<entities.processor.Processor object at 0x1180b7ee0>
152.06870000000026,0,17386,<entities.dtn.DTN object at 0x1180d1550>,<entities.processor.Processor object at 0x1180b7ee0>
36.075740000000366,0,72162,<entities.dtn.DTN object at 0x1180d1550>,<entities.processor.Processor object at 0x1180d1220>
38.07577000000037,0,72162,<entities.dtn.DTN object at 0x1180d1550>,<entities.processor.Processor object at 0x1180d1220>
42.07580000000037,0,72162,<entities.dtn.DTN object at 0x1180d1550>,<entities.processor.Processor object at 0x1180d1220>
50.07583000000037,0,72162,<entities.dtn.DTN object at 0x1180d1550>,<entities.processor.Processor object at 0x1180d1220>
66.07586000000036,0,72162,<entities.dtn.DTN object at 0x1180d1550>,<entities.processor.Processor object at 0x1180d1220>
98.07589000000036,0,72162,<entities.dtn.DTN object at 0x1180d1550>,<entities.processor.Processor object at 0x1180d1220>
158.07592000000037,0,72162,<entities.dtn.DTN object at 0x1180d1550>,<entities.processor.Processor object at 0x1180d1220>
36.57587000000038,0,94272,<entities.dtn.DTN object at 0x1180d1550>,<entities.processor.Processor object at 0x1180b7c10>
38.57590000000038,0,94272,<entities.dtn.DTN object at 0x1180d1550>,<entities.processor.Processor object at 0x1180b7c10>
42.57593000000038,0,94272,<entities.dtn.DTN object at 0x1180d1550>,<entities.processor.Processor object at 0x1180b7c10>
50.575960000000386,0,94272,<entities.dtn.DTN object at 0x1180d1550>,<entities.processor.Processor object at 0x1180b7c10>
66.57599000000037,0,94272,<entities.dtn.DTN object at 0x1180d1550>,<entities.processor.Processor object at 0x1180b7c10>
98.57602000000037,0,94272,<entities.dtn.DTN object at 0x1180d1550>,<entities.processor.Processor object at 0x1180b7c10>
158.57605000000038,0,94272,<entities.dtn.DTN object at 0x1180d1550>,<entities.processor.Processor object at 0x1180b7c10>
41.0,0,99734,<entities.processor.Processor object at 0x1180b7c10>,<entities.dtn.DTN object at 0x1180d1550>
41.34834000000045,0,59707,<entities.dtn.DTN object at 0x1180d1550>,<entities.processor.Processor object at 0x1180b7ee0>
43.34837000000045,0,59707,<entities.dtn.DTN object at 0x1180d1550>,<entities.processor.Processor object at 0x1180b7ee0>
47.34840000000045,0,59707,<entities.dtn.DTN object at 0x1180d1550>,<entities.processor.Processor object at 0x1180b7ee0>
55.348430000000455,0,59707,<entities.dtn.DTN object at 0x1180d1550>,<entities.processor.Processor object at 0x1180b7ee0>
71.34846000000046,0,59707,<entities.dtn.DTN object at 0x1180d1550>,<entities.processor.Processor object at 0x1180b7ee0>
103.34849000000045,0,59707,<entities.dtn.DTN object at 0x1180d1550>,<entities.processor.Processor object at 0x1180b7ee0>
163.34852000000046,0,59707,<entities.dtn.DTN object at 0x1180d1550>,<entities.processor.Processor object at 0x1180b7ee0>
41.5,0,76891,<entities.processor.Processor object at 0x1180b7ee0>,<entities.dtn.DTN object at 0x1180d1550>
42.59219000000048,0,29856,<entities.dtn.DTN object at 0x1180d1550>,<entities.processor.Processor object at 0x1180d1220>
44.59222000000048,0,29856,<entities.dtn.DTN object at 0x1180d1550>,<entities.processor.Processor object at 0x1180d1220>
48.59225000000048,0,29856,<entities.dtn.DTN object at 0x1180d1550>,<entities.processor.Processor object at 0x1180d1220>
56.592280000000486,0,29856,<entities.dtn.DTN object at 0x1180d1550>,<entities.processor.Processor object at 0x1180d1220>
72.59231000000048,0,29856,<entities.dtn.DTN object at 0x1180d1550>,<entities.processor.Processor object at 0x1180d1220>
104.59234000000048,0,29856,<entities.dtn.DTN object at 0x1180d1550>,<entities.processor.Processor object at 0x1180d1220>
164.5923700000005,0,29856,<entities.dtn.DTN object at 0x1180d1550>,<entities.processor.Processor object at 0x1180d1220>
44.0,0,21208,<entities.processor.Processor object at 0x1180b7c10>,<entities.dtn.DTN object at 0x1180d1550>
44.16929000000053,0,14229,<entities.dtn.DTN object at 0x1180d1550>,<entities.processor.Processor object at 0x1180b7c10>
46.16932000000053,0,14229,<entities.dtn.DTN object at 0x1180d1550>,<entities.processor.Processor object at 0x1180b7c10>
50.169350000000534,0,14229,<entities.dtn.DTN object at 0x1180d1550>,<entities.processor.Processor object at 0x1180b7c10>
58.16938000000054,0,14229,<entities.dtn.DTN object at 0x1180d1550>,<entities.processor.Processor object at 0x1180b7c10>
74.16941000000052,0,14229,<entities.dtn.DTN object at 0x1180d1550>,<entities.processor.Processor object at 0x1180b7c10>
106.16944000000052,0,14229,<entities.dtn.DTN object at 0x1180d1550>,<entities.processor.Processor object at 0x1180b7c10>
166.16947000000053,0,14229,<entities.dtn.DTN object at 0x1180d1550>,<entities.processor.Processor object at 0x1180b7c10>
44.169420000000535,0,44003,<entities.dtn.DTN object at 0x1180d1550>,<entities.processor.Processor object at 0x1180b7ee0>
46.16945000000054,0,44003,<entities.dtn.DTN object at 0x1180d1550>,<entities.processor.Processor object at 0x1180b7ee0>
50.16948000000054,0,44003,<entities.dtn.DTN object at 0x1180d1550>,<entities.processor.Processor object at 0x1180b7ee0>
58.16951000000054,0,44003,<entities.dtn.DTN object at 0x1180d1550>,<entities.processor.Processor object at 0x1180b7ee0>
74.16954000000054,0,44003,<entities.dtn.DTN object at 0x1180d1550>,<entities.processor.Processor object at 0x1180b7ee0>
106.16957000000053,0,44003,<entities.dtn.DTN object at 0x1180d1550>,<entities.processor.Processor object at 0x1180b7ee0>
166.16960000000054,0,44003,<entities.dtn.DTN object at 0x1180d1550>,<entities.processor.Processor object at 0x1180b7ee0>
45.5,0,28097,<entities.processor.Processor object at 0x1180d1220>,<entities.dtn.DTN object at 0x1180d1550>
45.74639000000058,0,19570,<entities.dtn.DTN object at 0x1180d1550>,<entities.processor.Processor object at 0x1180b7c10>
47.74642000000058,0,19570,<entities.dtn.DTN object at 0x1180d1550>,<entities.processor.Processor object at 0x1180b7c10>
51.746450000000586,0,19570,<entities.dtn.DTN object at 0x1180d1550>,<entities.processor.Processor object at 0x1180b7c10>
59.74648000000059,0,19570,<entities.dtn.DTN object at 0x1180d1550>,<entities.processor.Processor object at 0x1180b7c10>
75.74651000000058,0,19570,<entities.dtn.DTN object at 0x1180d1550>,<entities.processor.Processor object at 0x1180b7c10>
107.74654000000058,0,19570,<entities.dtn.DTN object at 0x1180d1550>,<entities.processor.Processor object at 0x1180b7c10>
167.7465700000006,0,19570,<entities.dtn.DTN object at 0x1180d1550>,<entities.processor.Processor object at 0x1180b7c10>
45.74652000000059,0,95716,<entities.dtn.DTN object at 0x1180d1550>,<entities.processor.Processor object at 0x1180b7ee0>
47.74655000000059,0,95716,<entities.dtn.DTN object at 0x1180d1550>,<entities.processor.Processor object at 0x1180b7ee0>
51.74658000000059,0,95716,<entities.dtn.DTN object at 0x1180d1550>,<entities.processor.Processor object at 0x1180b7ee0>
59.746610000000594,0,95716,<entities.dtn.DTN object at 0x1180d1550>,<entities.processor.Processor object at 0x1180b7ee0>
75.7466400000006,0,95716,<entities.dtn.DTN object at 0x1180d1550>,<entities.processor.Processor object at 0x1180b7ee0>
107.74667000000059,0,95716,<entities.dtn.DTN object at 0x1180d1550>,<entities.processor.Processor object at 0x1180b7ee0>
167.7467000000006,0,95716,<entities.dtn.DTN object at 0x1180d1550>,<entities.processor.Processor object at 0x1180b7ee0>
46.7089400000006,0,24351,<entities.dtn.DTN object at 0x1180d1550>,<entities.processor.Processor object at 0x1180b7c10>
48.708970000000605,0,24351,<entities.dtn.DTN object at 0x1180d1550>,<entities.processor.Processor object at 0x1180b7c10>
52.70900000000061,0,24351,<entities.dtn.DTN object at 0x1180d1550>,<entities.processor.Processor object at 0x1180b7c10>
60.70903000000061,0,24351,<entities.dtn.DTN object at 0x1180d1550>,<entities.processor.Processor object at 0x1180b7c10>
76.7090600000006,0,24351,<entities.dtn.DTN object at 0x1180d1550>,<entities.processor.Processor object at 0x1180b7c10>
108.7090900000006,0,24351,<entities.dtn.DTN object at 0x1180d1550>,<entities.processor.Processor object at 0x1180b7c10>
168.7091200000006,0,24351,<entities.dtn.DTN object at 0x1180d1550>,<entities.processor.Processor object at 0x1180b7c10>
47.771490000000625,0,71959,<entities.dtn.DTN object at 0x1180d1550>,<entities.processor.Processor object at 0x1180b7c10>
49.77152000000063,0,71959,<entities.dtn.DTN object at 0x1180d1550>,<entities.processor.Processor object at 0x1180b7c10>
53.77155000000063,0,71959,<entities.dtn.DTN object at 0x1180d1550>,<entities.processor.Processor object at 0x1180b7c10>
61.77158000000063,0,71959,<entities.dtn.DTN object at 0x1180d1550>,<entities.processor.Processor object at 0x1180b7c10>
77.77161000000062,0,71959,<entities.dtn.DTN object at 0x1180d1550>,<entities.processor.Processor object at 0x1180b7c10>
109.77164000000062,0,71959,<entities.dtn.DTN object at 0x1180d1550>,<entities.processor.Processor object at 0x1180b7c10>
169.77167000000063,0,71959,<entities.dtn.DTN object at 0x1180d1550>,<entities.processor.Processor object at 0x1180b7c10>
47.77162000000063,0,71524,<entities.dtn.DTN object at 0x1180d1550>,<entities.processor.Processor object at 0x1180d1220>
49.77165000000063,0,71524,<entities.dtn.DTN object at 0x1180d1550>,<entities.processor.Processor object at 0x1180d1220>
53.771680000000636,0,71524,<entities.dtn.DTN object at 0x1180d1550>,<entities.processor.Processor object at 0x1180d1220>
61.77171000000064,0,71524,<entities.dtn.DTN object at 0x1180d1550>,<entities.processor.Processor object at 0x1180d1220>
77.77174000000063,0,71524,<entities.dtn.DTN object at 0x1180d1550>,<entities.processor.Processor object at 0x1180d1220>
109.77177000000063,0,71524,<entities.dtn.DTN object at 0x1180d1550>,<entities.processor.Processor object at 0x1180d1220>
169.77180000000064,0,71524,<entities.dtn.DTN object at 0x1180d1550>,<entities.processor.Processor object at 0x1180d1220>
47.77175000000064,0,52866,<entities.dtn.DTN object at 0x1180d1550>,<entities.processor.Processor object at 0x1180d1220>
49.77178000000064,0,52866,<entities.dtn.DTN object at 0x1180d1550>,<entities.processor.Processor object at 0x1180d1220>
53.77181000000064,0,52866,<entities.dtn.DTN object at 0x1180d1550>,<entities.processor.Processor object at 0x1180d1220>
61.771840000000644,0,52866,<entities.dtn.DTN object at 0x1180d1550>,<entities.processor.Processor object at 0x1180d1220>
77.77187000000065,0,52866,<entities.dtn.DTN object at 0x1180d1550>,<entities.processor.Processor object at 0x1180d1220>
109.77190000000064,0,52866,<entities.dtn.DTN object at 0x1180d1550>,<entities.processor.Processor object at 0x1180d1220>
169.77193000000065,0,52866,<entities.dtn.DTN object at 0x1180d1550>,<entities.processor.Processor object at 0x1180d1220>
49.07188000000066,0,19125,<entities.dtn.DTN object at 0x1180d1550>,<entities.processor.Processor object at 0x1180b7ee0>
51.07191000000066,0,19125,<entities.dtn.DTN object at 0x1180d1550>,<entities.processor.Processor object at 0x1180b7ee0>
55.071940000000666,0,19125,<entities.dtn.DTN object at 0x1180d1550>,<entities.processor.Processor object at 0x1180b7ee0>
63.07197000000067,0,19125,<entities.dtn.DTN object at 0x1180d1550>,<entities.processor.Processor object at 0x1180b7ee0>
79.07200000000067,0,19125,<entities.dtn.DTN object at 0x1180d1550>,<entities.processor.Processor object at 0x1180b7ee0>
111.07203000000067,0,19125,<entities.dtn.DTN object at 0x1180d1550>,<entities.processor.Processor object at 0x1180b7ee0>
171.07206000000068,0,19125,<entities.dtn.DTN object at 0x1180d1550>,<entities.processor.Processor object at 0x1180b7ee0>
49.572010000000674,0,53570,<entities.dtn.DTN object at 0x1180d1550>,<entities.processor.Processor object at 0x1180b7c10>
51.572040000000676,0,53570,<entities.dtn.DTN object at 0x1180d1550>,<entities.processor.Processor object at 0x1180b7c10>
55.57207000000068,0,53570,<entities.dtn.DTN object at 0x1180d1550>,<entities.processor.Processor object at 0x1180b7c10>
63.57210000000068,0,53570,<entities.dtn.DTN object at 0x1180d1550>,<entities.processor.Processor object at 0x1180b7c10>
79.57213000000068,0,53570,<entities.dtn.DTN object at 0x1180d1550>,<entities.processor.Processor object at 0x1180b7c10>
111.57216000000068,0,53570,<entities.dtn.DTN object at 0x1180d1550>,<entities.processor.Processor object at 0x1180b7c10>
171.5721900000007,0,53570,<entities.dtn.DTN object at 0x1180d1550>,<entities.processor.Processor object at 0x1180b7c10>
50.572140000000694,0,90982,<entities.dtn.DTN object at 0x1180d1550>,<entities.processor.Processor object at 0x1180b7ee0>
52.572170000000696,0,90982,<entities.dtn.DTN object at 0x1180d1550>,<entities.processor.Processor object at 0x1180b7ee0>
56.5722000000007,0,90982,<entities.dtn.DTN object at 0x1180d1550>,<entities.processor.Processor object at 0x1180b7ee0>
64.57223000000069,0,90982,<entities.dtn.DTN object at 0x1180d1550>,<entities.processor.Processor object at 0x1180b7ee0>
80.57226000000068,0,90982,<entities.dtn.DTN object at 0x1180d1550>,<entities.processor.Processor object at 0x1180b7ee0>
112.57229000000068,0,90982,<entities.dtn.DTN object at 0x1180d1550>,<entities.processor.Processor object at 0x1180b7ee0>
172.5723200000007,0,90982,<entities.dtn.DTN object at 0x1180d1550>,<entities.processor.Processor object at 0x1180b7ee0>
51.07227000000071,0,30499,<entities.dtn.DTN object at 0x1180d1550>,<entities.processor.Processor object at 0x1180d1220>
53.07230000000071,0,30499,<entities.dtn.DTN object at 0x1180d1550>,<entities.processor.Processor object at 0x1180d1220>
57.07233000000071,0,30499,<entities.dtn.DTN object at 0x1180d1550>,<entities.processor.Processor object at 0x1180d1220>
65.0723600000007,0,30499,<entities.dtn.DTN object at 0x1180d1550>,<entities.processor.Processor object at 0x1180d1220>
81.0723900000007,0,30499,<entities.dtn.DTN object at 0x1180d1550>,<entities.processor.Processor object at 0x1180d1220>
113.07242000000069,0,30499,<entities.dtn.DTN object at 0x1180d1550>,<entities.processor.Processor object at 0x1180d1220>
173.0724500000007,0,30499,<entities.dtn.DTN object at 0x1180d1550>,<entities.processor.Processor object at 0x1180d1220>
52.572400000000734,0,21901,<entities.dtn.DTN object at 0x1180d1550>,<entities.processor.Processor object at 0x1180b7c10>
54.572430000000736,0,21901,<entities.dtn.DTN object at 0x1180d1550>,<entities.processor.Processor object at 0x1180b7c10>
58.57246000000074,0,21901,<entities.dtn.DTN object at 0x1180d1550>,<entities.processor.Processor object at 0x1180b7c10>
66.57249000000074,0,21901,<entities.dtn.DTN object at 0x1180d1550>,<entities.processor.Processor object at 0x1180b7c10>
82.57252000000074,0,21901,<entities.dtn.DTN object at 0x1180d1550>,<entities.processor.Processor object at 0x1180b7c10>
114.57255000000073,0,21901,<entities.dtn.DTN object at 0x1180d1550>,<entities.processor.Processor object at 0x1180b7c10>
174.57258000000073,0,21901,<entities.dtn.DTN object at 0x1180d1550>,<entities.processor.Processor object at 0x1180b7c10>
55.57253000000078,0,24104,<entities.dtn.DTN object at 0x1180d1550>,<entities.processor.Processor object at 0x1180d1220>
57.572560000000784,0,24104,<entities.dtn.DTN object at 0x1180d1550>,<entities.processor.Processor object at 0x1180d1220>
61.57259000000079,0,24104,<entities.dtn.DTN object at 0x1180d1550>,<entities.processor.Processor object at 0x1180d1220>
69.57262000000078,0,24104,<entities.dtn.DTN object at 0x1180d1550>,<entities.processor.Processor object at 0x1180d1220>
85.57265000000078,0,24104,<entities.dtn.DTN object at 0x1180d1550>,<entities.processor.Processor object at 0x1180d1220>
117.57268000000077,0,24104,<entities.dtn.DTN object at 0x1180d1550>,<entities.processor.Processor object at 0x1180d1220>
177.5727100000008,0,24104,<entities.dtn.DTN object at 0x1180d1550>,<entities.processor.Processor object at 0x1180d1220>
57.144090000000766,0,72332,<entities.dtn.DTN object at 0x1180d1550>,<entities.processor.Processor object at 0x1180b7c10>
59.14412000000077,0,72332,<entities.dtn.DTN object at 0x1180d1550>,<entities.processor.Processor object at 0x1180b7c10>
63.14415000000077,0,72332,<entities.dtn.DTN object at 0x1180d1550>,<entities.processor.Processor object at 0x1180b7c10>
71.14418000000076,0,72332,<entities.dtn.DTN object at 0x1180d1550>,<entities.processor.Processor object at 0x1180b7c10>
87.14421000000075,0,72332,<entities.dtn.DTN object at 0x1180d1550>,<entities.processor.Processor object at 0x1180b7c10>
119.14424000000075,0,72332,<entities.dtn.DTN object at 0x1180d1550>,<entities.processor.Processor object at 0x1180b7c10>
179.14427000000077,0,72332,<entities.dtn.DTN object at 0x1180d1550>,<entities.processor.Processor object at 0x1180b7c10>
57.14422000000077,0,6335,<entities.dtn.DTN object at 0x1180d1550>,<entities.processor.Processor object at 0x1180b7ee0>
59.144250000000774,0,6335,<entities.dtn.DTN object at 0x1180d1550>,<entities.processor.Processor object at 0x1180b7ee0>
63.14428000000078,0,6335,<entities.dtn.DTN object at 0x1180d1550>,<entities.processor.Processor object at 0x1180b7ee0>
71.14431000000077,0,6335,<entities.dtn.DTN object at 0x1180d1550>,<entities.processor.Processor object at 0x1180b7ee0>
87.14434000000077,0,6335,<entities.dtn.DTN object at 0x1180d1550>,<entities.processor.Processor object at 0x1180b7ee0>
119.14437000000076,0,6335,<entities.dtn.DTN object at 0x1180d1550>,<entities.processor.Processor object at 0x1180b7ee0>
179.1444000000008,0,6335,<entities.dtn.DTN object at 0x1180d1550>,<entities.processor.Processor object at 0x1180b7ee0>
60.04435000000082,0,43659,<entities.dtn.DTN object at 0x1180d1550>,<entities.processor.Processor object at 0x1180b7ee0>
62.04438000000082,0,43659,<entities.dtn.DTN object at 0x1180d1550>,<entities.processor.Processor object at 0x1180b7ee0>
66.04441000000081,0,43659,<entities.dtn.DTN object at 0x1180d1550>,<entities.processor.Processor object at 0x1180b7ee0>
74.0444400000008,0,43659,<entities.dtn.DTN object at 0x1180d1550>,<entities.processor.Processor object at 0x1180b7ee0>
90.0444700000008,0,43659,<entities.dtn.DTN object at 0x1180d1550>,<entities.processor.Processor object at 0x1180b7ee0>
122.0445000000008,0,43659,<entities.dtn.DTN object at 0x1180d1550>,<entities.processor.Processor object at 0x1180b7ee0>
182.0445300000008,0,43659,<entities.dtn.DTN object at 0x1180d1550>,<entities.processor.Processor object at 0x1180b7ee0>
60.54448000000083,0,87574,<entities.dtn.DTN object at 0x1180d1550>,<entities.processor.Processor object at 0x1180b7ee0>
62.544510000000834,0,87574,<entities.dtn.DTN object at 0x1180d1550>,<entities.processor.Processor object at 0x1180b7ee0>
66.54454000000082,0,87574,<entities.dtn.DTN object at 0x1180d1550>,<entities.processor.Processor object at 0x1180b7ee0>
74.54457000000082,0,87574,<entities.dtn.DTN object at 0x1180d1550>,<entities.processor.Processor object at 0x1180b7ee0>
90.54460000000081,0,87574,<entities.dtn.DTN object at 0x1180d1550>,<entities.processor.Processor object at 0x1180b7ee0>
122.54463000000081,0,87574,<entities.dtn.DTN object at 0x1180d1550>,<entities.processor.Processor object at 0x1180b7ee0>
182.54466000000082,0,87574,<entities.dtn.DTN object at 0x1180d1550>,<entities.processor.Processor object at 0x1180b7ee0>
65.17714000000088,0,28386,<entities.dtn.DTN object at 0x1180d1550>,<entities.processor.Processor object at 0x1180b7ee0>
67.17717000000087,0,28386,<entities.dtn.DTN object at 0x1180d1550>,<entities.processor.Processor object at 0x1180b7ee0>
71.17720000000087,0,28386,<entities.dtn.DTN object at 0x1180d1550>,<entities.processor.Processor object at 0x1180b7ee0>
79.17723000000086,0,28386,<entities.dtn.DTN object at 0x1180d1550>,<entities.processor.Processor object at 0x1180b7ee0>
95.17726000000086,0,28386,<entities.dtn.DTN object at 0x1180d1550>,<entities.processor.Processor object at 0x1180b7ee0>
127.17729000000085,0,28386,<entities.dtn.DTN object at 0x1180d1550>,<entities.processor.Processor object at 0x1180b7ee0>
187.17732000000086,0,28386,<entities.dtn.DTN object at 0x1180d1550>,<entities.processor.Processor object at 0x1180b7ee0>
65.17727000000087,0,51234,<entities.dtn.DTN object at 0x1180d1550>,<entities.processor.Processor object at 0x1180b7ee0>
67.17730000000087,0,51234,<entities.dtn.DTN object at 0x1180d1550>,<entities.processor.Processor object at 0x1180b7ee0>
71.17733000000086,0,51234,<entities.dtn.DTN object at 0x1180d1550>,<entities.processor.Processor object at 0x1180b7ee0>
79.17736000000086,0,51234,<entities.dtn.DTN object at 0x1180d1550>,<entities.processor.Processor object at 0x1180b7ee0>
95.17739000000086,0,51234,<entities.dtn.DTN object at 0x1180d1550>,<entities.processor.Processor object at 0x1180b7ee0>
127.17742000000085,0,51234,<entities.dtn.DTN object at 0x1180d1550>,<entities.processor.Processor object at 0x1180b7ee0>
187.17745000000085,0,51234,<entities.dtn.DTN object at 0x1180d1550>,<entities.processor.Processor object at 0x1180b7ee0>
66.54189000000088,0,89331,<entities.dtn.DTN object at 0x1180d1550>,<entities.processor.Processor object at 0x1180b7ee0>
68.54192000000087,0,89331,<entities.dtn.DTN object at 0x1180d1550>,<entities.processor.Processor object at 0x1180b7ee0>
72.54195000000087,0,89331,<entities.dtn.DTN object at 0x1180d1550>,<entities.processor.Processor object at 0x1180b7ee0>
80.54198000000086,0,89331,<entities.dtn.DTN object at 0x1180d1550>,<entities.processor.Processor object at 0x1180b7ee0>
96.54201000000086,0,89331,<entities.dtn.DTN object at 0x1180d1550>,<entities.processor.Processor object at 0x1180b7ee0>
128.54204000000087,0,89331,<entities.dtn.DTN object at 0x1180d1550>,<entities.processor.Processor object at 0x1180b7ee0>
188.54207000000088,0,89331,<entities.dtn.DTN object at 0x1180d1550>,<entities.processor.Processor object at 0x1180b7ee0>
68.04202000000079,0,53350,<entities.dtn.DTN object at 0x1180d1550>,<entities.processor.Processor object at 0x1180b7ee0>
70.04205000000078,0,53350,<entities.dtn.DTN object at 0x1180d1550>,<entities.processor.Processor object at 0x1180b7ee0>
74.04208000000078,0,53350,<entities.dtn.DTN object at 0x1180d1550>,<entities.processor.Processor object at 0x1180b7ee0>
82.04211000000078,0,53350,<entities.dtn.DTN object at 0x1180d1550>,<entities.processor.Processor object at 0x1180b7ee0>
98.04214000000077,0,53350,<entities.dtn.DTN object at 0x1180d1550>,<entities.processor.Processor object at 0x1180b7ee0>
130.04217000000077,0,53350,<entities.dtn.DTN object at 0x1180d1550>,<entities.processor.Processor object at 0x1180b7ee0>
190.04220000000078,0,53350,<entities.dtn.DTN object at 0x1180d1550>,<entities.processor.Processor object at 0x1180b7ee0>
71.04215000000062,0,41021,<entities.dtn.DTN object at 0x1180d1550>,<entities.processor.Processor object at 0x1180b7ee0>
73.04218000000061,0,41021,<entities.dtn.DTN object at 0x1180d1550>,<entities.processor.Processor object at 0x1180b7ee0>
77.04221000000061,0,41021,<entities.dtn.DTN object at 0x1180d1550>,<entities.processor.Processor object at 0x1180b7ee0>
85.0422400000006,0,41021,<entities.dtn.DTN object at 0x1180d1550>,<entities.processor.Processor object at 0x1180b7ee0>
101.0422700000006,0,41021,<entities.dtn.DTN object at 0x1180d1550>,<entities.processor.Processor object at 0x1180b7ee0>
133.0423000000006,0,41021,<entities.dtn.DTN object at 0x1180d1550>,<entities.processor.Processor object at 0x1180b7ee0>
193.04233000000062,0,41021,<entities.dtn.DTN object at 0x1180d1550>,<entities.processor.Processor object at 0x1180b7ee0>
71.54228000000059,0,1461,<entities.dtn.DTN object at 0x1180d1550>,<entities.processor.Processor object at 0x1180b7ee0>
73.54231000000058,0,1461,<entities.dtn.DTN object at 0x1180d1550>,<entities.processor.Processor object at 0x1180b7ee0>
77.54234000000058,0,1461,<entities.dtn.DTN object at 0x1180d1550>,<entities.processor.Processor object at 0x1180b7ee0>
85.54237000000057,0,1461,<entities.dtn.DTN object at 0x1180d1550>,<entities.processor.Processor object at 0x1180b7ee0>
101.54240000000057,0,1461,<entities.dtn.DTN object at 0x1180d1550>,<entities.processor.Processor object at 0x1180b7ee0>
133.54243000000056,0,1461,<entities.dtn.DTN object at 0x1180d1550>,<entities.processor.Processor object at 0x1180b7ee0>
193.54246000000057,0,1461,<entities.dtn.DTN object at 0x1180d1550>,<entities.processor.Processor object at 0x1180b7ee0>
71.54241000000059,0,76936,<entities.dtn.DTN object at 0x1180d1550>,<entities.processor.Processor object at 0x1180b7ee0>
73.54244000000058,0,76936,<entities.dtn.DTN object at 0x1180d1550>,<entities.processor.Processor object at 0x1180b7ee0>
77.54247000000058,0,76936,<entities.dtn.DTN object at 0x1180d1550>,<entities.processor.Processor object at 0x1180b7ee0>
85.54250000000057,0,76936,<entities.dtn.DTN object at 0x1180d1550>,<entities.processor.Processor object at 0x1180b7ee0>
101.54253000000057,0,76936,<entities.dtn.DTN object at 0x1180d1550>,<entities.processor.Processor object at 0x1180b7ee0>
133.54256000000058,0,76936,<entities.dtn.DTN object at 0x1180d1550>,<entities.processor.Processor object at 0x1180b7ee0>
193.5425900000006,0,76936,<entities.dtn.DTN object at 0x1180d1550>,<entities.processor.Processor object at 0x1180b7ee0>
72.04254000000056,0,45041,<entities.dtn.DTN object at 0x1180d1550>,<entities.processor.Processor object at 0x1180b7c10>
74.04257000000055,0,45041,<entities.dtn.DTN object at 0x1180d1550>,<entities.processor.Processor object at 0x1180b7c10>
78.04260000000055,0,45041,<entities.dtn.DTN object at 0x1180d1550>,<entities.processor.Processor object at 0x1180b7c10>
86.04263000000054,0,45041,<entities.dtn.DTN object at 0x1180d1550>,<entities.processor.Processor object at 0x1180b7c10>
102.04266000000054,0,45041,<entities.dtn.DTN object at 0x1180d1550>,<entities.processor.Processor object at 0x1180b7c10>
134.04269000000053,0,45041,<entities.dtn.DTN object at 0x1180d1550>,<entities.processor.Processor object at 0x1180b7c10>
194.04272000000054,0,45041,<entities.dtn.DTN object at 0x1180d1550>,<entities.processor.Processor object at 0x1180b7c10>
73.54267000000047,0,83478,<entities.dtn.DTN object at 0x1180d1550>,<entities.processor.Processor object at 0x1180d1220>
75.54270000000047,0,83478,<entities.dtn.DTN object at 0x1180d1550>,<entities.processor.Processor object at 0x1180d1220>
79.54273000000046,0,83478,<entities.dtn.DTN object at 0x1180d1550>,<entities.processor.Processor object at 0x1180d1220>
87.54276000000046,0,83478,<entities.dtn.DTN object at 0x1180d1550>,<entities.processor.Processor object at 0x1180d1220>
103.54279000000045,0,83478,<entities.dtn.DTN object at 0x1180d1550>,<entities.processor.Processor object at 0x1180d1220>
135.54282000000046,0,83478,<entities.dtn.DTN object at 0x1180d1550>,<entities.processor.Processor object at 0x1180d1220>
195.54285000000047,0,83478,<entities.dtn.DTN object at 0x1180d1550>,<entities.processor.Processor object at 0x1180d1220>
