time,cwnd,connection_id,src,dst
7.13007499999999,2.0,96568,<entities.dtn.DTN object at 0x10573ddc0>,<entities.dtn.DTN object at 0x10577b4c0>
7.23007499999999,3.0,96568,<entities.dtn.DTN object at 0x10573ddc0>,<entities.dtn.DTN object at 0x10577b4c0>
7.240149999999989,4.0,96568,<entities.dtn.DTN object at 0x10573ddc0>,<entities.dtn.DTN object at 0x10577b4c0>
7.340149999999989,5.0,96568,<entities.dtn.DTN object at 0x10573ddc0>,<entities.dtn.DTN object at 0x10577b4c0>
7.3502249999999885,6.0,96568,<entities.dtn.DTN object at 0x10573ddc0>,<entities.dtn.DTN object at 0x10577b4c0>
7.3502249999999885,7.0,96568,<entities.dtn.DTN object at 0x10573ddc0>,<entities.dtn.DTN object at 0x10577b4c0>
7.360299999999988,8.0,96568,<entities.dtn.DTN object at 0x10573ddc0>,<entities.dtn.DTN object at 0x10577b4c0>
7.460299999999988,9.0,96568,<entities.dtn.DTN object at 0x10573ddc0>,<entities.dtn.DTN object at 0x10577b4c0>
7.470374999999987,10.0,96568,<entities.dtn.DTN object at 0x10573ddc0>,<entities.dtn.DTN object at 0x10577b4c0>
7.470374999999987,11.0,96568,<entities.dtn.DTN object at 0x10573ddc0>,<entities.dtn.DTN object at 0x10577b4c0>
7.480449999999987,12.0,96568,<entities.dtn.DTN object at 0x10573ddc0>,<entities.dtn.DTN object at 0x10577b4c0>
7.4905249999999866,13.0,96568,<entities.dtn.DTN object at 0x10573ddc0>,<entities.dtn.DTN object at 0x10577b4c0>
7.4905249999999866,14.0,96568,<entities.dtn.DTN object at 0x10573ddc0>,<entities.dtn.DTN object at 0x10577b4c0>
7.510674999999986,7.0,96568,<entities.dtn.DTN object at 0x10573ddc0>,<entities.dtn.DTN object at 0x10577b4c0>
7.510674999999986,3.0,96568,<entities.dtn.DTN object at 0x10573ddc0>,<entities.dtn.DTN object at 0x10577b4c0>
7.520749999999985,4.0,96568,<entities.dtn.DTN object at 0x10573ddc0>,<entities.dtn.DTN object at 0x10577b4c0>
7.520749999999985,5.0,96568,<entities.dtn.DTN object at 0x10573ddc0>,<entities.dtn.DTN object at 0x10577b4c0>
7.530824999999985,6.0,96568,<entities.dtn.DTN object at 0x10573ddc0>,<entities.dtn.DTN object at 0x10577b4c0>
7.530824999999985,7.0,96568,<entities.dtn.DTN object at 0x10573ddc0>,<entities.dtn.DTN object at 0x10577b4c0>
7.540899999999985,8.0,96568,<entities.dtn.DTN object at 0x10573ddc0>,<entities.dtn.DTN object at 0x10577b4c0>
7.540899999999985,9.0,96568,<entities.dtn.DTN object at 0x10573ddc0>,<entities.dtn.DTN object at 0x10577b4c0>
7.550974999999984,10.0,96568,<entities.dtn.DTN object at 0x10573ddc0>,<entities.dtn.DTN object at 0x10577b4c0>
7.550974999999984,11.0,96568,<entities.dtn.DTN object at 0x10573ddc0>,<entities.dtn.DTN object at 0x10577b4c0>
7.561049999999984,12.0,96568,<entities.dtn.DTN object at 0x10573ddc0>,<entities.dtn.DTN object at 0x10577b4c0>
8.463060060424791,1.0,96568,<entities.dtn.DTN object at 0x10573ddc0>,<entities.dtn.DTN object at 0x10577b4c0>
8.463090060424792,1.0,96568,<entities.dtn.DTN object at 0x10573ddc0>,<entities.dtn.DTN object at 0x10577b4c0>
8.561049999999982,2.0,96568,<entities.dtn.DTN object at 0x10573ddc0>,<entities.dtn.DTN object at 0x10577b4c0>
8.56524130287169,1.0,96568,<entities.dtn.DTN object at 0x10573ddc0>,<entities.dtn.DTN object at 0x10577b4c0>
8.56527130287169,1.0,96568,<entities.dtn.DTN object at 0x10573ddc0>,<entities.dtn.DTN object at 0x10577b4c0>
8.57112499999998,2.0,96568,<entities.dtn.DTN object at 0x10573ddc0>,<entities.dtn.DTN object at 0x10577b4c0>
8.577228640012727,1.0,96568,<entities.dtn.DTN object at 0x10573ddc0>,<entities.dtn.DTN object at 0x10577b4c0>
8.577228640012727,1.0,96568,<entities.dtn.DTN object at 0x10573ddc0>,<entities.dtn.DTN object at 0x10577b4c0>
8.577258640012728,1.0,96568,<entities.dtn.DTN object at 0x10573ddc0>,<entities.dtn.DTN object at 0x10577b4c0>
8.577258640012728,1.0,96568,<entities.dtn.DTN object at 0x10573ddc0>,<entities.dtn.DTN object at 0x10577b4c0>
8.59153974000974,1.0,96568,<entities.dtn.DTN object at 0x10573ddc0>,<entities.dtn.DTN object at 0x10577b4c0>
8.59156974000974,1.0,96568,<entities.dtn.DTN object at 0x10573ddc0>,<entities.dtn.DTN object at 0x10577b4c0>
8.60401414750852,1.0,96568,<entities.dtn.DTN object at 0x10573ddc0>,<entities.dtn.DTN object at 0x10577b4c0>
8.60401414750852,1.0,96568,<entities.dtn.DTN object at 0x10573ddc0>,<entities.dtn.DTN object at 0x10577b4c0>
8.604044147508521,1.0,96568,<entities.dtn.DTN object at 0x10573ddc0>,<entities.dtn.DTN object at 0x10577b4c0>
8.604044147508521,1.0,96568,<entities.dtn.DTN object at 0x10573ddc0>,<entities.dtn.DTN object at 0x10577b4c0>
8.671124999999982,2.0,96568,<entities.dtn.DTN object at 0x10573ddc0>,<entities.dtn.DTN object at 0x10577b4c0>
8.681199999999981,3.0,96568,<entities.dtn.DTN object at 0x10573ddc0>,<entities.dtn.DTN object at 0x10577b4c0>
8.681199999999983,4.0,96568,<entities.dtn.DTN object at 0x10573ddc0>,<entities.dtn.DTN object at 0x10577b4c0>
8.691274999999981,5.0,96568,<entities.dtn.DTN object at 0x10573ddc0>,<entities.dtn.DTN object at 0x10577b4c0>
8.691274999999983,6.0,96568,<entities.dtn.DTN object at 0x10573ddc0>,<entities.dtn.DTN object at 0x10577b4c0>
8.701349999999982,7.0,96568,<entities.dtn.DTN object at 0x10573ddc0>,<entities.dtn.DTN object at 0x10577b4c0>
8.701349999999984,8.0,96568,<entities.dtn.DTN object at 0x10573ddc0>,<entities.dtn.DTN object at 0x10577b4c0>
8.711424999999982,9.0,96568,<entities.dtn.DTN object at 0x10573ddc0>,<entities.dtn.DTN object at 0x10577b4c0>
8.711424999999984,10.0,96568,<entities.dtn.DTN object at 0x10573ddc0>,<entities.dtn.DTN object at 0x10577b4c0>
8.721499999999983,11.0,96568,<entities.dtn.DTN object at 0x10573ddc0>,<entities.dtn.DTN object at 0x10577b4c0>
8.721499999999985,12.0,96568,<entities.dtn.DTN object at 0x10573ddc0>,<entities.dtn.DTN object at 0x10577b4c0>
8.731574999999983,13.0,96568,<entities.dtn.DTN object at 0x10573ddc0>,<entities.dtn.DTN object at 0x10577b4c0>
11.674589999999975,2.0,56333,<entities.dtn.DTN object at 0x10573ddc0>,<entities.dtn.DTN object at 0x10577b4c0>
11.731574999999975,3.0,56333,<entities.dtn.DTN object at 0x10573ddc0>,<entities.dtn.DTN object at 0x10577b4c0>
11.741649999999975,4.0,56333,<entities.dtn.DTN object at 0x10573ddc0>,<entities.dtn.DTN object at 0x10577b4c0>
11.784664999999976,5.0,56333,<entities.dtn.DTN object at 0x10573ddc0>,<entities.dtn.DTN object at 0x10577b4c0>
11.794739999999976,6.0,56333,<entities.dtn.DTN object at 0x10573ddc0>,<entities.dtn.DTN object at 0x10577b4c0>
11.804814999999977,7.0,56333,<entities.dtn.DTN object at 0x10573ddc0>,<entities.dtn.DTN object at 0x10577b4c0>
11.814889999999977,8.0,56333,<entities.dtn.DTN object at 0x10573ddc0>,<entities.dtn.DTN object at 0x10577b4c0>
11.824964999999978,9.0,56333,<entities.dtn.DTN object at 0x10573ddc0>,<entities.dtn.DTN object at 0x10577b4c0>
11.835039999999978,10.0,56333,<entities.dtn.DTN object at 0x10573ddc0>,<entities.dtn.DTN object at 0x10577b4c0>
11.845114999999979,11.0,56333,<entities.dtn.DTN object at 0x10573ddc0>,<entities.dtn.DTN object at 0x10577b4c0>
11.851724999999975,12.0,56333,<entities.dtn.DTN object at 0x10573ddc0>,<entities.dtn.DTN object at 0x10577b4c0>
11.855189999999979,13.0,56333,<entities.dtn.DTN object at 0x10573ddc0>,<entities.dtn.DTN object at 0x10577b4c0>
11.861799999999976,14.0,56333,<entities.dtn.DTN object at 0x10573ddc0>,<entities.dtn.DTN object at 0x10577b4c0>
11.86526499999998,15.0,56333,<entities.dtn.DTN object at 0x10573ddc0>,<entities.dtn.DTN object at 0x10577b4c0>
11.871874999999976,16.0,56333,<entities.dtn.DTN object at 0x10573ddc0>,<entities.dtn.DTN object at 0x10577b4c0>
11.87533999999998,17.0,56333,<entities.dtn.DTN object at 0x10573ddc0>,<entities.dtn.DTN object at 0x10577b4c0>
11.881949999999977,18.0,56333,<entities.dtn.DTN object at 0x10573ddc0>,<entities.dtn.DTN object at 0x10577b4c0>
11.88541499999998,19.0,56333,<entities.dtn.DTN object at 0x10573ddc0>,<entities.dtn.DTN object at 0x10577b4c0>
11.892024999999977,20.0,56333,<entities.dtn.DTN object at 0x10573ddc0>,<entities.dtn.DTN object at 0x10577b4c0>
11.895489999999981,21.0,56333,<entities.dtn.DTN object at 0x10573ddc0>,<entities.dtn.DTN object at 0x10577b4c0>
11.902099999999978,22.0,56333,<entities.dtn.DTN object at 0x10573ddc0>,<entities.dtn.DTN object at 0x10577b4c0>
11.905564999999982,23.0,56333,<entities.dtn.DTN object at 0x10573ddc0>,<entities.dtn.DTN object at 0x10577b4c0>
11.912174999999978,24.0,56333,<entities.dtn.DTN object at 0x10573ddc0>,<entities.dtn.DTN object at 0x10577b4c0>
11.915639999999982,25.0,56333,<entities.dtn.DTN object at 0x10573ddc0>,<entities.dtn.DTN object at 0x10577b4c0>
11.922249999999979,26.0,56333,<entities.dtn.DTN object at 0x10573ddc0>,<entities.dtn.DTN object at 0x10577b4c0>
11.925714999999983,27.0,56333,<entities.dtn.DTN object at 0x10573ddc0>,<entities.dtn.DTN object at 0x10577b4c0>
11.93232499999998,28.0,56333,<entities.dtn.DTN object at 0x10573ddc0>,<entities.dtn.DTN object at 0x10577b4c0>
11.935789999999983,29.0,56333,<entities.dtn.DTN object at 0x10573ddc0>,<entities.dtn.DTN object at 0x10577b4c0>
11.94239999999998,30.0,56333,<entities.dtn.DTN object at 0x10573ddc0>,<entities.dtn.DTN object at 0x10577b4c0>
11.945864999999984,31.0,56333,<entities.dtn.DTN object at 0x10573ddc0>,<entities.dtn.DTN object at 0x10577b4c0>
11.95247499999998,32.0,56333,<entities.dtn.DTN object at 0x10573ddc0>,<entities.dtn.DTN object at 0x10577b4c0>
11.955939999999984,33.0,56333,<entities.dtn.DTN object at 0x10573ddc0>,<entities.dtn.DTN object at 0x10577b4c0>
11.96254999999998,34.0,56333,<entities.dtn.DTN object at 0x10573ddc0>,<entities.dtn.DTN object at 0x10577b4c0>
11.966014999999985,35.0,56333,<entities.dtn.DTN object at 0x10573ddc0>,<entities.dtn.DTN object at 0x10577b4c0>
11.972624999999981,36.0,56333,<entities.dtn.DTN object at 0x10573ddc0>,<entities.dtn.DTN object at 0x10577b4c0>
11.976089999999985,37.0,56333,<entities.dtn.DTN object at 0x10573ddc0>,<entities.dtn.DTN object at 0x10577b4c0>
11.982699999999982,38.0,56333,<entities.dtn.DTN object at 0x10573ddc0>,<entities.dtn.DTN object at 0x10577b4c0>
11.986164999999986,39.0,56333,<entities.dtn.DTN object at 0x10573ddc0>,<entities.dtn.DTN object at 0x10577b4c0>
11.992774999999982,40.0,56333,<entities.dtn.DTN object at 0x10573ddc0>,<entities.dtn.DTN object at 0x10577b4c0>
11.996239999999986,41.0,56333,<entities.dtn.DTN object at 0x10573ddc0>,<entities.dtn.DTN object at 0x10577b4c0>
12.002849999999983,42.0,56333,<entities.dtn.DTN object at 0x10573ddc0>,<entities.dtn.DTN object at 0x10577b4c0>
12.006314999999987,43.0,56333,<entities.dtn.DTN object at 0x10573ddc0>,<entities.dtn.DTN object at 0x10577b4c0>
12.012924999999983,44.0,56333,<entities.dtn.DTN object at 0x10573ddc0>,<entities.dtn.DTN object at 0x10577b4c0>
12.016389999999987,45.0,56333,<entities.dtn.DTN object at 0x10573ddc0>,<entities.dtn.DTN object at 0x10577b4c0>
12.022999999999984,46.0,56333,<entities.dtn.DTN object at 0x10573ddc0>,<entities.dtn.DTN object at 0x10577b4c0>
12.026464999999988,47.0,56333,<entities.dtn.DTN object at 0x10573ddc0>,<entities.dtn.DTN object at 0x10577b4c0>
12.033074999999984,48.0,56333,<entities.dtn.DTN object at 0x10573ddc0>,<entities.dtn.DTN object at 0x10577b4c0>
12.036539999999988,49.0,56333,<entities.dtn.DTN object at 0x10573ddc0>,<entities.dtn.DTN object at 0x10577b4c0>
12.043149999999985,50.0,56333,<entities.dtn.DTN object at 0x10573ddc0>,<entities.dtn.DTN object at 0x10577b4c0>
12.046614999999989,51.0,56333,<entities.dtn.DTN object at 0x10573ddc0>,<entities.dtn.DTN object at 0x10577b4c0>
12.053224999999985,52.0,56333,<entities.dtn.DTN object at 0x10573ddc0>,<entities.dtn.DTN object at 0x10577b4c0>
12.056689999999989,53.0,56333,<entities.dtn.DTN object at 0x10573ddc0>,<entities.dtn.DTN object at 0x10577b4c0>
12.063299999999986,54.0,56333,<entities.dtn.DTN object at 0x10573ddc0>,<entities.dtn.DTN object at 0x10577b4c0>
12.06676499999999,55.0,56333,<entities.dtn.DTN object at 0x10573ddc0>,<entities.dtn.DTN object at 0x10577b4c0>
12.073374999999986,56.0,56333,<entities.dtn.DTN object at 0x10573ddc0>,<entities.dtn.DTN object at 0x10577b4c0>
12.07683999999999,57.0,56333,<entities.dtn.DTN object at 0x10573ddc0>,<entities.dtn.DTN object at 0x10577b4c0>
12.083449999999987,58.0,56333,<entities.dtn.DTN object at 0x10573ddc0>,<entities.dtn.DTN object at 0x10577b4c0>
12.08691499999999,59.0,56333,<entities.dtn.DTN object at 0x10573ddc0>,<entities.dtn.DTN object at 0x10577b4c0>
12.093524999999987,60.0,56333,<entities.dtn.DTN object at 0x10573ddc0>,<entities.dtn.DTN object at 0x10577b4c0>
12.096989999999991,61.0,56333,<entities.dtn.DTN object at 0x10573ddc0>,<entities.dtn.DTN object at 0x10577b4c0>
12.103599999999988,62.0,56333,<entities.dtn.DTN object at 0x10573ddc0>,<entities.dtn.DTN object at 0x10577b4c0>
12.107064999999992,63.0,56333,<entities.dtn.DTN object at 0x10573ddc0>,<entities.dtn.DTN object at 0x10577b4c0>
12.113674999999988,64.0,56333,<entities.dtn.DTN object at 0x10573ddc0>,<entities.dtn.DTN object at 0x10577b4c0>
12.117139999999992,64.00768984375,56333,<entities.dtn.DTN object at 0x10573ddc0>,<entities.dtn.DTN object at 0x10577b4c0>
12.123749999999989,64.01537876364698,56333,<entities.dtn.DTN object at 0x10573ddc0>,<entities.dtn.DTN object at 0x10577b4c0>
12.127214999999993,64.02306676002387,56333,<entities.dtn.DTN object at 0x10573ddc0>,<entities.dtn.DTN object at 0x10577b4c0>
12.13382499999999,64.03075383321335,56333,<entities.dtn.DTN object at 0x10573ddc0>,<entities.dtn.DTN object at 0x10577b4c0>
12.137289999999993,64.03843998354795,56333,<entities.dtn.DTN object at 0x10573ddc0>,<entities.dtn.DTN object at 0x10577b4c0>
12.14389999999999,64.04612521135996,56333,<entities.dtn.DTN object at 0x10573ddc0>,<entities.dtn.DTN object at 0x10577b4c0>
12.147364999999994,64.0538095169815,56333,<entities.dtn.DTN object at 0x10573ddc0>,<entities.dtn.DTN object at 0x10577b4c0>
12.15397499999999,64.06149290074448,56333,<entities.dtn.DTN object at 0x10573ddc0>,<entities.dtn.DTN object at 0x10577b4c0>
12.157439999999994,64.0691753629806,56333,<entities.dtn.DTN object at 0x10573ddc0>,<entities.dtn.DTN object at 0x10577b4c0>
12.16404999999999,64.07685690402138,56333,<entities.dtn.DTN object at 0x10573ddc0>,<entities.dtn.DTN object at 0x10577b4c0>
12.167514999999995,64.08453752419813,56333,<entities.dtn.DTN object at 0x10573ddc0>,<entities.dtn.DTN object at 0x10577b4c0>
12.174124999999991,64.09221722384196,56333,<entities.dtn.DTN object at 0x10573ddc0>,<entities.dtn.DTN object at 0x10577b4c0>
12.177539999999995,64.09989600328379,56333,<entities.dtn.DTN object at 0x10573ddc0>,<entities.dtn.DTN object at 0x10577b4c0>
9.631574999999984,2.0,86909,<entities.dtn.DTN object at 0x10577b4c0>,<entities.dtn.DTN object at 0x105761940>
9.741649999999984,3.0,86909,<entities.dtn.DTN object at 0x10577b4c0>,<entities.dtn.DTN object at 0x105761940>
9.751724999999984,4.0,86909,<entities.dtn.DTN object at 0x10577b4c0>,<entities.dtn.DTN object at 0x105761940>
9.854679999999982,5.0,86909,<entities.dtn.DTN object at 0x10577b4c0>,<entities.dtn.DTN object at 0x105761940>
9.861799999999985,6.0,86909,<entities.dtn.DTN object at 0x10577b4c0>,<entities.dtn.DTN object at 0x105761940>
9.864754999999983,7.0,86909,<entities.dtn.DTN object at 0x10577b4c0>,<entities.dtn.DTN object at 0x105761940>
9.871874999999985,8.0,86909,<entities.dtn.DTN object at 0x10577b4c0>,<entities.dtn.DTN object at 0x105761940>
9.974829999999983,9.0,86909,<entities.dtn.DTN object at 0x10577b4c0>,<entities.dtn.DTN object at 0x105761940>
9.981949999999985,10.0,86909,<entities.dtn.DTN object at 0x10577b4c0>,<entities.dtn.DTN object at 0x105761940>
9.984904999999983,11.0,86909,<entities.dtn.DTN object at 0x10577b4c0>,<entities.dtn.DTN object at 0x105761940>
9.992024999999986,12.0,86909,<entities.dtn.DTN object at 0x10577b4c0>,<entities.dtn.DTN object at 0x105761940>
9.994979999999984,13.0,86909,<entities.dtn.DTN object at 0x10577b4c0>,<entities.dtn.DTN object at 0x105761940>
10.002099999999986,14.0,86909,<entities.dtn.DTN object at 0x10577b4c0>,<entities.dtn.DTN object at 0x105761940>
10.005054999999984,15.0,86909,<entities.dtn.DTN object at 0x10577b4c0>,<entities.dtn.DTN object at 0x105761940>
10.012174999999987,16.0,86909,<entities.dtn.DTN object at 0x10577b4c0>,<entities.dtn.DTN object at 0x105761940>
10.015129999999985,17.0,86909,<entities.dtn.DTN object at 0x10577b4c0>,<entities.dtn.DTN object at 0x105761940>
10.022249999999987,18.0,86909,<entities.dtn.DTN object at 0x10577b4c0>,<entities.dtn.DTN object at 0x105761940>
10.025204999999985,19.0,86909,<entities.dtn.DTN object at 0x10577b4c0>,<entities.dtn.DTN object at 0x105761940>
10.032324999999988,20.0,86909,<entities.dtn.DTN object at 0x10577b4c0>,<entities.dtn.DTN object at 0x105761940>
10.035279999999986,21.0,86909,<entities.dtn.DTN object at 0x10577b4c0>,<entities.dtn.DTN object at 0x105761940>
10.042399999999988,22.0,86909,<entities.dtn.DTN object at 0x10577b4c0>,<entities.dtn.DTN object at 0x105761940>
10.045354999999986,23.0,86909,<entities.dtn.DTN object at 0x10577b4c0>,<entities.dtn.DTN object at 0x105761940>
10.052474999999989,24.0,86909,<entities.dtn.DTN object at 0x10577b4c0>,<entities.dtn.DTN object at 0x105761940>
10.055429999999987,25.0,86909,<entities.dtn.DTN object at 0x10577b4c0>,<entities.dtn.DTN object at 0x105761940>
10.06254999999999,26.0,86909,<entities.dtn.DTN object at 0x10577b4c0>,<entities.dtn.DTN object at 0x105761940>
10.065504999999987,27.0,86909,<entities.dtn.DTN object at 0x10577b4c0>,<entities.dtn.DTN object at 0x105761940>
10.07262499999999,28.0,86909,<entities.dtn.DTN object at 0x10577b4c0>,<entities.dtn.DTN object at 0x105761940>
10.075579999999988,29.0,86909,<entities.dtn.DTN object at 0x10577b4c0>,<entities.dtn.DTN object at 0x105761940>
10.08269999999999,30.0,86909,<entities.dtn.DTN object at 0x10577b4c0>,<entities.dtn.DTN object at 0x105761940>
10.085654999999988,31.0,86909,<entities.dtn.DTN object at 0x10577b4c0>,<entities.dtn.DTN object at 0x105761940>
10.09277499999999,32.0,86909,<entities.dtn.DTN object at 0x10577b4c0>,<entities.dtn.DTN object at 0x105761940>
10.095729999999989,33.0,86909,<entities.dtn.DTN object at 0x10577b4c0>,<entities.dtn.DTN object at 0x105761940>
10.102849999999991,34.0,86909,<entities.dtn.DTN object at 0x10577b4c0>,<entities.dtn.DTN object at 0x105761940>
10.10580499999999,35.0,86909,<entities.dtn.DTN object at 0x10577b4c0>,<entities.dtn.DTN object at 0x105761940>
10.112924999999992,36.0,86909,<entities.dtn.DTN object at 0x10577b4c0>,<entities.dtn.DTN object at 0x105761940>
10.11587999999999,37.0,86909,<entities.dtn.DTN object at 0x10577b4c0>,<entities.dtn.DTN object at 0x105761940>
10.122999999999992,38.0,86909,<entities.dtn.DTN object at 0x10577b4c0>,<entities.dtn.DTN object at 0x105761940>
10.12595499999999,39.0,86909,<entities.dtn.DTN object at 0x10577b4c0>,<entities.dtn.DTN object at 0x105761940>
10.133074999999993,40.0,86909,<entities.dtn.DTN object at 0x10577b4c0>,<entities.dtn.DTN object at 0x105761940>
10.136029999999991,41.0,86909,<entities.dtn.DTN object at 0x10577b4c0>,<entities.dtn.DTN object at 0x105761940>
10.143149999999993,42.0,86909,<entities.dtn.DTN object at 0x10577b4c0>,<entities.dtn.DTN object at 0x105761940>
10.146104999999991,43.0,86909,<entities.dtn.DTN object at 0x10577b4c0>,<entities.dtn.DTN object at 0x105761940>
10.153224999999994,44.0,86909,<entities.dtn.DTN object at 0x10577b4c0>,<entities.dtn.DTN object at 0x105761940>
10.156179999999992,45.0,86909,<entities.dtn.DTN object at 0x10577b4c0>,<entities.dtn.DTN object at 0x105761940>
10.163299999999994,46.0,86909,<entities.dtn.DTN object at 0x10577b4c0>,<entities.dtn.DTN object at 0x105761940>
10.166254999999992,47.0,86909,<entities.dtn.DTN object at 0x10577b4c0>,<entities.dtn.DTN object at 0x105761940>
10.173374999999995,48.0,86909,<entities.dtn.DTN object at 0x10577b4c0>,<entities.dtn.DTN object at 0x105761940>
10.176329999999993,49.0,86909,<entities.dtn.DTN object at 0x10577b4c0>,<entities.dtn.DTN object at 0x105761940>
10.183449999999995,50.0,86909,<entities.dtn.DTN object at 0x10577b4c0>,<entities.dtn.DTN object at 0x105761940>
10.186404999999993,51.0,86909,<entities.dtn.DTN object at 0x10577b4c0>,<entities.dtn.DTN object at 0x105761940>
10.193524999999996,52.0,86909,<entities.dtn.DTN object at 0x10577b4c0>,<entities.dtn.DTN object at 0x105761940>
10.196479999999994,53.0,86909,<entities.dtn.DTN object at 0x10577b4c0>,<entities.dtn.DTN object at 0x105761940>
10.203599999999996,54.0,86909,<entities.dtn.DTN object at 0x10577b4c0>,<entities.dtn.DTN object at 0x105761940>
10.206554999999994,55.0,86909,<entities.dtn.DTN object at 0x10577b4c0>,<entities.dtn.DTN object at 0x105761940>
10.213674999999997,56.0,86909,<entities.dtn.DTN object at 0x10577b4c0>,<entities.dtn.DTN object at 0x105761940>
10.216629999999995,57.0,86909,<entities.dtn.DTN object at 0x10577b4c0>,<entities.dtn.DTN object at 0x105761940>
10.223749999999997,58.0,86909,<entities.dtn.DTN object at 0x10577b4c0>,<entities.dtn.DTN object at 0x105761940>
10.226704999999995,59.0,86909,<entities.dtn.DTN object at 0x10577b4c0>,<entities.dtn.DTN object at 0x105761940>
10.233824999999998,60.0,86909,<entities.dtn.DTN object at 0x10577b4c0>,<entities.dtn.DTN object at 0x105761940>
10.236779999999996,61.0,86909,<entities.dtn.DTN object at 0x10577b4c0>,<entities.dtn.DTN object at 0x105761940>
10.15172499999998,2.0,77622,<entities.dtn.DTN object at 0x10577b4c0>,<entities.dtn.DTN object at 0x10573ddc0>
10.26179999999998,3.0,77622,<entities.dtn.DTN object at 0x10577b4c0>,<entities.dtn.DTN object at 0x10573ddc0>
10.265239999999979,4.0,77622,<entities.dtn.DTN object at 0x10577b4c0>,<entities.dtn.DTN object at 0x10573ddc0>
10.37187499999998,5.0,77622,<entities.dtn.DTN object at 0x10577b4c0>,<entities.dtn.DTN object at 0x10573ddc0>
10.37531499999998,6.0,77622,<entities.dtn.DTN object at 0x10577b4c0>,<entities.dtn.DTN object at 0x10573ddc0>
10.38194999999998,7.0,77622,<entities.dtn.DTN object at 0x10577b4c0>,<entities.dtn.DTN object at 0x10573ddc0>
10.38538999999998,8.0,77622,<entities.dtn.DTN object at 0x10577b4c0>,<entities.dtn.DTN object at 0x10573ddc0>
10.49202499999998,9.0,77622,<entities.dtn.DTN object at 0x10577b4c0>,<entities.dtn.DTN object at 0x10573ddc0>
10.49546499999998,10.0,77622,<entities.dtn.DTN object at 0x10577b4c0>,<entities.dtn.DTN object at 0x10573ddc0>
10.502099999999981,11.0,77622,<entities.dtn.DTN object at 0x10577b4c0>,<entities.dtn.DTN object at 0x10573ddc0>
10.50553999999998,12.0,77622,<entities.dtn.DTN object at 0x10577b4c0>,<entities.dtn.DTN object at 0x10573ddc0>
10.512174999999981,13.0,77622,<entities.dtn.DTN object at 0x10577b4c0>,<entities.dtn.DTN object at 0x10573ddc0>
10.51561499999998,14.0,77622,<entities.dtn.DTN object at 0x10577b4c0>,<entities.dtn.DTN object at 0x10573ddc0>
10.522249999999982,15.0,77622,<entities.dtn.DTN object at 0x10577b4c0>,<entities.dtn.DTN object at 0x10573ddc0>
10.525689999999981,16.0,77622,<entities.dtn.DTN object at 0x10577b4c0>,<entities.dtn.DTN object at 0x10573ddc0>
10.532324999999982,17.0,77622,<entities.dtn.DTN object at 0x10577b4c0>,<entities.dtn.DTN object at 0x10573ddc0>
10.535764999999982,18.0,77622,<entities.dtn.DTN object at 0x10577b4c0>,<entities.dtn.DTN object at 0x10573ddc0>
10.542399999999983,19.0,77622,<entities.dtn.DTN object at 0x10577b4c0>,<entities.dtn.DTN object at 0x10573ddc0>
10.545839999999982,20.0,77622,<entities.dtn.DTN object at 0x10577b4c0>,<entities.dtn.DTN object at 0x10573ddc0>
10.552474999999983,21.0,77622,<entities.dtn.DTN object at 0x10577b4c0>,<entities.dtn.DTN object at 0x10573ddc0>
10.555914999999983,22.0,77622,<entities.dtn.DTN object at 0x10577b4c0>,<entities.dtn.DTN object at 0x10573ddc0>
10.562549999999984,23.0,77622,<entities.dtn.DTN object at 0x10577b4c0>,<entities.dtn.DTN object at 0x10573ddc0>
10.565989999999983,24.0,77622,<entities.dtn.DTN object at 0x10577b4c0>,<entities.dtn.DTN object at 0x10573ddc0>
10.572624999999984,25.0,77622,<entities.dtn.DTN object at 0x10577b4c0>,<entities.dtn.DTN object at 0x10573ddc0>
10.576064999999984,26.0,77622,<entities.dtn.DTN object at 0x10577b4c0>,<entities.dtn.DTN object at 0x10573ddc0>
10.582699999999985,27.0,77622,<entities.dtn.DTN object at 0x10577b4c0>,<entities.dtn.DTN object at 0x10573ddc0>
10.586139999999984,28.0,77622,<entities.dtn.DTN object at 0x10577b4c0>,<entities.dtn.DTN object at 0x10573ddc0>
10.592774999999985,29.0,77622,<entities.dtn.DTN object at 0x10577b4c0>,<entities.dtn.DTN object at 0x10573ddc0>
10.596214999999985,30.0,77622,<entities.dtn.DTN object at 0x10577b4c0>,<entities.dtn.DTN object at 0x10573ddc0>
10.602849999999986,31.0,77622,<entities.dtn.DTN object at 0x10577b4c0>,<entities.dtn.DTN object at 0x10573ddc0>
10.606289999999985,32.0,77622,<entities.dtn.DTN object at 0x10577b4c0>,<entities.dtn.DTN object at 0x10573ddc0>
10.612924999999986,33.0,77622,<entities.dtn.DTN object at 0x10577b4c0>,<entities.dtn.DTN object at 0x10573ddc0>
10.616364999999986,34.0,77622,<entities.dtn.DTN object at 0x10577b4c0>,<entities.dtn.DTN object at 0x10573ddc0>
10.622999999999987,35.0,77622,<entities.dtn.DTN object at 0x10577b4c0>,<entities.dtn.DTN object at 0x10573ddc0>
10.626439999999986,36.0,77622,<entities.dtn.DTN object at 0x10577b4c0>,<entities.dtn.DTN object at 0x10573ddc0>
10.633074999999987,37.0,77622,<entities.dtn.DTN object at 0x10577b4c0>,<entities.dtn.DTN object at 0x10573ddc0>
10.636514999999987,38.0,77622,<entities.dtn.DTN object at 0x10577b4c0>,<entities.dtn.DTN object at 0x10573ddc0>
10.643149999999988,39.0,77622,<entities.dtn.DTN object at 0x10577b4c0>,<entities.dtn.DTN object at 0x10573ddc0>
10.646589999999987,40.0,77622,<entities.dtn.DTN object at 0x10577b4c0>,<entities.dtn.DTN object at 0x10573ddc0>
10.653224999999988,41.0,77622,<entities.dtn.DTN object at 0x10577b4c0>,<entities.dtn.DTN object at 0x10573ddc0>
10.656664999999988,42.0,77622,<entities.dtn.DTN object at 0x10577b4c0>,<entities.dtn.DTN object at 0x10573ddc0>
10.663299999999989,43.0,77622,<entities.dtn.DTN object at 0x10577b4c0>,<entities.dtn.DTN object at 0x10573ddc0>
10.666739999999988,44.0,77622,<entities.dtn.DTN object at 0x10577b4c0>,<entities.dtn.DTN object at 0x10573ddc0>
10.67337499999999,45.0,77622,<entities.dtn.DTN object at 0x10577b4c0>,<entities.dtn.DTN object at 0x10573ddc0>
10.676814999999989,46.0,77622,<entities.dtn.DTN object at 0x10577b4c0>,<entities.dtn.DTN object at 0x10573ddc0>
10.68344999999999,47.0,77622,<entities.dtn.DTN object at 0x10577b4c0>,<entities.dtn.DTN object at 0x10573ddc0>
10.68688999999999,48.0,77622,<entities.dtn.DTN object at 0x10577b4c0>,<entities.dtn.DTN object at 0x10573ddc0>
10.69352499999999,49.0,77622,<entities.dtn.DTN object at 0x10577b4c0>,<entities.dtn.DTN object at 0x10573ddc0>
10.69696499999999,50.0,77622,<entities.dtn.DTN object at 0x10577b4c0>,<entities.dtn.DTN object at 0x10573ddc0>
10.703599999999991,51.0,77622,<entities.dtn.DTN object at 0x10577b4c0>,<entities.dtn.DTN object at 0x10573ddc0>
10.70703999999999,52.0,77622,<entities.dtn.DTN object at 0x10577b4c0>,<entities.dtn.DTN object at 0x10573ddc0>
10.713674999999991,53.0,77622,<entities.dtn.DTN object at 0x10577b4c0>,<entities.dtn.DTN object at 0x10573ddc0>
10.71711499999999,54.0,77622,<entities.dtn.DTN object at 0x10577b4c0>,<entities.dtn.DTN object at 0x10573ddc0>
10.723749999999992,55.0,77622,<entities.dtn.DTN object at 0x10577b4c0>,<entities.dtn.DTN object at 0x10573ddc0>
10.727189999999991,56.0,77622,<entities.dtn.DTN object at 0x10577b4c0>,<entities.dtn.DTN object at 0x10573ddc0>
10.733824999999992,57.0,77622,<entities.dtn.DTN object at 0x10577b4c0>,<entities.dtn.DTN object at 0x10573ddc0>
10.737264999999992,58.0,77622,<entities.dtn.DTN object at 0x10577b4c0>,<entities.dtn.DTN object at 0x10573ddc0>
10.743899999999993,59.0,77622,<entities.dtn.DTN object at 0x10577b4c0>,<entities.dtn.DTN object at 0x10573ddc0>
10.747339999999992,60.0,77622,<entities.dtn.DTN object at 0x10577b4c0>,<entities.dtn.DTN object at 0x10573ddc0>
10.753974999999993,61.0,77622,<entities.dtn.DTN object at 0x10577b4c0>,<entities.dtn.DTN object at 0x10573ddc0>
10.757414999999993,62.0,77622,<entities.dtn.DTN object at 0x10577b4c0>,<entities.dtn.DTN object at 0x10573ddc0>
10.764049999999994,63.0,77622,<entities.dtn.DTN object at 0x10577b4c0>,<entities.dtn.DTN object at 0x10573ddc0>
10.767489999999993,64.0,77622,<entities.dtn.DTN object at 0x10577b4c0>,<entities.dtn.DTN object at 0x10573ddc0>
10.774124999999994,64.0113108948869,77622,<entities.dtn.DTN object at 0x10577b4c0>,<entities.dtn.DTN object at 0x10573ddc0>
10.777564999999994,64.02261979112167,77622,<entities.dtn.DTN object at 0x10577b4c0>,<entities.dtn.DTN object at 0x10573ddc0>
10.784199999999995,64.03392668976349,77622,<entities.dtn.DTN object at 0x10577b4c0>,<entities.dtn.DTN object at 0x10573ddc0>
10.787639999999994,64.0452315918706,77622,<entities.dtn.DTN object at 0x10577b4c0>,<entities.dtn.DTN object at 0x10573ddc0>
10.794274999999995,64.05653449850033,77622,<entities.dtn.DTN object at 0x10577b4c0>,<entities.dtn.DTN object at 0x10573ddc0>
10.797714999999995,64.06783541070904,77622,<entities.dtn.DTN object at 0x10577b4c0>,<entities.dtn.DTN object at 0x10573ddc0>
10.804349999999996,64.07913432955219,77622,<entities.dtn.DTN object at 0x10577b4c0>,<entities.dtn.DTN object at 0x10573ddc0>
10.807789999999995,64.09043125608429,77622,<entities.dtn.DTN object at 0x10577b4c0>,<entities.dtn.DTN object at 0x10573ddc0>
10.814424999999996,64.10172619135894,77622,<entities.dtn.DTN object at 0x10577b4c0>,<entities.dtn.DTN object at 0x10573ddc0>
10.817864999999996,64.11301913642879,77622,<entities.dtn.DTN object at 0x10577b4c0>,<entities.dtn.DTN object at 0x10573ddc0>
10.824499999999997,64.12431009234558,77622,<entities.dtn.DTN object at 0x10577b4c0>,<entities.dtn.DTN object at 0x10573ddc0>
10.827939999999996,64.13559906016012,77622,<entities.dtn.DTN object at 0x10577b4c0>,<entities.dtn.DTN object at 0x10573ddc0>
10.834574999999997,64.14688604092228,77622,<entities.dtn.DTN object at 0x10577b4c0>,<entities.dtn.DTN object at 0x10573ddc0>
10.838014999999997,64.15817103568104,77622,<entities.dtn.DTN object at 0x10577b4c0>,<entities.dtn.DTN object at 0x10573ddc0>
10.844649999999998,64.1694540454844,77622,<entities.dtn.DTN object at 0x10577b4c0>,<entities.dtn.DTN object at 0x10573ddc0>
10.848089999999997,64.1807350713795,77622,<entities.dtn.DTN object at 0x10577b4c0>,<entities.dtn.DTN object at 0x10573ddc0>
10.854724999999998,64.19201411441253,77622,<entities.dtn.DTN object at 0x10577b4c0>,<entities.dtn.DTN object at 0x10573ddc0>
10.858164999999998,64.20329117562876,77622,<entities.dtn.DTN object at 0x10577b4c0>,<entities.dtn.DTN object at 0x10573ddc0>
10.864799999999999,64.21456625607256,77622,<entities.dtn.DTN object at 0x10577b4c0>,<entities.dtn.DTN object at 0x10573ddc0>
10.868239999999998,64.22583935678736,77622,<entities.dtn.DTN object at 0x10577b4c0>,<entities.dtn.DTN object at 0x10573ddc0>
10.874875,64.23711047881568,77622,<entities.dtn.DTN object at 0x10577b4c0>,<entities.dtn.DTN object at 0x10573ddc0>
10.878314999999999,64.24837962319914,77622,<entities.dtn.DTN object at 0x10577b4c0>,<entities.dtn.DTN object at 0x10573ddc0>
10.88495,64.25964679097842,77622,<entities.dtn.DTN object at 0x10577b4c0>,<entities.dtn.DTN object at 0x10573ddc0>
10.88839,64.27091198319332,77622,<entities.dtn.DTN object at 0x10577b4c0>,<entities.dtn.DTN object at 0x10573ddc0>
10.895025,64.28217520088269,77622,<entities.dtn.DTN object at 0x10577b4c0>,<entities.dtn.DTN object at 0x10573ddc0>
10.898465,64.29343644508452,77622,<entities.dtn.DTN object at 0x10577b4c0>,<entities.dtn.DTN object at 0x10573ddc0>
10.905100000000001,64.30469571683585,77622,<entities.dtn.DTN object at 0x10577b4c0>,<entities.dtn.DTN object at 0x10573ddc0>
10.90854,64.31595301717282,77622,<entities.dtn.DTN object at 0x10577b4c0>,<entities.dtn.DTN object at 0x10573ddc0>
10.915175000000001,64.32720834713066,77622,<entities.dtn.DTN object at 0x10577b4c0>,<entities.dtn.DTN object at 0x10573ddc0>
10.918615,64.33846170774372,77622,<entities.dtn.DTN object at 0x10577b4c0>,<entities.dtn.DTN object at 0x10573ddc0>
10.925250000000002,64.34971310004542,77622,<entities.dtn.DTN object at 0x10577b4c0>,<entities.dtn.DTN object at 0x10573ddc0>
10.928690000000001,64.36096252506829,77622,<entities.dtn.DTN object at 0x10577b4c0>,<entities.dtn.DTN object at 0x10573ddc0>
10.935325000000002,64.37220998384393,77622,<entities.dtn.DTN object at 0x10577b4c0>,<entities.dtn.DTN object at 0x10573ddc0>
10.938765000000002,64.38345547740309,77622,<entities.dtn.DTN object at 0x10577b4c0>,<entities.dtn.DTN object at 0x10573ddc0>
10.945400000000003,64.39469900677557,77622,<entities.dtn.DTN object at 0x10577b4c0>,<entities.dtn.DTN object at 0x10573ddc0>
10.948840000000002,64.40594057299029,77622,<entities.dtn.DTN object at 0x10577b4c0>,<entities.dtn.DTN object at 0x10573ddc0>
10.955475000000003,64.41718017707528,77622,<entities.dtn.DTN object at 0x10577b4c0>,<entities.dtn.DTN object at 0x10573ddc0>
10.958915000000003,64.42841782005766,77622,<entities.dtn.DTN object at 0x10577b4c0>,<entities.dtn.DTN object at 0x10573ddc0>
10.965550000000004,64.43965350296367,77622,<entities.dtn.DTN object at 0x10577b4c0>,<entities.dtn.DTN object at 0x10573ddc0>
10.968990000000003,64.45088722681862,77622,<entities.dtn.DTN object at 0x10577b4c0>,<entities.dtn.DTN object at 0x10573ddc0>
10.975625000000004,64.46211899264698,77622,<entities.dtn.DTN object at 0x10577b4c0>,<entities.dtn.DTN object at 0x10573ddc0>
10.979065000000004,64.47334880147228,77622,<entities.dtn.DTN object at 0x10577b4c0>,<entities.dtn.DTN object at 0x10573ddc0>
10.985700000000005,64.4845766543172,77622,<entities.dtn.DTN object at 0x10577b4c0>,<entities.dtn.DTN object at 0x10573ddc0>
10.989140000000004,64.49580255220349,77622,<entities.dtn.DTN object at 0x10577b4c0>,<entities.dtn.DTN object at 0x10573ddc0>
10.995775000000005,64.50702649615202,77622,<entities.dtn.DTN object at 0x10577b4c0>,<entities.dtn.DTN object at 0x10573ddc0>
10.999215000000005,64.5182484871828,77622,<entities.dtn.DTN object at 0x10577b4c0>,<entities.dtn.DTN object at 0x10573ddc0>
11.005850000000006,64.52946852631491,77622,<entities.dtn.DTN object at 0x10577b4c0>,<entities.dtn.DTN object at 0x10573ddc0>
11.009290000000005,64.54068661456658,77622,<entities.dtn.DTN object at 0x10577b4c0>,<entities.dtn.DTN object at 0x10573ddc0>
11.015925000000006,64.55190275295514,77622,<entities.dtn.DTN object at 0x10577b4c0>,<entities.dtn.DTN object at 0x10573ddc0>
11.019365000000006,64.56311694249705,77622,<entities.dtn.DTN object at 0x10577b4c0>,<entities.dtn.DTN object at 0x10573ddc0>
11.026000000000007,64.57432918420784,77622,<entities.dtn.DTN object at 0x10577b4c0>,<entities.dtn.DTN object at 0x10573ddc0>
11.029440000000006,64.58553947910222,77622,<entities.dtn.DTN object at 0x10577b4c0>,<entities.dtn.DTN object at 0x10573ddc0>
11.036075000000007,64.59674782819398,77622,<entities.dtn.DTN object at 0x10577b4c0>,<entities.dtn.DTN object at 0x10573ddc0>
11.039515000000007,64.60795423249606,77622,<entities.dtn.DTN object at 0x10577b4c0>,<entities.dtn.DTN object at 0x10573ddc0>
11.046150000000008,64.61915869302048,77622,<entities.dtn.DTN object at 0x10577b4c0>,<entities.dtn.DTN object at 0x10573ddc0>
11.049590000000007,64.63036121077842,77622,<entities.dtn.DTN object at 0x10577b4c0>,<entities.dtn.DTN object at 0x10573ddc0>
11.056225000000008,64.64156178678016,77622,<entities.dtn.DTN object at 0x10577b4c0>,<entities.dtn.DTN object at 0x10573ddc0>
11.059665000000008,64.65276042203513,77622,<entities.dtn.DTN object at 0x10577b4c0>,<entities.dtn.DTN object at 0x10573ddc0>
11.066300000000009,64.66395711755186,77622,<entities.dtn.DTN object at 0x10577b4c0>,<entities.dtn.DTN object at 0x10573ddc0>
11.069740000000008,64.67515187433803,77622,<entities.dtn.DTN object at 0x10577b4c0>,<entities.dtn.DTN object at 0x10573ddc0>
11.07637500000001,64.68634469340041,77622,<entities.dtn.DTN object at 0x10577b4c0>,<entities.dtn.DTN object at 0x10573ddc0>
11.079815000000009,64.69753557574495,77622,<entities.dtn.DTN object at 0x10577b4c0>,<entities.dtn.DTN object at 0x10573ddc0>
11.08645000000001,64.70872452237668,77622,<entities.dtn.DTN object at 0x10577b4c0>,<entities.dtn.DTN object at 0x10573ddc0>
11.08989000000001,64.71991153429981,77622,<entities.dtn.DTN object at 0x10577b4c0>,<entities.dtn.DTN object at 0x10573ddc0>
11.09652500000001,64.73109661251763,77622,<entities.dtn.DTN object at 0x10577b4c0>,<entities.dtn.DTN object at 0x10573ddc0>
11.09996500000001,64.74227975803261,77622,<entities.dtn.DTN object at 0x10577b4c0>,<entities.dtn.DTN object at 0x10573ddc0>
11.106600000000011,64.75346097184632,77622,<entities.dtn.DTN object at 0x10577b4c0>,<entities.dtn.DTN object at 0x10573ddc0>
11.11004000000001,64.76464025495949,77622,<entities.dtn.DTN object at 0x10577b4c0>,<entities.dtn.DTN object at 0x10573ddc0>
11.116675000000011,64.77581760837197,77622,<entities.dtn.DTN object at 0x10577b4c0>,<entities.dtn.DTN object at 0x10573ddc0>
11.12011500000001,64.78699303308275,77622,<entities.dtn.DTN object at 0x10577b4c0>,<entities.dtn.DTN object at 0x10573ddc0>
11.126750000000012,64.79816653008997,77622,<entities.dtn.DTN object at 0x10577b4c0>,<entities.dtn.DTN object at 0x10573ddc0>
11.130190000000011,64.80933810039089,77622,<entities.dtn.DTN object at 0x10577b4c0>,<entities.dtn.DTN object at 0x10573ddc0>
11.136825000000012,64.82050774498192,77622,<entities.dtn.DTN object at 0x10577b4c0>,<entities.dtn.DTN object at 0x10573ddc0>
11.140265000000012,64.83167546485863,77622,<entities.dtn.DTN object at 0x10577b4c0>,<entities.dtn.DTN object at 0x10573ddc0>
11.146900000000013,64.8428412610157,77622,<entities.dtn.DTN object at 0x10577b4c0>,<entities.dtn.DTN object at 0x10573ddc0>
11.150340000000012,64.85400513444698,77622,<entities.dtn.DTN object at 0x10577b4c0>,<entities.dtn.DTN object at 0x10573ddc0>
11.156975000000013,64.86516708614543,77622,<entities.dtn.DTN object at 0x10577b4c0>,<entities.dtn.DTN object at 0x10573ddc0>
11.160415000000013,64.8763271171032,77622,<entities.dtn.DTN object at 0x10577b4c0>,<entities.dtn.DTN object at 0x10573ddc0>
11.167050000000014,64.88748522831155,77622,<entities.dtn.DTN object at 0x10577b4c0>,<entities.dtn.DTN object at 0x10573ddc0>
11.170490000000013,64.8986414207609,77622,<entities.dtn.DTN object at 0x10577b4c0>,<entities.dtn.DTN object at 0x10573ddc0>
11.177125000000014,64.90979569544083,77622,<entities.dtn.DTN object at 0x10577b4c0>,<entities.dtn.DTN object at 0x10573ddc0>
11.180565000000014,64.92094805334007,77622,<entities.dtn.DTN object at 0x10577b4c0>,<entities.dtn.DTN object at 0x10573ddc0>
11.187200000000015,64.93209849544648,77622,<entities.dtn.DTN object at 0x10577b4c0>,<entities.dtn.DTN object at 0x10573ddc0>
11.190640000000014,64.94324702274709,77622,<entities.dtn.DTN object at 0x10577b4c0>,<entities.dtn.DTN object at 0x10573ddc0>
11.197275000000015,64.95439363622806,77622,<entities.dtn.DTN object at 0x10577b4c0>,<entities.dtn.DTN object at 0x10573ddc0>
11.200715000000015,64.96553833687473,77622,<entities.dtn.DTN object at 0x10577b4c0>,<entities.dtn.DTN object at 0x10573ddc0>
11.207350000000016,64.97668112567159,77622,<entities.dtn.DTN object at 0x10577b4c0>,<entities.dtn.DTN object at 0x10573ddc0>
11.210790000000015,64.98782200360228,77622,<entities.dtn.DTN object at 0x10577b4c0>,<entities.dtn.DTN object at 0x10573ddc0>
11.217425000000016,64.99896097164958,77622,<entities.dtn.DTN object at 0x10577b4c0>,<entities.dtn.DTN object at 0x10573ddc0>
11.220865000000016,65.01009803079546,77622,<entities.dtn.DTN object at 0x10577b4c0>,<entities.dtn.DTN object at 0x10573ddc0>
11.227500000000017,65.02123318202102,77622,<entities.dtn.DTN object at 0x10577b4c0>,<entities.dtn.DTN object at 0x10573ddc0>
11.230915000000016,65.03236642630655,77622,<entities.dtn.DTN object at 0x10577b4c0>,<entities.dtn.DTN object at 0x10573ddc0>
16.646854999999988,2.0,17483,<entities.dtn.DTN object at 0x10577b4c0>,<entities.dtn.DTN object at 0x105761940>
16.75389999999999,3.0,17483,<entities.dtn.DTN object at 0x10577b4c0>,<entities.dtn.DTN object at 0x105761940>
16.75692999999999,4.0,17483,<entities.dtn.DTN object at 0x10577b4c0>,<entities.dtn.DTN object at 0x105761940>
16.863974999999993,5.0,17483,<entities.dtn.DTN object at 0x10577b4c0>,<entities.dtn.DTN object at 0x105761940>
16.867004999999992,6.0,17483,<entities.dtn.DTN object at 0x10577b4c0>,<entities.dtn.DTN object at 0x105761940>
16.874049999999993,7.0,17483,<entities.dtn.DTN object at 0x10577b4c0>,<entities.dtn.DTN object at 0x105761940>
16.877079999999992,8.0,17483,<entities.dtn.DTN object at 0x10577b4c0>,<entities.dtn.DTN object at 0x105761940>
16.984124999999995,9.0,17483,<entities.dtn.DTN object at 0x10577b4c0>,<entities.dtn.DTN object at 0x105761940>
16.987154999999994,10.0,17483,<entities.dtn.DTN object at 0x10577b4c0>,<entities.dtn.DTN object at 0x105761940>
16.994199999999996,11.0,17483,<entities.dtn.DTN object at 0x10577b4c0>,<entities.dtn.DTN object at 0x105761940>
16.997229999999995,12.0,17483,<entities.dtn.DTN object at 0x10577b4c0>,<entities.dtn.DTN object at 0x105761940>
17.004274999999996,13.0,17483,<entities.dtn.DTN object at 0x10577b4c0>,<entities.dtn.DTN object at 0x105761940>
17.007304999999995,14.0,17483,<entities.dtn.DTN object at 0x10577b4c0>,<entities.dtn.DTN object at 0x105761940>
17.014349999999997,15.0,17483,<entities.dtn.DTN object at 0x10577b4c0>,<entities.dtn.DTN object at 0x105761940>
17.017379999999996,16.0,17483,<entities.dtn.DTN object at 0x10577b4c0>,<entities.dtn.DTN object at 0x105761940>
17.024424999999997,17.0,17483,<entities.dtn.DTN object at 0x10577b4c0>,<entities.dtn.DTN object at 0x105761940>
17.027454999999996,18.0,17483,<entities.dtn.DTN object at 0x10577b4c0>,<entities.dtn.DTN object at 0x105761940>
17.034499999999998,19.0,17483,<entities.dtn.DTN object at 0x10577b4c0>,<entities.dtn.DTN object at 0x105761940>
17.037529999999997,20.0,17483,<entities.dtn.DTN object at 0x10577b4c0>,<entities.dtn.DTN object at 0x105761940>
17.044575,21.0,17483,<entities.dtn.DTN object at 0x10577b4c0>,<entities.dtn.DTN object at 0x105761940>
17.047604999999997,22.0,17483,<entities.dtn.DTN object at 0x10577b4c0>,<entities.dtn.DTN object at 0x105761940>
17.05465,23.0,17483,<entities.dtn.DTN object at 0x10577b4c0>,<entities.dtn.DTN object at 0x105761940>
17.057679999999998,24.0,17483,<entities.dtn.DTN object at 0x10577b4c0>,<entities.dtn.DTN object at 0x105761940>
17.064725,25.0,17483,<entities.dtn.DTN object at 0x10577b4c0>,<entities.dtn.DTN object at 0x105761940>
17.067755,26.0,17483,<entities.dtn.DTN object at 0x10577b4c0>,<entities.dtn.DTN object at 0x105761940>
17.0748,27.0,17483,<entities.dtn.DTN object at 0x10577b4c0>,<entities.dtn.DTN object at 0x105761940>
17.07783,28.0,17483,<entities.dtn.DTN object at 0x10577b4c0>,<entities.dtn.DTN object at 0x105761940>
17.084875,29.0,17483,<entities.dtn.DTN object at 0x10577b4c0>,<entities.dtn.DTN object at 0x105761940>
17.087905,30.0,17483,<entities.dtn.DTN object at 0x10577b4c0>,<entities.dtn.DTN object at 0x105761940>
17.09495,31.0,17483,<entities.dtn.DTN object at 0x10577b4c0>,<entities.dtn.DTN object at 0x105761940>
17.09798,32.0,17483,<entities.dtn.DTN object at 0x10577b4c0>,<entities.dtn.DTN object at 0x105761940>
17.105025,33.0,17483,<entities.dtn.DTN object at 0x10577b4c0>,<entities.dtn.DTN object at 0x105761940>
17.108055,34.0,17483,<entities.dtn.DTN object at 0x10577b4c0>,<entities.dtn.DTN object at 0x105761940>
17.1151,35.0,17483,<entities.dtn.DTN object at 0x10577b4c0>,<entities.dtn.DTN object at 0x105761940>
17.11813,36.0,17483,<entities.dtn.DTN object at 0x10577b4c0>,<entities.dtn.DTN object at 0x105761940>
17.125175000000002,37.0,17483,<entities.dtn.DTN object at 0x10577b4c0>,<entities.dtn.DTN object at 0x105761940>
17.128205,38.0,17483,<entities.dtn.DTN object at 0x10577b4c0>,<entities.dtn.DTN object at 0x105761940>
17.135250000000003,39.0,17483,<entities.dtn.DTN object at 0x10577b4c0>,<entities.dtn.DTN object at 0x105761940>
17.13828,40.0,17483,<entities.dtn.DTN object at 0x10577b4c0>,<entities.dtn.DTN object at 0x105761940>
17.145325000000003,41.0,17483,<entities.dtn.DTN object at 0x10577b4c0>,<entities.dtn.DTN object at 0x105761940>
17.148355000000002,42.0,17483,<entities.dtn.DTN object at 0x10577b4c0>,<entities.dtn.DTN object at 0x105761940>
17.155400000000004,43.0,17483,<entities.dtn.DTN object at 0x10577b4c0>,<entities.dtn.DTN object at 0x105761940>
17.158430000000003,44.0,17483,<entities.dtn.DTN object at 0x10577b4c0>,<entities.dtn.DTN object at 0x105761940>
17.165475000000004,45.0,17483,<entities.dtn.DTN object at 0x10577b4c0>,<entities.dtn.DTN object at 0x105761940>
17.168505000000003,46.0,17483,<entities.dtn.DTN object at 0x10577b4c0>,<entities.dtn.DTN object at 0x105761940>
17.175550000000005,47.0,17483,<entities.dtn.DTN object at 0x10577b4c0>,<entities.dtn.DTN object at 0x105761940>
17.178580000000004,48.0,17483,<entities.dtn.DTN object at 0x10577b4c0>,<entities.dtn.DTN object at 0x105761940>
17.185625000000005,49.0,17483,<entities.dtn.DTN object at 0x10577b4c0>,<entities.dtn.DTN object at 0x105761940>
17.188655000000004,50.0,17483,<entities.dtn.DTN object at 0x10577b4c0>,<entities.dtn.DTN object at 0x105761940>
17.195700000000006,51.0,17483,<entities.dtn.DTN object at 0x10577b4c0>,<entities.dtn.DTN object at 0x105761940>
17.198730000000005,52.0,17483,<entities.dtn.DTN object at 0x10577b4c0>,<entities.dtn.DTN object at 0x105761940>
17.205775000000006,53.0,17483,<entities.dtn.DTN object at 0x10577b4c0>,<entities.dtn.DTN object at 0x105761940>
17.208805000000005,54.0,17483,<entities.dtn.DTN object at 0x10577b4c0>,<entities.dtn.DTN object at 0x105761940>
17.215850000000007,55.0,17483,<entities.dtn.DTN object at 0x10577b4c0>,<entities.dtn.DTN object at 0x105761940>
17.218880000000006,56.0,17483,<entities.dtn.DTN object at 0x10577b4c0>,<entities.dtn.DTN object at 0x105761940>
17.225925000000007,57.0,17483,<entities.dtn.DTN object at 0x10577b4c0>,<entities.dtn.DTN object at 0x105761940>
17.228955000000006,58.0,17483,<entities.dtn.DTN object at 0x10577b4c0>,<entities.dtn.DTN object at 0x105761940>
17.236000000000008,59.0,17483,<entities.dtn.DTN object at 0x10577b4c0>,<entities.dtn.DTN object at 0x105761940>
17.239030000000007,60.0,17483,<entities.dtn.DTN object at 0x10577b4c0>,<entities.dtn.DTN object at 0x105761940>
17.24607500000001,61.0,17483,<entities.dtn.DTN object at 0x10577b4c0>,<entities.dtn.DTN object at 0x105761940>
17.249105000000007,62.0,17483,<entities.dtn.DTN object at 0x10577b4c0>,<entities.dtn.DTN object at 0x105761940>
17.25615000000001,63.0,17483,<entities.dtn.DTN object at 0x10577b4c0>,<entities.dtn.DTN object at 0x105761940>
17.259180000000008,64.0,17483,<entities.dtn.DTN object at 0x10577b4c0>,<entities.dtn.DTN object at 0x105761940>
17.26622500000001,64.01116319489762,17483,<entities.dtn.DTN object at 0x10577b4c0>,<entities.dtn.DTN object at 0x105761940>
17.26925500000001,64.02232444299543,17483,<entities.dtn.DTN object at 0x10577b4c0>,<entities.dtn.DTN object at 0x105761940>
17.27630000000001,64.03348374531167,17483,<entities.dtn.DTN object at 0x10577b4c0>,<entities.dtn.DTN object at 0x105761940>
17.27933000000001,64.04464110286368,17483,<entities.dtn.DTN object at 0x10577b4c0>,<entities.dtn.DTN object at 0x105761940>
17.28637500000001,64.05579651666794,17483,<entities.dtn.DTN object at 0x10577b4c0>,<entities.dtn.DTN object at 0x105761940>
17.28940500000001,64.06694998774002,17483,<entities.dtn.DTN object at 0x10577b4c0>,<entities.dtn.DTN object at 0x105761940>
17.29645000000001,64.07810151709461,17483,<entities.dtn.DTN object at 0x10577b4c0>,<entities.dtn.DTN object at 0x105761940>
17.29948000000001,64.08925110574553,17483,<entities.dtn.DTN object at 0x10577b4c0>,<entities.dtn.DTN object at 0x105761940>
17.30652500000001,64.10039875470571,17483,<entities.dtn.DTN object at 0x10577b4c0>,<entities.dtn.DTN object at 0x105761940>
17.30955500000001,64.11154446498719,17483,<entities.dtn.DTN object at 0x10577b4c0>,<entities.dtn.DTN object at 0x105761940>
17.31660000000001,64.12268823760115,17483,<entities.dtn.DTN object at 0x10577b4c0>,<entities.dtn.DTN object at 0x105761940>
17.31963000000001,64.13383007355787,17483,<entities.dtn.DTN object at 0x10577b4c0>,<entities.dtn.DTN object at 0x105761940>
17.326675000000012,64.14496997386678,17483,<entities.dtn.DTN object at 0x10577b4c0>,<entities.dtn.DTN object at 0x105761940>
17.32970500000001,64.1561079395364,17483,<entities.dtn.DTN object at 0x10577b4c0>,<entities.dtn.DTN object at 0x105761940>
17.336750000000013,64.1672439715744,17483,<entities.dtn.DTN object at 0x10577b4c0>,<entities.dtn.DTN object at 0x105761940>
17.33978000000001,64.17837807098755,17483,<entities.dtn.DTN object at 0x10577b4c0>,<entities.dtn.DTN object at 0x105761940>
17.346825000000013,64.18951023878178,17483,<entities.dtn.DTN object at 0x10577b4c0>,<entities.dtn.DTN object at 0x105761940>
17.349855000000012,64.20064047596212,17483,<entities.dtn.DTN object at 0x10577b4c0>,<entities.dtn.DTN object at 0x105761940>
17.356900000000014,64.21176878353275,17483,<entities.dtn.DTN object at 0x10577b4c0>,<entities.dtn.DTN object at 0x105761940>
17.359930000000013,64.22289516249695,17483,<entities.dtn.DTN object at 0x10577b4c0>,<entities.dtn.DTN object at 0x105761940>
17.366975000000014,64.23401961385717,17483,<entities.dtn.DTN object at 0x10577b4c0>,<entities.dtn.DTN object at 0x105761940>
17.370005000000013,64.24514213861497,17483,<entities.dtn.DTN object at 0x10577b4c0>,<entities.dtn.DTN object at 0x105761940>
17.377050000000015,64.25626273777102,17483,<entities.dtn.DTN object at 0x10577b4c0>,<entities.dtn.DTN object at 0x105761940>
17.380080000000014,64.26738141232518,17483,<entities.dtn.DTN object at 0x10577b4c0>,<entities.dtn.DTN object at 0x105761940>
17.387125000000015,64.2784981632764,17483,<entities.dtn.DTN object at 0x10577b4c0>,<entities.dtn.DTN object at 0x105761940>
17.390155000000014,64.28961299162277,17483,<entities.dtn.DTN object at 0x10577b4c0>,<entities.dtn.DTN object at 0x105761940>
17.397200000000016,64.30072589836155,17483,<entities.dtn.DTN object at 0x10577b4c0>,<entities.dtn.DTN object at 0x105761940>
17.400230000000015,64.3118368844891,17483,<entities.dtn.DTN object at 0x10577b4c0>,<entities.dtn.DTN object at 0x105761940>
17.407275000000016,64.32294595100092,17483,<entities.dtn.DTN object at 0x10577b4c0>,<entities.dtn.DTN object at 0x105761940>
17.410305000000015,64.33405309889169,17483,<entities.dtn.DTN object at 0x10577b4c0>,<entities.dtn.DTN object at 0x105761940>
17.417350000000017,64.34515832915518,17483,<entities.dtn.DTN object at 0x10577b4c0>,<entities.dtn.DTN object at 0x105761940>
17.420380000000016,64.35626164278436,17483,<entities.dtn.DTN object at 0x10577b4c0>,<entities.dtn.DTN object at 0x105761940>
17.427425000000017,64.3673630407713,17483,<entities.dtn.DTN object at 0x10577b4c0>,<entities.dtn.DTN object at 0x105761940>
17.430455000000016,64.3784625241072,17483,<entities.dtn.DTN object at 0x10577b4c0>,<entities.dtn.DTN object at 0x105761940>
17.437500000000018,64.38956009378246,17483,<entities.dtn.DTN object at 0x10577b4c0>,<entities.dtn.DTN object at 0x105761940>
17.440530000000017,64.4006557507866,17483,<entities.dtn.DTN object at 0x10577b4c0>,<entities.dtn.DTN object at 0x105761940>
17.44757500000002,64.41174949610827,17483,<entities.dtn.DTN object at 0x10577b4c0>,<entities.dtn.DTN object at 0x105761940>
17.450605000000017,64.42284133073528,17483,<entities.dtn.DTN object at 0x10577b4c0>,<entities.dtn.DTN object at 0x105761940>
17.45765000000002,64.43393125565461,17483,<entities.dtn.DTN object at 0x10577b4c0>,<entities.dtn.DTN object at 0x105761940>
17.460680000000018,64.44501927185236,17483,<entities.dtn.DTN object at 0x10577b4c0>,<entities.dtn.DTN object at 0x105761940>
17.46770000000002,64.4561053803138,17483,<entities.dtn.DTN object at 0x10577b4c0>,<entities.dtn.DTN object at 0x105761940>
17.47075500000002,64.46718958202335,17483,<entities.dtn.DTN object at 0x10577b4c0>,<entities.dtn.DTN object at 0x105761940>
